momentum_window,top_n,holding_months,trades,avg_return,median_return,win_rate,best_return,worst_return,avg_available_universe_size
6,1,1,125,0.04805195442446811,0.018279587653664775,0.568,0.8128573411078648,-0.41011952536559404,92.216
6,1,2,124,0.11189075131452943,0.07107998303499519,0.6290322580645161,1.3292620693396717,-0.4006435912172921,92.14516129032258
6,1,3,123,0.16592889510391454,0.08005111182962232,0.6178861788617886,1.6447501455040907,-0.4876768436876804,92.07317073170732
6,2,1,124,0.042838674805552895,0.019108258645428117,0.6129032258064516,0.46168217379401333,-0.2784487430528717,92.25
6,2,2,123,0.09783953995801117,0.05592204323197969,0.6747967479674797,1.3247770236926342,-0.33450250298786166,92.17886178861788
6,2,3,122,0.1434044118465961,0.1094372510882898,0.7049180327868853,1.4433400889780097,-0.3818732726538773,92.10655737704919
6,3,1,124,0.04066140907046235,0.022365071387726292,0.5887096774193549,0.5471292019726576,-0.24198133835770888,92.25
6,3,2,123,0.09009183235902052,0.07237054331154624,0.6910569105691057,1.2756186810098293,-0.30378353396489605,92.17886178861788
6,3,3,122,0.12168720774818934,0.08799593609262576,0.7377049180327869,1.0005067971344614,-0.3310735342848313,92.10655737704919
