momentum_window,top_n,holding_months,trades,avg_return,median_return,win_rate,best_return,worst_return,avg_available_universe_size
6,1,1,126,0.04889069379857367,0.018315975574565768,0.5714285714285714,0.8128573411078648,-0.41011952536559404,91.23809523809524
6,1,2,125,0.11669214325108276,0.07198209576511427,0.632,1.3292620693396717,-0.4006435912172921,91.16
6,1,3,124,0.17273833043287115,0.0817876240205182,0.6209677419354839,1.6447501455040907,-0.4876768436876804,91.08064516129032
6,2,1,126,0.041950807704859386,0.019108395372646608,0.6111111111111112,0.46168217379401333,-0.2784487430528717,91.23809523809524
6,2,2,125,0.10001485268719557,0.05592204323197969,0.672,1.3247770236926342,-0.33450250298786166,91.16
6,2,3,124,0.15234527307472187,0.10943738354587376,0.7016129032258065,1.4433400889780097,-0.3818732726538773,91.08064516129032
6,3,1,126,0.03944089964163814,0.022365080684233356,0.5873015873015873,0.5471292104358152,-0.24198133835770888,91.23809523809524
6,3,2,125,0.09136456417100716,0.07237046247949992,0.688,1.2756186705782733,-0.30378353396489605,91.16
6,3,3,124,0.13013432936887684,0.08799602269045614,0.7338709677419355,1.3270162913736405,-0.3310735342848313,91.08064516129032
