decision_month,decision_date,sell_date,universe_asof_date,raw_universe_size,available_universe_size,momentum_window,holding_months,top_n,stock_1,mom_1,stock_1_return,stock_2,mom_2,stock_2_return,stock_3,mom_3,stock_3_return,avg_momentum,holding_return
2016-01,2016-01-04,2016-02-01,2016-01-04,104,74,6,1,1,NVDA,0.08399931028592739,-0.09484036054053846,,,,,,,0.08399931028592739,-0.09484036054053846
2016-01,2016-01-04,2016-03-01,2016-01-04,104,74,6,2,1,NVDA,0.08399931028592739,0.0154252870501832,,,,,,,0.08399931028592739,0.0154252870501832
2016-01,2016-01-04,2016-04-01,2016-01-04,104,74,6,3,1,NVDA,0.08399931028592739,0.12084376122678941,,,,,,,0.08399931028592739,0.12084376122678941
2016-01,2016-01-04,2016-02-01,2016-01-04,104,74,6,1,2,NVDA,0.08399931028592739,-0.09484036054053846,AMZN,0.07090585581991386,-0.09761538157961003,,,,0.07745258305292063,-0.09622787106007424
2016-01,2016-01-04,2016-03-01,2016-01-04,104,74,6,2,2,NVDA,0.08399931028592739,0.0154252870501832,AMZN,0.07090585581991386,-0.09097476984348896,,,,0.07745258305292063,-0.03777474139665288
2016-01,2016-01-04,2016-04-01,2016-01-04,104,74,6,3,2,NVDA,0.08399931028592739,0.12084376122678941,AMZN,0.07090585581991386,-0.060424853747184426,,,,0.07745258305292063,0.030209453739802494
2016-01,2016-01-04,2016-02-01,2016-01-04,104,74,6,1,3,NVDA,0.08399931028592739,-0.09484036054053846,AMZN,0.07090585581991386,-0.09761538157961003,GOOG,0.06495259377072883,0.013695502788403813,0.0732859199588567,-0.059586746443914894
2016-01,2016-01-04,2016-03-01,2016-01-04,104,74,6,2,3,NVDA,0.08399931028592739,0.0154252870501832,AMZN,0.07090585581991386,-0.09097476984348896,GOOG,0.06495259377072883,-0.031044371630901457,0.0732859199588567,-0.03553128480806907
2016-01,2016-01-04,2016-04-01,2016-01-04,104,74,6,3,3,NVDA,0.08399931028592739,0.12084376122678941,AMZN,0.07090585581991386,-0.060424853747184426,GOOG,0.06495259377072883,0.010878289340154668,0.0732859199588567,0.02376573227325322
2016-02,2016-02-01,2016-03-01,2016-02-01,105,75,6,1,1,NVDA,0.06909125810670741,0.12181900604468998,,,,,,,0.06909125810670741,0.12181900604468998
2016-02,2016-02-01,2016-04-01,2016-02-01,105,75,6,2,1,NVDA,0.06909125810670741,0.23828296398205384,,,,,,,0.06909125810670741,0.23828296398205384
2016-02,2016-02-01,2016-05-02,2016-02-01,105,75,6,3,1,NVDA,0.06909125810670741,0.23314483958554288,,,,,,,0.06909125810670741,0.23314483958554288
2016-02,2016-02-01,2016-03-01,2016-02-01,105,75,6,1,2,NVDA,0.06909125810670741,0.12181900604468998,KLAC,0.05244146068906844,0.03611288802351775,,,,0.06076635939788792,0.07896594703410387
2016-02,2016-02-01,2016-04-01,2016-02-01,105,75,6,2,2,NVDA,0.06909125810670741,0.23828296398205384,KLAC,0.05244146068906844,0.0972460180862098,,,,0.06076635939788792,0.16776449103413182
2016-02,2016-02-01,2016-05-02,2016-02-01,105,75,6,3,2,NVDA,0.06909125810670741,0.23314483958554288,KLAC,0.05244146068906844,0.05248502915219855,,,,0.06076635939788792,0.14281493436887072
2016-02,2016-02-01,2016-03-01,2016-02-01,105,75,6,1,3,NVDA,0.06909125810670741,0.12181900604468998,KLAC,0.05244146068906844,0.03611288802351775,TCOM,0.0502266242713029,-0.001667827658356602,0.05725311435569291,0.05208802213661704
2016-02,2016-02-01,2016-04-01,2016-02-01,105,75,6,2,3,NVDA,0.06909125810670741,0.23828296398205384,KLAC,0.05244146068906844,0.0972460180862098,TCOM,0.0502266242713029,0.06838221265136002,0.05725311435569291,0.13463706490654123
2016-02,2016-02-01,2016-05-02,2016-02-01,105,75,6,3,3,NVDA,0.06909125810670741,0.23314483958554288,KLAC,0.05244146068906844,0.05248502915219855,TCOM,0.0502266242713029,0.06123423630691205,0.05725311435569291,0.11562136834821783
2016-03,2016-03-01,2016-04-01,2016-03-01,105,75,6,1,1,NVDA,0.07821722264563978,0.10381706613083042,,,,,,,0.07821722264563978,0.10381706613083042
2016-03,2016-03-01,2016-05-02,2016-03-01,105,75,6,2,1,NVDA,0.07821722264563978,0.09923689377787026,,,,,,,0.07821722264563978,0.09923689377787026
2016-03,2016-03-01,2016-06-01,2016-03-01,105,75,6,3,1,NVDA,0.07821722264563978,0.4330247967607199,,,,,,,0.07821722264563978,0.4330247967607199
2016-03,2016-03-01,2016-04-01,2016-03-01,105,75,6,1,2,NVDA,0.07821722264563978,0.10381706613083042,MAT,0.07490319920358313,0.06166720038322948,,,,0.07656021092461146,0.08274213325702995
2016-03,2016-03-01,2016-05-02,2016-03-01,105,75,6,2,2,NVDA,0.07821722264563978,0.09923689377787026,MAT,0.07490319920358313,-0.02912912067947193,,,,0.07656021092461146,0.035053886549199165
2016-03,2016-03-01,2016-06-01,2016-03-01,105,75,6,3,2,NVDA,0.07821722264563978,0.4330247967607199,MAT,0.07490319920358313,-0.0013699256810054683,,,,0.07656021092461146,0.21582743553985723
2016-03,2016-03-01,2016-04-01,2016-03-01,105,75,6,1,3,NVDA,0.07821722264563978,0.10381706613083042,MAT,0.07490319920358313,0.06166720038322948,TCOM,0.06658032070255039,0.07016706688457264,0.0732335808505911,0.07855044446621084
2016-03,2016-03-01,2016-05-02,2016-03-01,105,75,6,2,3,NVDA,0.07821722264563978,0.09923689377787026,MAT,0.07490319920358313,-0.02912912067947193,TCOM,0.06658032070255039,0.06300714903109705,0.0732335808505911,0.044371640709831794
2016-03,2016-03-01,2016-06-01,2016-03-01,105,75,6,3,3,NVDA,0.07821722264563978,0.4330247967607199,MAT,0.07490319920358313,-0.0013699256810054683,TCOM,0.06658032070255039,0.05775653040716833,0.0732335808505911,0.16313713382896092
2016-04,2016-04-01,2016-05-02,2016-04-01,105,76,6,1,1,MAT,0.10541444097430473,-0.0855223944282415,,,,,,,0.10541444097430473,-0.0855223944282415
2016-04,2016-04-01,2016-06-01,2016-04-01,105,76,6,2,1,MAT,0.10541444097430473,-0.05937559909685497,,,,,,,0.10541444097430473,-0.05937559909685497
2016-04,2016-04-01,2016-07-01,2016-04-01,105,76,6,3,1,MAT,0.10541444097430473,-0.06765006193046363,,,,,,,0.10541444097430473,-0.06765006193046363
2016-04,2016-04-01,2016-05-02,2016-04-01,105,76,6,1,2,MAT,0.10541444097430473,-0.0855223944282415,TCOM,0.08273172371688355,-0.006690467381246568,,,,0.09407308234559414,-0.046106430904744033
2016-04,2016-04-01,2016-06-01,2016-04-01,105,76,6,2,2,MAT,0.10541444097430473,-0.05937559909685497,TCOM,0.08273172371688355,-0.011596821525757917,,,,0.09407308234559414,-0.03548621031130644
2016-04,2016-04-01,2016-07-01,2016-04-01,105,76,6,3,2,MAT,0.10541444097430473,-0.06765006193046363,TCOM,0.08273172371688355,-0.08273865741674769,,,,0.09407308234559414,-0.07519435967360566
2016-04,2016-04-01,2016-05-02,2016-04-01,105,76,6,1,3,MAT,0.10541444097430473,-0.0855223944282415,TCOM,0.08273172371688355,-0.006690467381246568,NVDA,0.0753438265646267,-0.004149394400119966,0.08782999708527166,-0.03212075206986934
2016-04,2016-04-01,2016-06-01,2016-04-01,105,76,6,2,3,MAT,0.10541444097430473,-0.05937559909685497,TCOM,0.08273172371688355,-0.011596821525757917,NVDA,0.0753438265646267,0.29824482763602256,0.08782999708527166,0.07575746900446989
2016-04,2016-04-01,2016-07-01,2016-04-01,105,76,6,3,3,MAT,0.10541444097430473,-0.06765006193046363,TCOM,0.08273172371688355,-0.08273865741674769,NVDA,0.0753438265646267,0.29408449707781803,0.08782999708527166,0.047898592576868904
2016-05,2016-05-02,2016-06-01,2016-05-02,107,78,6,1,1,MAT,0.04804419510587952,0.028592056461611115,,,,,,,0.04804419510587952,0.028592056461611115
2016-05,2016-05-02,2016-07-01,2016-05-02,107,78,6,2,1,MAT,0.04804419510587952,0.01954376180333428,,,,,,,0.04804419510587952,0.01954376180333428
2016-05,2016-05-02,2016-08-01,2016-05-02,107,78,6,3,1,MAT,0.04804419510587952,0.05735261345708098,,,,,,,0.04804419510587952,0.05735261345708098
2016-05,2016-05-02,2016-06-01,2016-05-02,107,78,6,1,2,MAT,0.04804419510587952,0.028592056461611115,NVDA,0.0434152195491172,0.30365420308600055,,,,0.045729707327498356,0.16612312977380583
2016-05,2016-05-02,2016-07-01,2016-05-02,107,78,6,2,2,MAT,0.04804419510587952,0.01954376180333428,NVDA,0.0434152195491172,0.2994765377466313,,,,0.045729707327498356,0.1595101497749828
2016-05,2016-05-02,2016-08-01,2016-05-02,107,78,6,3,2,MAT,0.04804419510587952,0.05735261345708098,NVDA,0.0434152195491172,0.5799255411889277,,,,0.045729707327498356,0.31863907732300434
2016-05,2016-05-02,2016-06-01,2016-05-02,107,78,6,1,3,MAT,0.04804419510587952,0.028592056461611115,NVDA,0.0434152195491172,0.30365420308600055,ISRG,0.03896532105267551,0.0068365327135571086,0.0434749119025574,0.11302759742038959
2016-05,2016-05-02,2016-07-01,2016-05-02,107,78,6,2,3,MAT,0.04804419510587952,0.01954376180333428,NVDA,0.0434152195491172,0.2994765377466313,ISRG,0.03896532105267551,0.05202410587887596,0.0434749119025574,0.12368146847628052
2016-05,2016-05-02,2016-08-01,2016-05-02,107,78,6,3,3,MAT,0.04804419510587952,0.05735261345708098,NVDA,0.0434152195491172,0.5799255411889277,ISRG,0.03896532105267551,0.09553799696313114,0.0434749119025574,0.24427205053637993
2016-06,2016-06-01,2016-07-01,2016-06-01,107,78,6,1,1,NVDA,0.06978288594459248,-0.003204580884624053,,,,,,,0.06978288594459248,-0.003204580884624053
2016-06,2016-06-01,2016-08-01,2016-06-01,107,78,6,2,1,NVDA,0.06978288594459248,0.21192072057830957,,,,,,,0.06978288594459248,0.21192072057830957
2016-06,2016-06-01,2016-09-01,2016-06-01,107,78,6,3,1,NVDA,0.06978288594459248,0.35155710350149394,,,,,,,0.06978288594459248,0.35155710350149394
2016-06,2016-06-01,2016-07-01,2016-06-01,107,78,6,1,2,NVDA,0.06978288594459248,-0.003204580884624053,ULTA,0.06393264282505784,0.029829360469239452,,,,0.06685776438482516,0.0133123897923077
2016-06,2016-06-01,2016-08-01,2016-06-01,107,78,6,2,2,NVDA,0.06978288594459248,0.21192072057830957,ULTA,0.06393264282505784,0.10093804034024756,,,,0.06685776438482516,0.15642938045927857
2016-06,2016-06-01,2016-09-01,2016-06-01,107,78,6,3,2,NVDA,0.06978288594459248,0.35155710350149394,ULTA,0.06393264282505784,0.03735005860334484,,,,0.06685776438482516,0.1944535810524194
2016-06,2016-06-01,2016-07-01,2016-06-01,107,78,6,1,3,NVDA,0.06978288594459248,-0.003204580884624053,ULTA,0.06393264282505784,0.029829360469239452,MAT,0.05106985260494681,-0.008796776721573418,0.06159512712486571,0.005942667621013993
2016-06,2016-06-01,2016-08-01,2016-06-01,107,78,6,2,3,NVDA,0.06978288594459248,0.21192072057830957,ULTA,0.06393264282505784,0.10093804034024756,MAT,0.05106985260494681,0.027961091877772404,0.06159512712486571,0.11360661759877651
2016-06,2016-06-01,2016-09-01,2016-06-01,107,78,6,3,3,NVDA,0.06978288594459248,0.35155710350149394,ULTA,0.06393264282505784,0.03735005860334484,MAT,0.05106985260494681,0.05378081098455989,0.06159512712486571,0.14756265769646623
2016-07,2016-07-01,2016-08-01,2016-07-01,104,77,6,1,1,NVDA,0.07118265657270641,0.2158169041886755,,,,,,,0.07118265657270641,0.2158169041886755
2016-07,2016-07-01,2016-09-01,2016-07-01,104,77,6,2,1,NVDA,0.07118265657270641,0.35590220177873366,,,,,,,0.07118265657270641,0.35590220177873366
2016-07,2016-07-01,2016-10-03,2016-07-01,104,77,6,3,1,NVDA,0.07118265657270641,0.4696989899419872,,,,,,,0.07118265657270641,0.4696989899419872
2016-07,2016-07-01,2016-08-01,2016-07-01,104,77,6,1,2,NVDA,0.07118265657270641,0.2158169041886755,ULTA,0.05284358304046136,0.06904899258126362,,,,0.06201311980658389,0.14243294838496956
2016-07,2016-07-01,2016-09-01,2016-07-01,104,77,6,2,2,NVDA,0.07118265657270641,0.35590220177873366,ULTA,0.05284358304046136,0.007302858534426138,,,,0.06201311980658389,0.1816025301565799
2016-07,2016-07-01,2016-10-03,2016-07-01,104,77,6,3,2,NVDA,0.07118265657270641,0.4696989899419872,ULTA,0.05284358304046136,-0.025190773985687365,,,,0.06201311980658389,0.22225410797814993
2016-07,2016-07-01,2016-08-01,2016-07-01,104,77,6,1,3,NVDA,0.07118265657270641,0.2158169041886755,ULTA,0.05284358304046136,0.06904899258126362,AMAT,0.04976051616043899,0.09962335982007975,0.05792891859120226,0.1281630855300063
2016-07,2016-07-01,2016-09-01,2016-07-01,104,77,6,2,3,NVDA,0.07118265657270641,0.35590220177873366,ULTA,0.05284358304046136,0.007302858534426138,AMAT,0.04976051616043899,0.2722590816668147,0.05792891859120226,0.21182138065999148
2016-07,2016-07-01,2016-10-03,2016-07-01,104,77,6,3,3,NVDA,0.07118265657270641,0.4696989899419872,ULTA,0.05284358304046136,-0.025190773985687365,AMAT,0.04976051616043899,0.25671795019892674,0.05792891859120226,0.23374205538507553
2016-08,2016-08-01,2016-09-01,2016-08-01,104,78,6,1,1,NVDA,0.12295886736090873,0.1152190737827734,,,,,,,0.12295886736090873,0.1152190737827734
2016-08,2016-08-01,2016-10-03,2016-08-01,104,78,6,2,1,NVDA,0.12295886736090873,0.20881605188959718,,,,,,,0.12295886736090873,0.20881605188959718
2016-08,2016-08-01,2016-11-01,2016-08-01,104,78,6,3,1,NVDA,0.12295886736090873,0.21941188277335022,,,,,,,0.12295886736090873,0.21941188277335022
2016-08,2016-08-01,2016-09-01,2016-08-01,104,78,6,1,2,NVDA,0.12295886736090873,0.1152190737827734,AMAT,0.07376374006720533,0.15699532053864473,,,,0.09836130371405703,0.13610719716070907
2016-08,2016-08-01,2016-10-03,2016-08-01,104,78,6,2,2,NVDA,0.12295886736090873,0.20881605188959718,AMAT,0.07376374006720533,0.14286218001457396,,,,0.09836130371405703,0.17583911595208557
2016-08,2016-08-01,2016-11-01,2016-08-01,104,78,6,3,2,NVDA,0.12295886736090873,0.21941188277335022,AMAT,0.07376374006720533,0.10390114526432503,,,,0.09836130371405703,0.16165651401883763
2016-08,2016-08-01,2016-09-01,2016-08-01,104,78,6,1,3,NVDA,0.12295886736090873,0.1152190737827734,AMAT,0.07376374006720533,0.15699532053864473,ULTA,0.06548845735267882,-0.05775800218262117,0.08740368826026429,0.07148546404626566
2016-08,2016-08-01,2016-10-03,2016-08-01,104,78,6,2,3,NVDA,0.12295886736090873,0.20881605188959718,AMAT,0.07376374006720533,0.14286218001457396,ULTA,0.06548845735267882,-0.08815289778198587,0.08740368826026429,0.08784177804072842
2016-08,2016-08-01,2016-11-01,2016-08-01,104,78,6,3,3,NVDA,0.12295886736090873,0.21941188277335022,AMAT,0.07376374006720533,0.10390114526432503,ULTA,0.06548845735267882,-0.0782515795191534,0.08740368826026429,0.08168714950617395
2016-09,2016-09-01,2016-10-03,2016-09-01,104,78,6,1,1,NVDA,0.12185887865058931,0.08392698825473532,,,,,,,0.12185887865058931,0.08392698825473532
2016-09,2016-09-01,2016-11-01,2016-09-01,104,78,6,2,1,NVDA,0.12185887865058931,0.09342810882633068,,,,,,,0.12185887865058931,0.09342810882633068
2016-09,2016-09-01,2016-12-01,2016-09-01,104,78,6,3,1,NVDA,0.12185887865058931,0.3898842771101303,,,,,,,0.12185887865058931,0.3898842771101303
2016-09,2016-09-01,2016-10-03,2016-09-01,104,78,6,1,2,NVDA,0.12185887865058931,0.08392698825473532,AMAT,0.08269862823461555,-0.012215382614936487,,,,0.10227875344260243,0.03585580281989942
2016-09,2016-09-01,2016-11-01,2016-09-01,104,78,6,2,2,NVDA,0.12185887865058931,0.09342810882633068,AMAT,0.08269862823461555,-0.04588970614816423,,,,0.10227875344260243,0.023769201339083224
2016-09,2016-09-01,2016-12-01,2016-09-01,104,78,6,3,2,NVDA,0.12185887865058931,0.3898842771101303,AMAT,0.08269862823461555,-0.0030926757446059217,,,,0.10227875344260243,0.1933958006827622
2016-09,2016-09-01,2016-10-03,2016-09-01,104,78,6,1,3,NVDA,0.12185887865058931,0.08392698825473532,AMAT,0.08269862823461555,-0.012215382614936487,NTES,0.08239950899314037,0.13408384103522542,0.09565233862611507,0.06859848222500808
2016-09,2016-09-01,2016-11-01,2016-09-01,104,78,6,2,3,NVDA,0.12185887865058931,0.09342810882633068,AMAT,0.08269862823461555,-0.04588970614816423,NTES,0.08239950899314037,0.15339705094063882,0.09565233862611507,0.06697848453960176
2016-09,2016-09-01,2016-12-01,2016-09-01,104,78,6,3,3,NVDA,0.12185887865058931,0.3898842771101303,AMAT,0.08269862823461555,-0.0030926757446059217,NTES,0.08239950899314037,0.012218539744849322,0.09565233862611507,0.13300338037012457
2016-10,2016-10-03,2016-11-01,2016-10-03,104,78,6,1,1,NVDA,0.11854386567124013,0.00876546176499704,,,,,,,0.11854386567124013,0.00876546176499704
2016-10,2016-10-03,2016-12-01,2016-10-03,104,78,6,2,1,NVDA,0.11854386567124013,0.282267433296431,,,,,,,0.11854386567124013,0.282267433296431
2016-10,2016-10-03,2017-01-03,2016-10-03,104,78,6,3,1,NVDA,0.11854386567124013,0.49251584732193665,,,,,,,0.11854386567124013,0.49251584732193665
2016-10,2016-10-03,2016-11-01,2016-10-03,104,78,6,1,2,NVDA,0.11854386567124013,0.00876546176499704,NTES,0.09884026094950693,0.017029790220609797,,,,0.10869206331037354,0.012897625992803419
2016-10,2016-10-03,2016-12-01,2016-10-03,104,78,6,2,2,NVDA,0.11854386567124013,0.282267433296431,NTES,0.09884026094950693,-0.10745704760164287,,,,0.10869206331037354,0.08740519284739406
2016-10,2016-10-03,2017-01-03,2016-10-03,104,78,6,3,2,NVDA,0.11854386567124013,0.49251584732193665,NTES,0.09884026094950693,-0.1060642922837226,,,,0.10869206331037354,0.19322577751910702
2016-10,2016-10-03,2016-11-01,2016-10-03,104,78,6,1,3,NVDA,0.11854386567124013,0.00876546176499704,NTES,0.09884026094950693,0.017029790220609797,MU,0.08796323685712802,-0.0423010179259552,0.10178245449262503,-0.00550192198011612
2016-10,2016-10-03,2016-12-01,2016-10-03,104,78,6,2,3,NVDA,0.11854386567124013,0.282267433296431,NTES,0.09884026094950693,-0.10745704760164287,MU,0.08796323685712802,0.04230123856667367,0.10178245449262503,0.07237054142048727
2016-10,2016-10-03,2017-01-03,2016-10-03,104,78,6,3,3,NVDA,0.11854386567124013,0.49251584732193665,NTES,0.09884026094950693,-0.1060642922837226,MU,0.08796323685712802,0.27185562153938814,0.10178245449262503,0.2194357255258674
2016-11,2016-11-01,2016-12-01,2016-11-01,104,78,6,1,1,NVDA,0.12069634169875963,0.2711254319243823,,,,,,,0.12069634169875963,0.2711254319243823
2016-11,2016-11-01,2017-01-03,2016-11-01,104,78,6,2,1,NVDA,0.12069634169875963,0.4795469352316448,,,,,,,0.12069634169875963,0.4795469352316448
2016-11,2016-11-01,2017-02-01,2016-11-01,104,78,6,3,1,NVDA,0.12069634169875963,0.6527244222864044,,,,,,,0.12069634169875963,0.6527244222864044
2016-11,2016-11-01,2016-12-01,2016-11-01,104,78,6,1,2,NVDA,0.12069634169875963,0.2711254319243823,NTES,0.10592041223975608,-0.12240235145447353,,,,0.11330837696925786,0.07436154023495439
2016-11,2016-11-01,2017-01-03,2016-11-01,104,78,6,2,2,NVDA,0.12069634169875963,0.4795469352316448,NTES,0.10592041223975608,-0.12103291731270849,,,,0.11330837696925786,0.17925700895946817
2016-11,2016-11-01,2017-02-01,2016-11-01,104,78,6,3,2,NVDA,0.12069634169875963,0.6527244222864044,NTES,0.10592041223975608,0.022641274397782407,,,,0.11330837696925786,0.3376828483420934
2016-11,2016-11-01,2016-12-01,2016-11-01,104,78,6,1,3,NVDA,0.12069634169875963,0.2711254319243823,NTES,0.10592041223975608,-0.12240235145447353,STX,0.10509143317371065,0.1305250107328002,0.11056939570407547,0.09308269706756966
2016-11,2016-11-01,2017-01-03,2016-11-01,104,78,6,2,3,NVDA,0.12069634169875963,0.4795469352316448,NTES,0.10592041223975608,-0.12103291731270849,STX,0.10509143317371065,0.19456600417072423,0.11056939570407547,0.1843600073632202
2016-11,2016-11-01,2017-02-01,2016-11-01,104,78,6,3,3,NVDA,0.12069634169875963,0.6527244222864044,NTES,0.10592041223975608,0.022641274397782407,STX,0.10509143317371065,0.35014334705058103,0.11056939570407547,0.3418363479115893
2016-12,2016-12-01,2017-01-03,2016-12-01,104,78,6,1,1,NVDA,0.11527487983848993,0.16396611858495258,,,,,,,0.11527487983848993,0.16396611858495258
2016-12,2016-12-01,2017-02-01,2016-12-01,104,78,6,2,1,NVDA,0.11527487983848993,0.3002056136854343,,,,,,,0.11527487983848993,0.3002056136854343
2016-12,2016-12-01,2017-03-01,2016-12-01,104,78,6,3,1,NVDA,0.11527487983848993,0.17434656480097432,,,,,,,0.11527487983848993,0.17434656480097432
2016-12,2016-12-01,2017-01-03,2016-12-01,104,78,6,1,2,NVDA,0.11527487983848993,0.16396611858495258,STX,0.10016917242802263,0.056647126626958144,,,,0.10772202613325628,0.11030662260595536
2016-12,2016-12-01,2017-02-01,2016-12-01,104,78,6,2,2,NVDA,0.11527487983848993,0.3002056136854343,STX,0.10016917242802263,0.19426225358378013,,,,0.10772202613325628,0.24723393363460722
2016-12,2016-12-01,2017-03-01,2016-12-01,104,78,6,3,2,NVDA,0.11527487983848993,0.17434656480097432,STX,0.10016917242802263,0.31960890294503863,,,,0.10772202613325628,0.24697773387300648
2016-12,2016-12-01,2017-01-03,2016-12-01,104,78,6,1,3,NVDA,0.11527487983848993,0.16396611858495258,STX,0.10016917242802263,0.056647126626958144,NTAP,0.06820589423049896,0.003668020987591447,0.09454998216567051,0.07476042206650073
2016-12,2016-12-01,2017-02-01,2016-12-01,104,78,6,2,3,NVDA,0.11527487983848993,0.3002056136854343,STX,0.10016917242802263,0.19426225358378013,NTAP,0.06820589423049896,0.07941165110457682,0.09454998216567051,0.19129317279126376
2016-12,2016-12-01,2017-03-01,2016-12-01,104,78,6,3,3,NVDA,0.11527487983848993,0.17434656480097432,STX,0.10016917242802263,0.31960890294503863,NTAP,0.06820589423049896,0.2201175552754142,0.09454998216567051,0.2380243410071424
2017-01,2017-01-03,2017-02-01,2017-01-03,104,80,6,1,1,NVDA,0.14313666308341935,0.11704764677008783,,,,,,,0.14313666308341935,0.11704764677008783
2017-01,2017-01-03,2017-03-01,2017-01-03,104,80,6,2,1,NVDA,0.14313666308341935,0.00891816870807327,,,,,,,0.14313666308341935,0.00891816870807327
2017-01,2017-01-03,2017-04-03,2017-01-03,104,80,6,3,1,NVDA,0.14313666308341935,0.06378577217675185,,,,,,,0.14313666308341935,0.06378577217675185
2017-01,2017-01-03,2017-02-01,2017-01-03,104,80,6,1,2,NVDA,0.14313666308341935,0.11704764677008783,MU,0.1072865751054305,0.09756107081185217,,,,0.12521161909442494,0.10730435879097
2017-01,2017-01-03,2017-03-01,2017-01-03,104,80,6,2,2,NVDA,0.14313666308341935,0.00891816870807327,MU,0.1072865751054305,0.08869202449390001,,,,0.12521161909442494,0.04880509660098664
2017-01,2017-01-03,2017-04-03,2017-01-03,104,80,6,3,2,NVDA,0.14313666308341935,0.06378577217675185,MU,0.1072865751054305,0.27006653280998094,,,,0.12521161909442494,0.1669261524933664
2017-01,2017-01-03,2017-02-01,2017-01-03,104,80,6,1,3,NVDA,0.14313666308341935,0.11704764677008783,MU,0.1072865751054305,0.09756107081185217,STX,0.10222222511108259,0.13023754429363632,0.11754848776664416,0.11494875395852544
2017-01,2017-01-03,2017-03-01,2017-01-03,104,80,6,2,3,NVDA,0.14313666308341935,0.00891816870807327,MU,0.1072865751054305,0.08869202449390001,STX,0.10222222511108259,0.24886432725891217,0.11754848776664416,0.11549150682029515
2017-01,2017-01-03,2017-04-03,2017-01-03,104,80,6,3,3,NVDA,0.14313666308341935,0.06378577217675185,MU,0.1072865751054305,0.27006653280998094,STX,0.10222222511108259,0.15894027210984207,0.11754848776664416,0.16426419236552495
2017-02,2017-02-01,2017-03-01,2017-02-01,104,80,6,1,1,NVDA,0.12667512018032143,-0.09679934278064861,,,,,,,0.12667512018032143,-0.09679934278064861
2017-02,2017-02-01,2017-04-03,2017-02-01,104,80,6,2,1,NVDA,0.12667512018032143,-0.04768093352807379,,,,,,,0.12667512018032143,-0.04768093352807379
2017-02,2017-02-01,2017-05-01,2017-02-01,104,80,6,3,1,NVDA,0.12667512018032143,-0.06296986742607624,,,,,,,0.12667512018032143,-0.06296986742607624
2017-02,2017-02-01,2017-03-01,2017-02-01,104,80,6,1,2,NVDA,0.12667512018032143,-0.09679934278064861,MU,0.1094133911148958,-0.008080685944329313,,,,0.11804425564760862,-0.05244001436248896
2017-02,2017-02-01,2017-04-03,2017-02-01,104,80,6,2,2,NVDA,0.12667512018032143,-0.04768093352807379,MU,0.1094133911148958,0.15717162952083252,,,,0.11804425564760862,0.05474534799637937
2017-02,2017-02-01,2017-05-01,2017-02-01,104,80,6,3,2,NVDA,0.12667512018032143,-0.06296986742607624,MU,0.1094133911148958,0.14303033033139823,,,,0.11804425564760862,0.04003023145266099
2017-02,2017-02-01,2017-03-01,2017-02-01,104,80,6,1,3,NVDA,0.12667512018032143,-0.09679934278064861,MU,0.1094133911148958,-0.008080685944329313,WDC,0.10183624552063852,-0.010611441805468247,0.11264158560528525,-0.03849715684348206
2017-02,2017-02-01,2017-04-03,2017-02-01,104,80,6,2,3,NVDA,0.12667512018032143,-0.04768093352807379,MU,0.1094133911148958,0.15717162952083252,WDC,0.10183624552063852,0.044125744133810096,0.11264158560528525,0.05120548004218961
2017-02,2017-02-01,2017-05-01,2017-02-01,104,80,6,3,3,NVDA,0.12667512018032143,-0.06296986742607624,MU,0.1094133911148958,0.14303033033139823,WDC,0.10183624552063852,0.11480161627880059,0.11264158560528525,0.06495402639470753
2017-03,2017-03-01,2017-04-03,2017-03-01,104,80,6,1,1,CSX,0.10511306490251944,-0.05303808901754514,,,,,,,0.10511306490251944,-0.05303808901754514
2017-03,2017-03-01,2017-05-01,2017-03-01,104,80,6,2,1,CSX,0.10511306490251944,0.0469417075697105,,,,,,,0.10511306490251944,0.0469417075697105
2017-03,2017-03-01,2017-06-01,2017-03-01,104,80,6,3,1,CSX,0.10511306490251944,0.11346711116377661,,,,,,,0.10511306490251944,0.11346711116377661
2017-03,2017-03-01,2017-04-03,2017-03-01,104,80,6,1,2,CSX,0.10511306490251944,-0.05303808901754514,WDC,0.09916325655439423,0.055324256062920796,,,,0.10213816072845683,0.0011430835226878266
2017-03,2017-03-01,2017-05-01,2017-03-01,104,80,6,2,2,CSX,0.10511306490251944,0.0469417075697105,WDC,0.09916325655439423,0.12675814476076663,,,,0.10213816072845683,0.08684992616523857
2017-03,2017-03-01,2017-06-01,2017-03-01,104,80,6,3,2,CSX,0.10511306490251944,0.11346711116377661,WDC,0.09916325655439423,0.17673646991923708,,,,0.10213816072845683,0.14510179054150685
2017-03,2017-03-01,2017-04-03,2017-03-01,104,80,6,1,3,CSX,0.10511306490251944,-0.05303808901754514,WDC,0.09916325655439423,0.055324256062920796,NVDA,0.09133871741975108,0.05438261017634072,0.09853834629222158,0.01888959240723879
2017-03,2017-03-01,2017-05-01,2017-03-01,104,80,6,2,3,CSX,0.10511306490251944,0.0469417075697105,WDC,0.09916325655439423,0.12675814476076663,NVDA,0.09133871741975108,0.037455104891887414,0.09853834629222158,0.07038498574078818
2017-03,2017-03-01,2017-06-01,2017-03-01,104,80,6,3,3,CSX,0.10511306490251944,0.11346711116377661,WDC,0.09916325655439423,0.17673646991923708,NVDA,0.09133871741975108,0.4058960914137142,0.09853834629222158,0.23203322416557595
2017-04,2017-04-03,2017-05-01,2017-04-03,104,80,6,1,1,MU,0.08705917398517733,-0.012220571977978656,,,,,,,0.08705917398517733,-0.012220571977978656
2017-04,2017-04-03,2017-06-01,2017-04-03,104,80,6,2,1,MU,0.08705917398517733,0.07402243517179707,,,,,,,0.08705917398517733,0.07402243517179707
2017-04,2017-04-03,2017-07-03,2017-04-03,104,80,6,3,1,MU,0.08705917398517733,0.017457940455572363,,,,,,,0.08705917398517733,0.017457940455572363
2017-04,2017-04-03,2017-05-01,2017-04-03,104,80,6,1,2,MU,0.08705917398517733,-0.012220571977978656,NVDA,0.08641465440668532,-0.016054423812644658,,,,0.08673691419593133,-0.014137497895311657
2017-04,2017-04-03,2017-06-01,2017-04-03,104,80,6,2,2,MU,0.08705917398517733,0.07402243517179707,NVDA,0.08641465440668532,0.3333832309493272,,,,0.08673691419593133,0.20370283306056214
2017-04,2017-04-03,2017-07-03,2017-04-03,104,80,6,3,2,MU,0.08705917398517733,0.017457940455572363,NVDA,0.08641465440668532,0.28692363223525486,,,,0.08673691419593133,0.1521907863454136
2017-04,2017-04-03,2017-05-01,2017-04-03,104,80,6,1,3,MU,0.08705917398517733,-0.012220571977978656,NVDA,0.08641465440668532,-0.016054423812644658,CSX,0.08296607371196246,0.1055795332713314,0.08547996736794171,0.02576817916023603
2017-04,2017-04-03,2017-06-01,2017-04-03,104,80,6,2,3,MU,0.08705917398517733,0.07402243517179707,NVDA,0.08641465440668532,0.3333832309493272,CSX,0.08296607371196246,0.17583093707388486,0.08547996736794171,0.19441220106500304
2017-04,2017-04-03,2017-07-03,2017-04-03,104,80,6,3,3,MU,0.08705917398517733,0.017457940455572363,NVDA,0.08641465440668532,0.28692363223525486,CSX,0.08296607371196246,0.17367719987923436,0.08547996736794171,0.15935292419002053
2017-05,2017-05-01,2017-06-01,2017-05-01,104,80,6,1,1,CSX,0.10067223659833378,0.06354260520243593,,,,,,,0.10067223659833378,0.06354260520243593
2017-05,2017-05-01,2017-07-03,2017-05-01,104,80,6,2,1,CSX,0.10067223659833378,0.06159454345758997,,,,,,,0.10067223659833378,0.06159454345758997
2017-05,2017-05-01,2017-08-01,2017-05-01,104,80,6,3,1,CSX,0.10067223659833378,-0.05315651969111035,,,,,,,0.10067223659833378,-0.05315651969111035
2017-05,2017-05-01,2017-06-01,2017-05-01,104,80,6,1,2,CSX,0.10067223659833378,0.06354260520243593,TSLA,0.09558537737404983,0.054332053082466025,,,,0.09812880698619181,0.05893732914245098
2017-05,2017-05-01,2017-07-03,2017-05-01,104,80,6,2,2,CSX,0.10067223659833378,0.06159454345758997,TSLA,0.09558537737404983,0.09227767494531514,,,,0.09812880698619181,0.07693610920145255
2017-05,2017-05-01,2017-08-01,2017-05-01,104,80,6,3,2,CSX,0.10067223659833378,-0.05315651969111035,TSLA,0.09558537737404983,-0.010098171472791906,,,,0.09812880698619181,-0.03162734558195113
2017-05,2017-05-01,2017-06-01,2017-05-01,104,80,6,1,3,CSX,0.10067223659833378,0.06354260520243593,TSLA,0.09558537737404983,0.054332053082466025,MU,0.09207258164317343,0.08730998510717436,0.09611006520518568,0.0683948811306921
2017-05,2017-05-01,2017-07-03,2017-05-01,104,80,6,2,3,CSX,0.10067223659833378,0.06159454345758997,TSLA,0.09558537737404983,0.09227767494531514,MU,0.09207258164317343,0.030045687925472242,0.09611006520518568,0.061305968776125784
2017-05,2017-05-01,2017-08-01,2017-05-01,104,80,6,3,3,CSX,0.10067223659833378,-0.05315651969111035,TSLA,0.09558537737404983,-0.010098171472791906,MU,0.09207258164317343,0.0017673649378360246,0.09611006520518568,-0.020495775408688743
2017-06,2017-06-01,2017-07-03,2017-06-01,104,80,6,1,1,TSLA,0.11242414494993591,0.035990200385078275,,,,,,,0.11242414494993591,0.035990200385078275
2017-06,2017-06-01,2017-08-01,2017-06-01,104,80,6,2,1,TSLA,0.11242414494993591,-0.06110999316286403,,,,,,,0.11242414494993591,-0.06110999316286403
2017-06,2017-06-01,2017-09-01,2017-06-01,104,80,6,3,1,TSLA,0.11242414494993591,0.044157778978100914,,,,,,,0.11242414494993591,0.044157778978100914
2017-06,2017-06-01,2017-07-03,2017-06-01,104,80,6,1,2,TSLA,0.11242414494993591,0.035990200385078275,NVDA,0.09628030318206073,-0.034843395083793305,,,,0.10435222406599831,0.000573402650642485
2017-06,2017-06-01,2017-08-01,2017-06-01,104,80,6,2,2,TSLA,0.11242414494993591,-0.06110999316286403,NVDA,0.09628030318206073,0.13944305882400276,,,,0.10435222406599831,0.03916653283056937
2017-06,2017-06-01,2017-09-01,2017-06-01,104,80,6,3,2,TSLA,0.11242414494993591,0.044157778978100914,NVDA,0.09628030318206073,0.18183727681879724,,,,0.10435222406599831,0.11299752789844908
2017-06,2017-06-01,2017-07-03,2017-06-01,104,80,6,1,3,TSLA,0.11242414494993591,0.035990200385078275,NVDA,0.09628030318206073,-0.034843395083793305,MU,0.09190106417456102,-0.05266602713673929,0.1002018374355192,-0.01717307394515144
2017-06,2017-06-01,2017-08-01,2017-06-01,104,80,6,2,3,TSLA,0.11242414494993591,-0.06110999316286403,NVDA,0.09628030318206073,0.13944305882400276,MU,0.09190106417456102,-0.07867362697023939,0.1002018374355192,-0.00011352043636688365
2017-06,2017-06-01,2017-09-01,2017-06-01,104,80,6,3,3,TSLA,0.11242414494993591,0.044157778978100914,NVDA,0.09628030318206073,0.18183727681879724,MU,0.09190106417456102,0.059817753047252564,0.1002018374355192,0.09527093628138357
2017-07,2017-07-03,2017-08-01,2017-07-03,104,81,6,1,1,VRTX,0.09562388128686772,0.19472823873252687,,,,,,,0.09562388128686772,0.19472823873252687
2017-07,2017-07-03,2017-09-01,2017-07-03,104,81,6,2,1,VRTX,0.09562388128686772,0.26522663104418176,,,,,,,0.09562388128686772,0.26522663104418176
2017-07,2017-07-03,2017-10-02,2017-07-03,104,81,6,3,1,VRTX,0.09562388128686772,0.18716369648014952,,,,,,,0.09562388128686772,0.18716369648014952
2017-07,2017-07-03,2017-08-01,2017-07-03,104,81,6,1,2,VRTX,0.09562388128686772,0.19472823873252687,TSLA,0.0862492811490142,-0.0937269421195781,,,,0.09093658121794096,0.05050064830647438
2017-07,2017-07-03,2017-09-01,2017-07-03,104,81,6,2,2,VRTX,0.09562388128686772,0.26522663104418176,TSLA,0.0862492811490142,0.00788383769459089,,,,0.09093658121794096,0.13655523436938632
2017-07,2017-07-03,2017-10-02,2017-07-03,104,81,6,3,2,VRTX,0.09562388128686772,0.18716369648014952,TSLA,0.0862492811490142,-0.03145023895408361,,,,0.09093658121794096,0.07785672876303296
2017-07,2017-07-03,2017-08-01,2017-07-03,104,81,6,1,3,VRTX,0.09562388128686772,0.19472823873252687,TSLA,0.0862492811490142,-0.0937269421195781,MELI,0.08156121284251411,0.15238561341994838,0.08781145842613201,0.08446230334429905
2017-07,2017-07-03,2017-09-01,2017-07-03,104,81,6,2,3,VRTX,0.09562388128686772,0.26522663104418176,TSLA,0.0862492811490142,0.00788383769459089,MELI,0.08156121284251411,0.00490670395405024,0.08781145842613201,0.09267239089760763
2017-07,2017-07-03,2017-10-02,2017-07-03,104,81,6,3,3,VRTX,0.09562388128686772,0.18716369648014952,TSLA,0.0862492811490142,-0.03145023895408361,MELI,0.08156121284251411,0.05232960435125622,0.08781145842613201,0.06934768729244072
2017-08,2017-08-01,2017-09-01,2017-08-01,104,81,6,1,1,VRTX,0.10281932178193971,0.05900788984986716,,,,,,,0.10281932178193971,0.05900788984986716
2017-08,2017-08-01,2017-10-02,2017-08-01,104,81,6,2,1,VRTX,0.10281932178193971,-0.006331600783457181,,,,,,,0.10281932178193971,-0.006331600783457181
2017-08,2017-08-01,2017-11-01,2017-08-01,104,81,6,3,1,VRTX,0.10281932178193971,-0.0689947276500319,,,,,,,0.10281932178193971,-0.0689947276500319
2017-08,2017-08-01,2017-09-01,2017-08-01,104,81,6,1,2,VRTX,0.10281932178193971,0.05900788984986716,JD,0.08582101133993358,-0.07815583470671195,,,,0.09432016656093664,-0.009573972428422395
2017-08,2017-08-01,2017-10-02,2017-08-01,104,81,6,2,2,VRTX,0.10281932178193971,-0.006331600783457181,JD,0.08582101133993358,-0.14160277055111847,,,,0.09432016656093664,-0.07396718566728783
2017-08,2017-08-01,2017-11-01,2017-08-01,104,81,6,3,2,VRTX,0.10281932178193971,-0.0689947276500319,JD,0.08582101133993358,-0.16882558401167502,,,,0.09432016656093664,-0.11891015583085346
2017-08,2017-08-01,2017-09-01,2017-08-01,104,81,6,1,3,VRTX,0.10281932178193971,0.05900788984986716,JD,0.08582101133993358,-0.07815583470671195,MELI,0.07843231986640241,-0.12797704843626367,0.08902421766275857,-0.04904166443103616
2017-08,2017-08-01,2017-10-02,2017-08-01,104,81,6,2,3,VRTX,0.10281932178193971,-0.006331600783457181,JD,0.08582101133993358,-0.14160277055111847,MELI,0.07843231986640241,-0.08682511123317016,0.08902421766275857,-0.07825316085591527
2017-08,2017-08-01,2017-11-01,2017-08-01,104,81,6,3,3,VRTX,0.10281932178193971,-0.0689947276500319,JD,0.08582101133993358,-0.16882558401167502,MELI,0.07843231986640241,-0.17213329114612097,0.08902421766275857,-0.13665120093594263
2017-09,2017-09-01,2017-10-02,2017-09-01,104,81,6,1,1,VRTX,0.10478832422668949,-0.06169877605216656,,,,,,,0.10478832422668949,-0.06169877605216656
2017-09,2017-09-01,2017-11-01,2017-09-01,104,81,6,2,1,VRTX,0.10478832422668949,-0.12087031525142433,,,,,,,0.10478832422668949,-0.12087031525142433
2017-09,2017-09-01,2017-12-01,2017-09-01,104,81,6,3,1,VRTX,0.10478832422668949,-0.13221160922566066,,,,,,,0.10478832422668949,-0.13221160922566066
2017-09,2017-09-01,2017-10-02,2017-09-01,104,81,6,1,2,VRTX,0.10478832422668949,-0.06169877605216656,NVDA,0.09606808465137177,0.050100093732539985,,,,0.10042820443903064,-0.005799341159813287
2017-09,2017-09-01,2017-11-01,2017-09-01,104,81,6,2,2,VRTX,0.10478832422668949,-0.12087031525142433,NVDA,0.09606808465137177,0.21553456544883987,,,,0.10042820443903064,0.04733212509870777
2017-09,2017-09-01,2017-12-01,2017-09-01,104,81,6,3,2,VRTX,0.10478832422668949,-0.13221160922566066,NVDA,0.09606808465137177,0.16049124067767528,,,,0.10042820443903064,0.01413981572600731
2017-09,2017-09-01,2017-10-02,2017-09-01,104,81,6,1,3,VRTX,0.10478832422668949,-0.06169877605216656,NVDA,0.09606808465137177,0.050100093732539985,PYPL,0.06512562355650393,0.0442564429560528,0.0886606774781884,0.010885920212142075
2017-09,2017-09-01,2017-11-01,2017-09-01,104,81,6,2,3,VRTX,0.10478832422668949,-0.12087031525142433,NVDA,0.09606808465137177,0.21553456544883987,PYPL,0.06512562355650393,0.17767634344357353,0.0886606774781884,0.09078019788032969
2017-09,2017-09-01,2017-12-01,2017-09-01,104,81,6,3,3,VRTX,0.10478832422668949,-0.13221160922566066,NVDA,0.09606808465137177,0.16049124067767528,PYPL,0.06512562355650393,0.22518715073981643,0.0886606774781884,0.08448892739727702
2017-10,2017-10-02,2017-11-01,2017-10-02,104,81,6,1,1,NVDA,0.09535433191073832,0.15754162170224117,,,,,,,0.09535433191073832,0.15754162170224117
2017-10,2017-10-02,2017-12-01,2017-10-02,104,81,6,2,1,NVDA,0.09535433191073832,0.10512440442963311,,,,,,,0.09535433191073832,0.10512440442963311
2017-10,2017-10-02,2018-01-02,2017-10-02,104,81,6,3,1,NVDA,0.09535433191073832,0.11446050524793616,,,,,,,0.09535433191073832,0.11446050524793616
2017-10,2017-10-02,2017-11-01,2017-10-02,104,81,6,1,2,NVDA,0.09535433191073832,0.15754162170224117,PYPL,0.07171608316949996,0.1277654558777146,,,,0.08353520754011914,0.14265353878997789
2017-10,2017-10-02,2017-12-01,2017-10-02,104,81,6,2,2,NVDA,0.09535433191073832,0.10512440442963311,PYPL,0.07171608316949996,0.17326271626497225,,,,0.08353520754011914,0.13919356034730268
2017-10,2017-10-02,2018-01-02,2017-10-02,104,81,6,3,2,NVDA,0.09535433191073832,0.11446050524793616,PYPL,0.07171608316949996,0.1505140259710287,,,,0.08353520754011914,0.13248726560948243
2017-10,2017-10-02,2017-11-01,2017-10-02,104,81,6,1,3,NVDA,0.09535433191073832,0.15754162170224117,PYPL,0.07171608316949996,0.1277654558777146,LRCX,0.06846142093376291,0.0912617092131145,0.07851061200466707,0.12552292893102343
2017-10,2017-10-02,2017-12-01,2017-10-02,104,81,6,2,3,NVDA,0.09535433191073832,0.10512440442963311,PYPL,0.07171608316949996,0.17326271626497225,LRCX,0.06846142093376291,0.010003194130375537,0.07851061200466707,0.0961301049416603
2017-10,2017-10-02,2018-01-02,2017-10-02,104,81,6,3,3,NVDA,0.09535433191073832,0.11446050524793616,PYPL,0.07171608316949996,0.1505140259710287,LRCX,0.06846142093376291,0.020732284990335526,0.07851061200466707,0.09523560540310012
2017-11,2017-11-01,2017-12-01,2017-11-01,104,81,6,1,1,NVDA,0.12428700616321929,-0.045283224628696384,,,,,,,0.12428700616321929,-0.045283224628696384
2017-11,2017-11-01,2018-01-02,2017-11-01,104,81,6,2,1,NVDA,0.12428700616321929,-0.03721776880122152,,,,,,,0.12428700616321929,-0.03721776880122152
2017-11,2017-11-01,2018-02-01,2017-11-01,104,81,6,3,1,NVDA,0.12428700616321929,0.1615208739793066,,,,,,,0.12428700616321929,0.1615208739793066
2017-11,2017-11-01,2017-12-01,2017-11-01,104,81,6,1,2,NVDA,0.12428700616321929,-0.045283224628696384,ALGN,0.10119570430529483,0.08137906203160572,,,,0.11274135523425706,0.018047918701454668
2017-11,2017-11-01,2018-01-02,2017-11-01,104,81,6,2,2,NVDA,0.12428700616321929,-0.03721776880122152,ALGN,0.10119570430529483,-0.043966809811580077,,,,0.11274135523425706,-0.0405922893064008
2017-11,2017-11-01,2018-02-01,2017-11-01,104,81,6,3,2,NVDA,0.12428700616321929,0.1615208739793066,ALGN,0.10119570430529483,0.08776339920753018,,,,0.11274135523425706,0.12464213659341838
2017-11,2017-11-01,2017-12-01,2017-11-01,104,81,6,1,3,NVDA,0.12428700616321929,-0.045283224628696384,ALGN,0.10119570430529483,0.08137906203160572,MU,0.08233858468507982,-0.05385308151410606,0.1026070983845313,-0.005919081370398908
2017-11,2017-11-01,2018-01-02,2017-11-01,104,81,6,2,3,NVDA,0.12428700616321929,-0.03721776880122152,ALGN,0.10119570430529483,-0.043966809811580077,MU,0.08233858468507982,-0.01599839713684781,0.1026070983845313,-0.03239432524988314
2017-11,2017-11-01,2018-02-01,2017-11-01,104,81,6,3,3,NVDA,0.12428700616321929,0.1615208739793066,ALGN,0.10119570430529483,0.08776339920753018,MU,0.08233858468507982,-0.0425867623283791,0.1026070983845313,0.06889917028615256
2017-12,2017-12-01,2018-01-02,2017-12-01,104,81,6,1,1,ALGN,0.09951101120234314,-0.11591298208391076,,,,,,,0.09951101120234314,-0.11591298208391076
2017-12,2017-12-01,2018-02-01,2017-12-01,104,81,6,2,1,ALGN,0.09951101120234314,0.005903884585974906,,,,,,,0.09951101120234314,0.005903884585974906
2017-12,2017-12-01,2018-03-01,2017-12-01,104,81,6,3,1,ALGN,0.09951101120234314,-0.03353408126441526,,,,,,,0.09951101120234314,-0.03353408126441526
2017-12,2017-12-01,2018-01-02,2017-12-01,104,81,6,1,2,ALGN,0.09951101120234314,-0.11591298208391076,PYPL,0.0608352485255755,-0.019389255261057725,,,,0.08017312986395932,-0.06765111867248425
2017-12,2017-12-01,2018-02-01,2017-12-01,104,81,6,2,2,ALGN,0.09951101120234314,0.005903884585974906,PYPL,0.0608352485255755,0.041168666317654035,,,,0.08017312986395932,0.02353627545181447
2017-12,2017-12-01,2018-03-01,2017-12-01,104,81,6,3,2,ALGN,0.09951101120234314,-0.03353408126441526,PYPL,0.0608352485255755,0.04435588221131925,,,,0.08017312986395932,0.005410900473451996
2017-12,2017-12-01,2018-01-02,2017-12-01,104,81,6,1,3,ALGN,0.09951101120234314,-0.11591298208391076,PYPL,0.0608352485255755,-0.019389255261057725,MU,0.058811406914866415,0.04000930895366306,0.07305255554759502,-0.03176430946376848
2017-12,2017-12-01,2018-02-01,2017-12-01,104,81,6,2,3,ALGN,0.09951101120234314,0.005903884585974906,PYPL,0.0608352485255755,0.041168666317654035,MU,0.058811406914866415,0.011907579008719305,0.07305255554759502,0.01966004330411608
2017-12,2017-12-01,2018-03-01,2017-12-01,104,81,6,3,3,ALGN,0.09951101120234314,-0.03353408126441526,PYPL,0.0608352485255755,0.04435588221131925,MU,0.058811406914866415,0.1340794905639704,0.07305255554759502,0.04830043050362479
2018-01,2018-01-02,2018-02-01,2018-01-02,103,83,6,1,1,TTWO,0.07964684960577569,0.1041814530685099,,,,,,,0.07964684960577569,0.1041814530685099
2018-01,2018-01-02,2018-03-01,2018-01-02,103,83,6,2,1,TTWO,0.07964684960577569,-0.04730684326561607,,,,,,,0.07964684960577569,-0.04730684326561607
2018-01,2018-01-02,2018-04-02,2018-01-02,103,83,6,3,1,TTWO,0.07964684960577569,-0.15024804657283142,,,,,,,0.07964684960577569,-0.15024804657283142
2018-01,2018-01-02,2018-02-01,2018-01-02,103,83,6,1,2,TTWO,0.07964684960577569,0.1041814530685099,DLTR,0.0768407644025273,0.047658479978122115,,,,0.07824380700415148,0.07591996652331601
2018-01,2018-01-02,2018-03-01,2018-01-02,103,83,6,2,2,TTWO,0.07964684960577569,-0.04730684326561607,DLTR,0.0768407644025273,-0.04232225595905592,,,,0.07824380700415148,-0.044814549612336
2018-01,2018-01-02,2018-04-02,2018-01-02,103,83,6,3,2,TTWO,0.07964684960577569,-0.15024804657283142,DLTR,0.0768407644025273,-0.13147484216159566,,,,0.07824380700415148,-0.14086144436721354
2018-01,2018-01-02,2018-02-01,2018-01-02,103,83,6,1,3,TTWO,0.07964684960577569,0.1041814530685099,DLTR,0.0768407644025273,0.047658479978122115,ALGN,0.07662834579816248,0.1377883219652114,0.07770531993548847,0.09654275167061448
2018-01,2018-01-02,2018-03-01,2018-01-02,103,83,6,2,3,TTWO,0.07964684960577569,-0.04730684326561607,DLTR,0.0768407644025273,-0.04232225595905592,ALGN,0.07662834579816248,0.0931796295501246,0.07770531993548847,0.001183510108484202
2018-01,2018-01-02,2018-04-02,2018-01-02,103,83,6,3,3,TTWO,0.07964684960577569,-0.15024804657283142,DLTR,0.0768407644025273,-0.13147484216159566,ALGN,0.07662834579816248,0.08044701147282707,0.07770531993548847,-0.0670919590872
2018-02,2018-02-01,2018-03-01,2018-02-01,103,83,6,1,1,STX,0.09500098510355848,-0.008082362414076338,,,,,,,0.09500098510355848,-0.008082362414076338
2018-02,2018-02-01,2018-04-02,2018-02-01,103,83,6,2,1,STX,0.09500098510355848,0.0719822887652315,,,,,,,0.09500098510355848,0.0719822887652315
2018-02,2018-02-01,2018-05-01,2018-02-01,103,83,6,3,1,STX,0.09500098510355848,0.006270766812626061,,,,,,,0.09500098510355848,0.006270766812626061
2018-02,2018-02-01,2018-03-01,2018-02-01,103,83,6,1,2,STX,0.09500098510355848,-0.008082362414076338,TTWO,0.07883365104653532,-0.13719511038076337,,,,0.0869173180750469,-0.07263873639741986
2018-02,2018-02-01,2018-04-02,2018-02-01,103,83,6,2,2,STX,0.09500098510355848,0.0719822887652315,TTWO,0.07883365104653532,-0.2304236309478701,,,,0.0869173180750469,-0.0792206710913193
2018-02,2018-02-01,2018-05-01,2018-02-01,103,83,6,3,2,STX,0.09500098510355848,0.006270766812626061,TTWO,0.07883365104653532,-0.16318995858066343,,,,0.0869173180750469,-0.07845959588401868
2018-02,2018-02-01,2018-03-01,2018-02-01,103,83,6,1,3,STX,0.09500098510355848,-0.008082362414076338,TTWO,0.07883365104653532,-0.13719511038076337,DLTR,0.07734357451327716,-0.08588746968292293,0.08372607022112366,-0.07705498082592088
2018-02,2018-02-01,2018-04-02,2018-02-01,103,83,6,2,3,STX,0.09500098510355848,0.0719822887652315,TTWO,0.07883365104653532,-0.2304236309478701,DLTR,0.07734357451327716,-0.1709844625544945,0.08372607022112366,-0.10980860157904437
2018-02,2018-02-01,2018-05-01,2018-02-01,103,83,6,3,3,STX,0.09500098510355848,0.006270766812626061,TTWO,0.07883365104653532,-0.16318995858066343,DLTR,0.07734357451327716,-0.15754809878534715,0.08372607022112366,-0.10482243018446151
2018-03,2018-03-01,2018-04-02,2018-03-01,103,83,6,1,1,STX,0.10149531390129231,0.08071703551331644,,,,,,,0.10149531390129231,0.08071703551331644
2018-03,2018-03-01,2018-05-01,2018-03-01,103,83,6,2,1,STX,0.10149531390129231,0.014470081670928225,,,,,,,0.10149531390129231,0.014470081670928225
2018-03,2018-03-01,2018-06-01,2018-03-01,103,83,6,3,1,STX,0.10149531390129231,0.08352374706596488,,,,,,,0.10149531390129231,0.08352374706596488
2018-03,2018-03-01,2018-04-02,2018-03-01,103,83,6,1,2,STX,0.10149531390129231,0.08071703551331644,NFLX,0.0942004257020611,-0.034780820423310765,,,,0.0978478698016767,0.022968107545002836
2018-03,2018-03-01,2018-05-01,2018-03-01,103,83,6,2,2,STX,0.10149531390129231,0.014470081670928225,NFLX,0.0942004257020611,0.07889391511835364,,,,0.0978478698016767,0.04668199839464093
2018-03,2018-03-01,2018-06-01,2018-03-01,103,83,6,3,2,STX,0.10149531390129231,0.08352374706596488,NFLX,0.0942004257020611,0.23947107610419005,,,,0.0978478698016767,0.16149741158507747
2018-03,2018-03-01,2018-04-02,2018-03-01,103,83,6,1,3,STX,0.10149531390129231,0.08071703551331644,NFLX,0.0942004257020611,-0.034780820423310765,MELI,0.07829220442777139,-0.09907102649861432,0.0913293146770416,-0.01771160380286955
2018-03,2018-03-01,2018-05-01,2018-03-01,103,83,6,2,3,STX,0.10149531390129231,0.014470081670928225,NFLX,0.0942004257020611,0.07889391511835364,MELI,0.07829220442777139,-0.11915515295532231,0.0913293146770416,-0.008597052055346813
2018-03,2018-03-01,2018-06-01,2018-03-01,103,83,6,3,3,STX,0.10149531390129231,0.08352374706596488,NFLX,0.0942004257020611,0.23947107610419005,MELI,0.07829220442777139,-0.23021433415488535,0.0913293146770416,0.03092682967175653
2018-04,2018-04-02,2018-05-01,2018-04-02,103,83,6,1,1,STX,0.09893611888507142,-0.06129907428628856,,,,,,,0.09893611888507142,-0.06129907428628856
2018-04,2018-04-02,2018-06-01,2018-04-02,103,83,6,2,1,STX,0.09893611888507142,0.002597082733423628,,,,,,,0.09893611888507142,0.002597082733423628
2018-04,2018-04-02,2018-07-02,2018-04-02,103,83,6,3,1,STX,0.09893611888507142,0.008346492786051485,,,,,,,0.09893611888507142,0.008346492786051485
2018-04,2018-04-02,2018-05-01,2018-04-02,103,83,6,1,2,STX,0.09893611888507142,-0.06129907428628856,NFLX,0.08623850773992407,0.11777090421215841,,,,0.09258731331249775,0.028235914962934927
2018-04,2018-04-02,2018-06-01,2018-04-02,103,83,6,2,2,STX,0.09893611888507142,0.002597082733423628,NFLX,0.08623850773992407,0.28413432133391514,,,,0.09258731331249775,0.14336570203366938
2018-04,2018-04-02,2018-07-02,2018-04-02,103,83,6,3,2,STX,0.09893611888507142,0.008346492786051485,NFLX,0.08623850773992407,0.4206001550975458,,,,0.09258731331249775,0.21447332394179863
2018-04,2018-04-02,2018-05-01,2018-04-02,103,83,6,1,3,STX,0.09893611888507142,-0.06129907428628856,NFLX,0.08623850773992407,0.11777090421215841,AMZN,0.06481136048760444,0.15325907632052327,0.08332866237086665,0.06991030208213105
2018-04,2018-04-02,2018-06-01,2018-04-02,103,83,6,2,3,STX,0.09893611888507142,0.002597082733423628,NFLX,0.08623850773992407,0.28413432133391514,AMZN,0.06481136048760444,0.19646645255271822,0.08332866237086665,0.16106595220668565
2018-04,2018-04-02,2018-07-02,2018-04-02,103,83,6,3,3,STX,0.09893611888507142,0.008346492786051485,NFLX,0.08623850773992407,0.4206001550975458,AMZN,0.06481136048760444,0.2491198884632264,0.08332866237086665,0.22602217878227457
2018-05,2018-05-01,2018-06-01,2018-05-01,103,83,6,1,1,NFLX,0.08610352268591122,0.14883498621662095,,,,,,,0.08610352268591122,0.14883498621662095
2018-05,2018-05-01,2018-07-02,2018-05-01,103,83,6,2,1,NFLX,0.08610352268591122,0.2709224669779995,,,,,,,0.08610352268591122,0.2709224669779995
2018-05,2018-05-01,2018-08-01,2018-05-01,103,83,6,3,1,NFLX,0.08610352268591122,0.08005111182962232,,,,,,,0.08610352268591122,0.08005111182962232
2018-05,2018-05-01,2018-06-01,2018-05-01,103,83,6,1,2,NFLX,0.08610352268591122,0.14883498621662095,STX,0.07526933247639833,0.06806870566483236,,,,0.08068642758115477,0.10845184594072665
2018-05,2018-05-01,2018-07-02,2018-05-01,103,83,6,2,2,NFLX,0.08610352268591122,0.2709224669779995,STX,0.07526933247639833,0.07419356385462939,,,,0.08068642758115477,0.17255801541631444
2018-05,2018-05-01,2018-08-01,2018-05-01,103,83,6,3,2,NFLX,0.08610352268591122,0.08005111182962232,STX,0.07526933247639833,-0.010459095847873745,,,,0.08068642758115477,0.03479600799087429
2018-05,2018-05-01,2018-06-01,2018-05-01,103,83,6,1,3,NFLX,0.08610352268591122,0.14883498621662095,STX,0.07526933247639833,0.06806870566483236,MELI,0.06576958182486109,-0.1260825689929136,0.07571414566239021,0.03027370762951324
2018-05,2018-05-01,2018-07-02,2018-05-01,103,83,6,2,3,NFLX,0.08610352268591122,0.2709224669779995,STX,0.07526933247639833,0.07419356385462939,MELI,0.06576958182486109,-0.12891056486648667,0.07571414566239021,0.07206848865538074
2018-05,2018-05-01,2018-08-01,2018-05-01,103,83,6,3,3,NFLX,0.08610352268591122,0.08005111182962232,STX,0.07526933247639833,-0.010459095847873745,MELI,0.06576958182486109,0.019678381433775982,0.07571414566239021,0.029756799138508188
2018-06,2018-06-01,2018-07-02,2018-06-01,103,83,6,1,1,NFLX,0.12032012875228987,0.10627068484695168,,,,,,,0.12032012875228987,0.10627068484695168
2018-06,2018-06-01,2018-08-01,2018-06-01,103,83,6,2,1,NFLX,0.12032012875228987,-0.059872719069533065,,,,,,,0.12032012875228987,-0.059872719069533065
2018-06,2018-06-01,2018-09-04,2018-06-01,103,83,6,3,1,NFLX,0.12032012875228987,0.010196443184030679,,,,,,,0.12032012875228987,0.010196443184030679
2018-06,2018-06-01,2018-07-02,2018-06-01,103,83,6,1,2,NFLX,0.12032012875228987,0.10627068484695168,STX,0.07691893588316283,0.005734517037445208,,,,0.09861953231772635,0.056002600942198444
2018-06,2018-06-01,2018-08-01,2018-06-01,103,83,6,2,2,NFLX,0.12032012875228987,-0.059872719069533065,STX,0.07691893588316283,-0.0735231742079977,,,,0.09861953231772635,-0.06669794663876538
2018-06,2018-06-01,2018-09-04,2018-06-01,103,83,6,3,2,NFLX,0.12032012875228987,0.010196443184030679,STX,0.07691893588316283,-0.13741821749790883,,,,0.09861953231772635,-0.06361088715693908
2018-06,2018-06-01,2018-07-02,2018-06-01,103,83,6,1,3,NFLX,0.12032012875228987,0.10627068484695168,STX,0.07691893588316283,0.005734517037445208,AMZN,0.06263277259645493,0.0440074485984705,0.08662394574396921,0.05200421682762246
2018-06,2018-06-01,2018-08-01,2018-06-01,103,83,6,2,3,NFLX,0.12032012875228987,-0.059872719069533065,STX,0.07691893588316283,-0.0735231742079977,AMZN,0.06263277259645493,0.09480723967482052,0.08662394574396921,-0.012862884534236748
2018-06,2018-06-01,2018-09-04,2018-06-01,103,83,6,3,3,NFLX,0.12032012875228987,0.010196443184030679,STX,0.07691893588316283,-0.13741821749790883,AMZN,0.06263277259645493,0.24243695178572744,0.08662394574396921,0.038405059157283095
2018-07,2018-07-02,2018-08-01,2018-07-02,103,83,6,1,1,NFLX,0.12531912715877108,-0.15018331968135812,,,,,,,0.12531912715877108,-0.15018331968135812
2018-07,2018-07-02,2018-09-04,2018-07-02,103,83,6,2,1,NFLX,0.12531912715877108,-0.08684514827961165,,,,,,,0.12531912715877108,-0.08684514827961165
2018-07,2018-07-02,2018-10-01,2018-07-02,103,83,6,3,1,NFLX,0.12531912715877108,-0.04206638213076219,,,,,,,0.12531912715877108,-0.04206638213076219
2018-07,2018-07-02,2018-08-01,2018-07-02,103,83,6,1,2,NFLX,0.12531912715877108,-0.15018331968135812,ALGN,0.07823650803601867,0.03943814939425372,,,,0.10177781759739488,-0.0553725851435522
2018-07,2018-07-02,2018-09-04,2018-07-02,103,83,6,2,2,NFLX,0.12531912715877108,-0.08684514827961165,ALGN,0.07823650803601867,0.1323909367420324,,,,0.10177781759739488,0.022772894231210372
2018-07,2018-07-02,2018-10-01,2018-07-02,103,83,6,3,2,NFLX,0.12531912715877108,-0.04206638213076219,ALGN,0.07823650803601867,0.15058184559242593,,,,0.10177781759739488,0.05425773173083187
2018-07,2018-07-02,2018-08-01,2018-07-02,103,83,6,1,3,NFLX,0.12531912715877108,-0.15018331968135812,ALGN,0.07823650803601867,0.03943814939425372,AMZN,0.06614463138200645,0.04865845655080925,0.08990008885893207,-0.020695571245431716
2018-07,2018-07-02,2018-09-04,2018-07-02,103,83,6,2,3,NFLX,0.12531912715877108,-0.08684514827961165,ALGN,0.07823650803601867,0.1323909367420324,AMZN,0.06614463138200645,0.1900652178810016,0.08990008885893207,0.07853700211447412
2018-07,2018-07-02,2018-10-01,2018-07-02,103,83,6,3,3,NFLX,0.12531912715877108,-0.04206638213076219,ALGN,0.07823650803601867,0.15058184559242593,AMZN,0.06614463138200645,0.16955500497755005,0.08990008885893207,0.09269015614640459
2018-08,2018-08-01,2018-09-04,2018-08-01,103,84,6,1,1,ALGN,0.06184481260752572,0.0894259917263458,,,,,,,0.06184481260752572,0.0894259917263458
2018-08,2018-08-01,2018-10-01,2018-08-01,103,84,6,2,1,ALGN,0.06184481260752572,0.10692670483851563,,,,,,,0.06184481260752572,0.10692670483851563
2018-08,2018-08-01,2018-11-01,2018-08-01,103,84,6,3,1,ALGN,0.06184481260752572,-0.3470455499643573,,,,,,,0.06184481260752572,-0.3470455499643573
2018-08,2018-08-01,2018-09-04,2018-08-01,103,84,6,1,2,ALGN,0.06184481260752572,0.0894259917263458,ILMN,0.06020245315057813,0.0921325428537958,,,,0.06102363287905192,0.0907792672900708
2018-08,2018-08-01,2018-10-01,2018-08-01,103,84,6,2,2,ALGN,0.06184481260752572,0.10692670483851563,ILMN,0.06020245315057813,0.13399134805179758,,,,0.06102363287905192,0.1204590264451566
2018-08,2018-08-01,2018-11-01,2018-08-01,103,84,6,3,2,ALGN,0.06184481260752572,-0.3470455499643573,ILMN,0.06020245315057813,-0.03245358951221833,,,,0.06102363287905192,-0.18974956973828783
2018-08,2018-08-01,2018-09-04,2018-08-01,103,84,6,1,3,ALGN,0.06184481260752572,0.0894259917263458,ILMN,0.06020245315057813,0.0921325428537958,NFLX,0.047239059556639984,0.07453157000636601,0.05642877510491461,0.08536336819550254
2018-08,2018-08-01,2018-10-01,2018-08-01,103,84,6,2,3,ALGN,0.06184481260752572,0.10692670483851563,ILMN,0.06020245315057813,0.13399134805179758,NFLX,0.047239059556639984,0.12722383551009742,0.05642877510491461,0.12271396280013687
2018-08,2018-08-01,2018-11-01,2018-08-01,103,84,6,3,3,ALGN,0.06184481260752572,-0.3470455499643573,ILMN,0.06020245315057813,-0.03245358951221833,NFLX,0.047239059556639984,-0.06206041443993293,0.05642877510491461,-0.14718651797216953
2018-09,2018-09-04,2018-10-01,2018-09-04,103,84,6,1,1,ALGN,0.0832835604331744,0.01606415969976771,,,,,,,0.0832835604331744,0.01606415969976771
2018-09,2018-09-04,2018-11-01,2018-09-04,103,84,6,2,1,ALGN,0.0832835604331744,-0.4006435912172921,,,,,,,0.0832835604331744,-0.4006435912172921
2018-09,2018-09-04,2018-12-03,2018-09-04,103,84,6,3,1,ALGN,0.0832835604331744,-0.38831649453256734,,,,,,,0.0832835604331744,-0.38831649453256734
2018-09,2018-09-04,2018-10-01,2018-09-04,103,84,6,1,2,ALGN,0.0832835604331744,0.01606415969976771,ILMN,0.07971930677428507,0.03832758713390483,,,,0.08150143360372974,0.02719587341683627
2018-09,2018-09-04,2018-11-01,2018-09-04,103,84,6,2,2,ALGN,0.0832835604331744,-0.4006435912172921,ILMN,0.07971930677428507,-0.1140760186858496,,,,0.08150143360372974,-0.25735980495157085
2018-09,2018-09-04,2018-12-03,2018-09-04,103,84,6,3,2,ALGN,0.0832835604331744,-0.38831649453256734,ILMN,0.07971930677428507,-0.007818445277948283,,,,0.08150143360372974,-0.1980674699052578
2018-09,2018-09-04,2018-10-01,2018-09-04,103,84,6,1,3,ALGN,0.0832835604331744,0.01606415969976771,ILMN,0.07971930677428507,0.03832758713390483,ORLY,0.060904358268589365,0.005817668501833628,0.07463574182534961,0.020069805111835388
2018-09,2018-09-04,2018-11-01,2018-09-04,103,84,6,2,3,ALGN,0.0832835604331744,-0.4006435912172921,ILMN,0.07971930677428507,-0.1140760186858496,ORLY,0.060904358268589365,-0.06739773744667732,0.07463574182534961,-0.19403911578327301
2018-09,2018-09-04,2018-12-03,2018-09-04,103,84,6,3,3,ALGN,0.0832835604331744,-0.38831649453256734,ILMN,0.07971930677428507,-0.007818445277948283,ORLY,0.060904358268589365,0.007446582393349166,0.07463574182534961,-0.12956278580572214
2018-10,2018-10-01,2018-11-01,2018-10-01,103,84,6,1,1,ALGN,0.08790214116288642,-0.41011952536559404,,,,,,,0.08790214116288642,-0.41011952536559404
2018-10,2018-10-01,2018-12-03,2018-10-01,103,84,6,2,1,ALGN,0.08790214116288642,-0.3979873223279756,,,,,,,0.08790214116288642,-0.3979873223279756
2018-10,2018-10-01,2019-01-02,2018-10-01,103,84,6,3,1,ALGN,0.08790214116288642,-0.4837556171107027,,,,,,,0.08790214116288642,-0.4837556171107027
2018-10,2018-10-01,2018-11-01,2018-10-01,103,84,6,1,2,ALGN,0.08790214116288642,-0.41011952536559404,ILMN,0.08210646290610106,-0.14677796074014937,,,,0.08500430203449374,-0.2784487430528717
2018-10,2018-10-01,2018-12-03,2018-10-01,103,84,6,2,2,ALGN,0.08790214116288642,-0.3979873223279756,ILMN,0.08210646290610106,-0.04444265276552062,,,,0.08500430203449374,-0.22121498754674812
2018-10,2018-10-01,2019-01-02,2018-10-01,103,84,6,3,2,ALGN,0.08790214116288642,-0.4837556171107027,ILMN,0.08210646290610106,-0.19648609538755946,,,,0.08500430203449374,-0.3401208562491311
2018-10,2018-10-01,2018-11-01,2018-10-01,103,84,6,1,3,ALGN,0.08790214116288642,-0.41011952536559404,ILMN,0.08210646290610106,-0.14677796074014937,AMZN,0.06683355013459523,-0.16904652896738326,0.07894738473452757,-0.24198133835770888
2018-10,2018-10-01,2018-12-03,2018-10-01,103,84,6,2,3,ALGN,0.08790214116288642,-0.3979873223279756,ILMN,0.08210646290610106,-0.04444265276552062,AMZN,0.06683355013459523,-0.11574772830287727,0.07894738473452757,-0.18605923446545783
2018-10,2018-10-01,2019-01-02,2018-10-01,103,84,6,3,3,ALGN,0.08790214116288642,-0.4837556171107027,ILMN,0.08210646290610106,-0.19648609538755946,AMZN,0.06683355013459523,-0.2321090481611514,0.07894738473452757,-0.3041169202198045
2018-11,2018-11-01,2018-12-03,2018-11-01,103,84,6,1,1,AAPL,0.05000876921865801,-0.16540003886137045,,,,,,,0.05000876921865801,-0.16540003886137045
2018-11,2018-11-01,2019-01-02,2018-11-01,103,84,6,2,1,AAPL,0.05000876921865801,-0.2868733585830512,,,,,,,0.05000876921865801,-0.2868733585830512
2018-11,2018-11-01,2019-02-01,2018-11-01,103,84,6,3,1,AAPL,0.05000876921865801,-0.24803800217675998,,,,,,,0.05000876921865801,-0.24803800217675998
2018-11,2018-11-01,2018-12-03,2018-11-01,103,84,6,1,2,AAPL,0.05000876921865801,-0.16540003886137045,ILMN,0.048176816708905945,0.11993983191456503,,,,0.04909279296378198,-0.022730103473402707
2018-11,2018-11-01,2019-01-02,2018-11-01,103,84,6,2,2,AAPL,0.05000876921865801,-0.2868733585830512,ILMN,0.048176816708905945,-0.05825931863003753,,,,0.04909279296378198,-0.17256633860654436
2018-11,2018-11-01,2019-02-01,2018-11-01,103,84,6,3,2,AAPL,0.05000876921865801,-0.24803800217675998,ILMN,0.048176816708905945,-0.09554266637508857,,,,0.04909279296378198,-0.17179033427592427
2018-11,2018-11-01,2018-12-03,2018-11-01,103,84,6,1,3,AAPL,0.05000876921865801,-0.16540003886137045,ILMN,0.048176816708905945,0.11993983191456503,QCOM,0.04694683198217584,-0.07173138022354009,0.04837747263657993,-0.03906386239011517
2018-11,2018-11-01,2019-01-02,2018-11-01,103,84,6,2,3,AAPL,0.05000876921865801,-0.2868733585830512,ILMN,0.048176816708905945,-0.05825931863003753,QCOM,0.04694683198217584,-0.08926147356378944,0.04837747263657993,-0.1447980502589594
2018-11,2018-11-01,2019-02-01,2018-11-01,103,84,6,3,3,AAPL,0.05000876921865801,-0.24803800217675998,ILMN,0.048176816708905945,-0.09554266637508857,QCOM,0.04694683198217584,-0.21286179940569105,0.04837747263657993,-0.1854808226525132
2018-12,2018-12-03,2019-01-02,2018-12-03,103,85,6,1,1,WDAY,0.05566190075420698,-0.048033357640092866,,,,,,,0.05566190075420698,-0.048033357640092866
2018-12,2018-12-03,2019-02-01,2018-12-03,103,85,6,2,1,WDAY,0.05566190075420698,0.10881998912242952,,,,,,,0.05566190075420698,0.10881998912242952
2018-12,2018-12-03,2019-03-01,2018-12-03,103,85,6,3,1,WDAY,0.05566190075420698,0.12717518444447418,,,,,,,0.05566190075420698,0.12717518444447418
2018-12,2018-12-03,2019-01-02,2018-12-03,103,85,6,1,2,WDAY,0.05566190075420698,-0.048033357640092866,HSIC,0.045865716204861906,-0.15497787536819674,,,,0.05076380847953445,-0.1015056165041448
2018-12,2018-12-03,2019-02-01,2018-12-03,103,85,6,2,2,WDAY,0.05566190075420698,0.10881998912242952,HSIC,0.045865716204861906,-0.14557525656760784,,,,0.05076380847953445,-0.01837763372258916
2018-12,2018-12-03,2019-03-01,2018-12-03,103,85,6,3,2,WDAY,0.05566190075420698,0.12717518444447418,HSIC,0.045865716204861906,-0.152773805365651,,,,0.05076380847953445,-0.012799310460588409
2018-12,2018-12-03,2019-01-02,2018-12-03,103,85,6,1,3,WDAY,0.05566190075420698,-0.048033357640092866,HSIC,0.045865716204861906,-0.15497787536819674,ILMN,0.045298911450925426,-0.15911493230843177,0.048942176136664774,-0.12070872177224046
2018-12,2018-12-03,2019-02-01,2018-12-03,103,85,6,2,3,WDAY,0.05566190075420698,0.10881998912242952,HSIC,0.045865716204861906,-0.14557525656760784,ILMN,0.045298911450925426,-0.1924054240675419,0.048942176136664774,-0.07638689717090674
2018-12,2018-12-03,2019-03-01,2018-12-03,103,85,6,3,3,WDAY,0.05566190075420698,0.12717518444447418,HSIC,0.045865716204861906,-0.152773805365651,ILMN,0.045298911450925426,-0.08299782460105964,0.048942176136664774,-0.03619881517407882
2019-01,2019-01-02,2019-02-01,2019-01-02,103,89,6,1,1,AMD,0.0779098755140552,0.3016463265103333,,,,,,,0.0779098755140552,0.3016463265103333
2019-01,2019-01-02,2019-03-01,2019-01-02,103,89,6,2,1,AMD,0.0779098755140552,0.2575677324015182,,,,,,,0.0779098755140552,0.2575677324015182
2019-01,2019-01-02,2019-04-01,2019-01-02,103,89,6,3,1,AMD,0.0779098755140552,0.3998938245966537,,,,,,,0.0779098755140552,0.3998938245966537
2019-01,2019-01-02,2019-02-01,2019-01-02,103,89,6,1,2,AMD,0.0779098755140552,0.3016463265103333,WDAY,0.050335358705764575,0.16476769225199517,,,,0.0641226171099099,0.23320700938116423
2019-01,2019-01-02,2019-03-01,2019-01-02,103,89,6,2,2,AMD,0.0779098755140552,0.2575677324015182,WDAY,0.050335358705764575,0.1840490352164319,,,,0.0641226171099099,0.22080838380897505
2019-01,2019-01-02,2019-04-01,2019-01-02,103,89,6,3,2,AMD,0.0779098755140552,0.3998938245966537,WDAY,0.050335358705764575,0.2066482619987675,,,,0.0641226171099099,0.3032710432977106
2019-01,2019-01-02,2019-02-01,2019-01-02,103,89,6,1,3,AMD,0.0779098755140552,0.3016463265103333,WDAY,0.050335358705764575,0.16476769225199517,SBUX,0.0500027764645129,0.05892388508619684,0.059416003561444226,0.1751126346161751
2019-01,2019-01-02,2019-03-01,2019-01-02,103,89,6,2,3,AMD,0.0779098755140552,0.2575677324015182,WDAY,0.050335358705764575,0.1840490352164319,SBUX,0.0500027764645129,0.10727222157494554,0.059416003561444226,0.1829629963976319
2019-01,2019-01-02,2019-04-01,2019-01-02,103,89,6,3,3,AMD,0.0779098755140552,0.3998938245966537,WDAY,0.050335358705764575,0.2066482619987675,SBUX,0.0500027764645129,0.15587655638617792,0.059416003561444226,0.25413954766053304
2019-02,2019-02-01,2019-03-01,2019-02-01,103,89,6,1,1,AMD,0.09168470600719604,-0.033863725661169575,,,,,,,0.09168470600719604,-0.033863725661169575
2019-02,2019-02-01,2019-04-01,2019-02-01,103,89,6,2,1,AMD,0.09168470600719604,0.07547941102382105,,,,,,,0.09168470600719604,0.07547941102382105
2019-02,2019-02-01,2019-05-01,2019-02-01,103,89,6,3,1,AMD,0.09168470600719604,0.09383921728202571,,,,,,,0.09168470600719604,0.09383921728202571
2019-02,2019-02-01,2019-03-01,2019-02-01,103,89,6,1,2,AMD,0.09168470600719604,-0.033863725661169575,WDAY,0.07495314715805762,0.016553809907929207,,,,0.08331892658262682,-0.008654957876620184
2019-02,2019-02-01,2019-04-01,2019-02-01,103,89,6,2,2,AMD,0.09168470600719604,0.07547941102382105,WDAY,0.07495314715805762,0.035956156773029546,,,,0.08331892658262682,0.0557177838984253
2019-02,2019-02-01,2019-05-01,2019-02-01,103,89,6,3,2,AMD,0.09168470600719604,0.09383921728202571,WDAY,0.07495314715805762,0.08126408317524536,,,,0.08331892658262682,0.08755165022863554
2019-02,2019-02-01,2019-03-01,2019-02-01,103,89,6,1,3,AMD,0.09168470600719604,-0.033863725661169575,WDAY,0.07495314715805762,0.016553809907929207,SBUX,0.05007349571010441,0.045657990314207586,0.07223711629178602,0.009449358186989073
2019-02,2019-02-01,2019-04-01,2019-02-01,103,89,6,2,3,AMD,0.09168470600719604,0.07547941102382105,WDAY,0.07495314715805762,0.035956156773029546,SBUX,0.05007349571010441,0.09155773390840927,0.07223711629178602,0.0676644339017533
2019-02,2019-02-01,2019-05-01,2019-02-01,103,89,6,3,3,AMD,0.09168470600719604,0.09383921728202571,WDAY,0.07495314715805762,0.08126408317524536,SBUX,0.05007349571010441,0.14409928886179002,0.07223711629178602,0.1064008631063537
2019-03,2019-03-01,2019-04-01,2019-03-01,103,89,6,1,1,MELI,0.0581992577451144,0.1471746713029094,,,,,,,0.0581992577451144,0.1471746713029094
2019-03,2019-03-01,2019-05-01,2019-03-01,103,89,6,2,1,MELI,0.0581992577451144,0.07326630782183541,,,,,,,0.0581992577451144,0.07326630782183541
2019-03,2019-03-01,2019-06-03,2019-03-01,103,89,6,3,1,MELI,0.0581992577451144,0.25934372749055035,,,,,,,0.0581992577451144,0.25934372749055035
2019-03,2019-03-01,2019-04-01,2019-03-01,103,89,6,1,2,MELI,0.0581992577451144,0.1471746713029094,SBUX,0.0513520192904624,0.04389556051726751,,,,0.0547756385177884,0.09553511591008845
2019-03,2019-03-01,2019-05-01,2019-03-01,103,89,6,2,2,MELI,0.0581992577451144,0.07326630782183541,SBUX,0.0513520192904624,0.09414292192995344,,,,0.0547756385177884,0.08370461487589442
2019-03,2019-03-01,2019-06-03,2019-03-01,103,89,6,3,2,MELI,0.0581992577451144,0.25934372749055035,SBUX,0.0513520192904624,0.08078501217165135,,,,0.0547756385177884,0.17006436983110085
2019-03,2019-03-01,2019-04-01,2019-03-01,103,89,6,1,3,MELI,0.0581992577451144,0.1471746713029094,SBUX,0.0513520192904624,0.04389556051726751,AVGO,0.04216579948190078,0.13115122267935253,0.05057235883915919,0.10740715149984315
2019-03,2019-03-01,2019-05-01,2019-03-01,103,89,6,2,3,MELI,0.0581992577451144,0.07326630782183541,SBUX,0.0513520192904624,0.09414292192995344,AVGO,0.04216579948190078,0.17964675930585328,0.05057235883915919,0.1156853296858807
2019-03,2019-03-01,2019-06-03,2019-03-01,103,89,6,3,3,MELI,0.0581992577451144,0.25934372749055035,SBUX,0.0513520192904624,0.08078501217165135,AVGO,0.04216579948190078,-0.0634590119548536,0.05057235883915919,0.09222324256911603
2019-04,2019-04-01,2019-05-01,2019-04-01,103,91,6,1,1,MELI,0.0874906913307175,-0.06442642548682875,,,,,,,0.0874906913307175,-0.06442642548682875
2019-04,2019-04-01,2019-06-03,2019-04-01,103,91,6,2,1,MELI,0.0874906913307175,0.09777853276715409,,,,,,,0.0874906913307175,0.09777853276715409
2019-04,2019-04-01,2019-07-01,2019-04-01,103,91,6,3,1,MELI,0.0874906913307175,0.19532534610071672,,,,,,,0.0874906913307175,0.19532534610071672
2019-04,2019-04-01,2019-05-01,2019-04-01,103,91,6,1,2,MELI,0.0874906913307175,-0.06442642548682875,CDNS,0.06598211698743549,0.05771601369805923,,,,0.0767364041590765,-0.0033552058943847607
2019-04,2019-04-01,2019-06-03,2019-04-01,103,91,6,2,2,MELI,0.0874906913307175,0.09777853276715409,CDNS,0.06598211698743549,-0.047839539241106066,,,,0.0767364041590765,0.024969496763024013
2019-04,2019-04-01,2019-07-01,2019-04-01,103,91,6,3,2,MELI,0.0874906913307175,0.19532534610071672,CDNS,0.06598211698743549,0.13194436758797878,,,,0.0767364041590765,0.16363485684434775
2019-04,2019-04-01,2019-05-01,2019-04-01,103,91,6,1,3,MELI,0.0874906913307175,-0.06442642548682875,CDNS,0.06598211698743549,0.05771601369805923,WDAY,0.052430063310090036,0.04373537056177046,0.06863429054274768,0.012341652924333646
2019-04,2019-04-01,2019-06-03,2019-04-01,103,91,6,2,3,MELI,0.0874906913307175,0.09777853276715409,CDNS,0.06598211698743549,-0.047839539241106066,WDAY,0.052430063310090036,-0.004513593344682265,0.06863429054274768,0.015141800060455254
2019-04,2019-04-01,2019-07-01,2019-04-01,103,91,6,3,3,MELI,0.0874906913307175,0.19532534610071672,CDNS,0.06598211698743549,0.13194436758797878,WDAY,0.052430063310090036,0.1074967637909372,0.06863429054274768,0.14492215915987758
2019-05,2019-05-01,2019-06-03,2019-05-01,103,91,6,1,1,CDNS,0.07467675963003716,-0.09979574060726815,,,,,,,0.07467675963003716,-0.09979574060726815
2019-05,2019-05-01,2019-07-01,2019-05-01,103,91,6,2,1,CDNS,0.07467675963003716,0.07017796169162405,,,,,,,0.07467675963003716,0.07017796169162405
2019-05,2019-05-01,2019-08-01,2019-05-01,103,91,6,3,1,CDNS,0.07467675963003716,0.06565509104013678,,,,,,,0.07467675963003716,0.06565509104013678
2019-05,2019-05-01,2019-06-03,2019-05-01,103,91,6,1,2,CDNS,0.07467675963003716,-0.09979574060726815,QCOM,0.07320512696642655,-0.22820435063205302,,,,0.07394094329823185,-0.16400004561966058
2019-05,2019-05-01,2019-07-01,2019-05-01,103,91,6,2,2,CDNS,0.07467675963003716,0.07017796169162405,QCOM,0.07320512696642655,-0.094262048838204,,,,0.07394094329823185,-0.012042043573289973
2019-05,2019-05-01,2019-08-01,2019-05-01,103,91,6,3,2,CDNS,0.07467675963003716,0.06565509104013678,QCOM,0.07320512696642655,-0.16810464357052157,,,,0.07394094329823185,-0.051224776265192395
2019-05,2019-05-01,2019-06-03,2019-05-01,103,91,6,1,3,CDNS,0.07467675963003716,-0.09979574060726815,QCOM,0.07320512696642655,-0.22820435063205302,MELI,0.07216133498853917,0.17337488218218078,0.0733477405283343,-0.05154173635238013
2019-05,2019-05-01,2019-07-01,2019-05-01,103,91,6,2,3,CDNS,0.07467675963003716,0.07017796169162405,QCOM,0.07320512696642655,-0.094262048838204,MELI,0.07216133498853917,0.27763906406047023,0.0733477405283343,0.08451832563796342
2019-05,2019-05-01,2019-08-01,2019-05-01,103,91,6,3,3,CDNS,0.07467675963003716,0.06565509104013678,QCOM,0.07320512696642655,-0.16810464357052157,MELI,0.07216133498853917,0.2923689435534049,0.0733477405283343,0.06330646367434005
2019-06,2019-06-03,2019-07-01,2019-06-03,103,91,6,1,1,MELI,0.08746623382784219,0.08885837208683411,,,,,,,0.08746623382784219,0.08885837208683411
2019-06,2019-06-03,2019-08-01,2019-06-03,103,91,6,2,1,MELI,0.08746623382784219,0.10141180212578371,,,,,,,0.08746623382784219,0.10141180212578371
2019-06,2019-06-03,2019-09-03,2019-06-03,103,91,6,3,1,MELI,0.08746623382784219,0.021502505492165813,,,,,,,0.08746623382784219,0.021502505492165813
2019-06,2019-06-03,2019-07-01,2019-06-03,103,91,6,1,2,MELI,0.08746623382784219,0.08885837208683411,CDNS,0.054696825742203546,0.1888168163229471,,,,0.07108152978502287,0.1388375942048906
2019-06,2019-06-03,2019-08-01,2019-06-03,103,91,6,2,2,MELI,0.08746623382784219,0.10141180212578371,CDNS,0.054696825742203546,0.18379254477091256,,,,0.07108152978502287,0.14260217344834814
2019-06,2019-06-03,2019-09-03,2019-06-03,103,91,6,3,2,MELI,0.08746623382784219,0.021502505492165813,CDNS,0.054696825742203546,0.10437598941777027,,,,0.07108152978502287,0.06293924745496804
2019-06,2019-06-03,2019-07-01,2019-06-03,103,91,6,1,3,MELI,0.08746623382784219,0.08885837208683411,CDNS,0.054696825742203546,0.1888168163229471,QCOM,0.04712629856500772,0.17354632913976564,0.06309645271168449,0.1504071725165156
2019-06,2019-06-03,2019-08-01,2019-06-03,103,91,6,2,3,MELI,0.08746623382784219,0.10141180212578371,CDNS,0.054696825742203546,0.18379254477091256,QCOM,0.04712629856500772,0.07786997388589745,0.06309645271168449,0.1210247735941979
2019-06,2019-06-03,2019-09-03,2019-06-03,103,91,6,3,3,MELI,0.08746623382784219,0.021502505492165813,CDNS,0.054696825742203546,0.10437598941777027,QCOM,0.04712629856500772,0.13721339559888057,0.06309645271168449,0.08769729683627221
2019-07,2019-07-01,2019-08-01,2019-07-01,103,91,6,1,1,MELI,0.13452587821282166,0.011528983346925425,,,,,,,0.13452587821282166,0.011528983346925425
2019-07,2019-07-01,2019-09-03,2019-07-01,103,91,6,2,1,MELI,0.13452587821282166,-0.06185916214757892,,,,,,,0.13452587821282166,-0.06185916214757892
2019-07,2019-07-01,2019-10-01,2019-07-01,103,91,6,3,1,MELI,0.13452587821282166,-0.11122056022726434,,,,,,,0.13452587821282166,-0.11122056022726434
2019-07,2019-07-01,2019-08-01,2019-07-01,103,91,6,1,2,MELI,0.13452587821282166,0.011528983346925425,CDNS,0.09694806925130978,-0.004226279005351552,,,,0.11573697373206572,0.0036513521707869367
2019-07,2019-07-01,2019-09-03,2019-07-01,103,91,6,2,2,MELI,0.13452587821282166,-0.06185916214757892,CDNS,0.09694806925130978,-0.07102930051608414,,,,0.11573697373206572,-0.06644423133183153
2019-07,2019-07-01,2019-10-01,2019-07-01,103,91,6,3,2,MELI,0.13452587821282166,-0.11122056022726434,CDNS,0.09694806925130978,-0.10988408624762858,,,,0.11573697373206572,-0.11055232323744646
2019-07,2019-07-01,2019-08-01,2019-07-01,103,91,6,1,3,MELI,0.13452587821282166,0.011528983346925425,CDNS,0.09694806925130978,-0.004226279005351552,AMD,0.09300079527770407,-0.04294872178912246,0.10815824758061184,-0.011882005815849528
2019-07,2019-07-01,2019-09-03,2019-07-01,103,91,6,2,3,MELI,0.13452587821282166,-0.06185916214757892,CDNS,0.09694806925130978,-0.07102930051608414,AMD,0.09300079527770407,-0.00961542106003821,0.10815824758061184,-0.04750129457456709
2019-07,2019-07-01,2019-10-01,2019-07-01,103,91,6,3,3,MELI,0.13452587821282166,-0.11122056022726434,CDNS,0.09694806925130978,-0.10988408624762858,AMD,0.09300079527770407,-0.0782051434099944,0.10815824758061184,-0.0997699299616291
2019-08,2019-08-01,2019-09-03,2019-08-01,103,91,6,1,1,MELI,0.09917234455892676,-0.07255169817445994,,,,,,,0.09917234455892676,-0.07255169817445994
2019-08,2019-08-01,2019-10-01,2019-08-01,103,91,6,2,1,MELI,0.09917234455892676,-0.12135049572978007,,,,,,,0.09917234455892676,-0.12135049572978007
2019-08,2019-08-01,2019-11-01,2019-08-01,103,91,6,3,1,MELI,0.09917234455892676,-0.2178146852073758,,,,,,,0.09917234455892676,-0.2178146852073758
2019-08,2019-08-01,2019-09-03,2019-08-01,103,91,6,1,2,MELI,0.09917234455892676,-0.07255169817445994,QCOM,0.08822928082334035,0.05505619708380993,,,,0.09370081269113356,-0.008747750545325006
2019-08,2019-08-01,2019-10-01,2019-08-01,103,91,6,2,2,MELI,0.09917234455892676,-0.12135049572978007,QCOM,0.08822928082334035,0.0683877971902278,,,,0.09370081269113356,-0.026481349269776133
2019-08,2019-08-01,2019-11-01,2019-08-01,103,91,6,3,2,MELI,0.09917234455892676,-0.2178146852073758,QCOM,0.08822928082334035,0.18319631875734954,,,,0.09370081269113356,-0.017309183225013125
2019-08,2019-08-01,2019-09-03,2019-08-01,103,91,6,1,3,MELI,0.09917234455892676,-0.07255169817445994,QCOM,0.08822928082334035,0.05505619708380993,CDNS,0.07523204310414727,-0.06708654798000191,0.08754455616213813,-0.028194016356883973
2019-08,2019-08-01,2019-10-01,2019-08-01,103,91,6,2,3,MELI,0.09917234455892676,-0.12135049572978007,QCOM,0.08822928082334035,0.0683877971902278,CDNS,0.07523204310414727,-0.1061062418244364,0.08754455616213813,-0.053022980121329555
2019-08,2019-08-01,2019-11-01,2019-08-01,103,91,6,3,3,MELI,0.09917234455892676,-0.2178146852073758,QCOM,0.08822928082334035,0.18319631875734954,CDNS,0.07523204310414727,-0.10350489408313512,0.08754455616213813,-0.046041086844387125
2019-09,2019-09-03,2019-10-01,2019-09-03,103,91,6,1,1,QCOM,0.08198502326324847,0.012635914696550454,,,,,,,0.08198502326324847,0.012635914696550454
2019-09,2019-09-03,2019-11-01,2019-09-03,103,91,6,2,1,QCOM,0.08198502326324847,0.12145336146806263,,,,,,,0.08198502326324847,0.12145336146806263
2019-09,2019-09-03,2019-12-02,2019-09-03,103,91,6,3,1,QCOM,0.08198502326324847,0.10629169996959575,,,,,,,0.08198502326324847,0.10629169996959575
2019-09,2019-09-03,2019-10-01,2019-09-03,103,91,6,1,2,QCOM,0.08198502326324847,0.012635914696550454,TTWO,0.06899101088305293,-0.06645905936973762,,,,0.0754880170731507,-0.02691157233659358
2019-09,2019-09-03,2019-11-01,2019-09-03,103,91,6,2,2,QCOM,0.08198502326324847,0.12145336146806263,TTWO,0.06899101088305293,-0.11210695523076508,,,,0.0754880170731507,0.004673203118648772
2019-09,2019-09-03,2019-12-02,2019-09-03,103,91,6,3,2,QCOM,0.08198502326324847,0.10629169996959575,TTWO,0.06899101088305293,-0.08301686162204891,,,,0.0754880170731507,0.011637419173773422
2019-09,2019-09-03,2019-10-01,2019-09-03,103,91,6,1,3,QCOM,0.08198502326324847,0.012635914696550454,TTWO,0.06899101088305293,-0.06645905936973762,SBUX,0.05593648279932978,-0.10602456668811944,0.06897083898187706,-0.053282570453768864
2019-09,2019-09-03,2019-11-01,2019-09-03,103,91,6,2,3,QCOM,0.08198502326324847,0.12145336146806263,TTWO,0.06899101088305293,-0.11210695523076508,SBUX,0.05593648279932978,-0.140126198790833,0.06897083898187706,-0.043593264184511815
2019-09,2019-09-03,2019-12-02,2019-09-03,103,91,6,3,3,QCOM,0.08198502326324847,0.10629169996959575,TTWO,0.06899101088305293,-0.08301686162204891,SBUX,0.05593648279932978,-0.12170376292600427,0.06897083898187706,-0.032809641526152476
2019-10,2019-10-01,2019-11-01,2019-10-01,103,91,6,1,1,QCOM,0.0709230983693082,0.1074595964771019,,,,,,,0.0709230983693082,0.1074595964771019
2019-10,2019-10-01,2019-12-02,2019-10-01,103,91,6,2,1,QCOM,0.0709230983693082,0.09248712584039698,,,,,,,0.0709230983693082,0.09248712584039698
2019-10,2019-10-01,2020-01-02,2019-10-01,103,91,6,3,1,QCOM,0.0709230983693082,0.18428121634320083,,,,,,,0.0709230983693082,0.18428121634320083
2019-10,2019-10-01,2019-11-01,2019-10-01,103,91,6,1,2,QCOM,0.0709230983693082,0.1074595964771019,HAS,0.059126763814473716,-0.17075094916841926,,,,0.06502493109189096,-0.03164567634565868
2019-10,2019-10-01,2019-12-02,2019-10-01,103,91,6,2,2,QCOM,0.0709230983693082,0.09248712584039698,HAS,0.059126763814473716,-0.13592699990774948,,,,0.06502493109189096,-0.02171993703367625
2019-10,2019-10-01,2020-01-02,2019-10-01,103,91,6,3,2,QCOM,0.0709230983693082,0.18428121634320083,HAS,0.059126763814473716,-0.09430971637232188,,,,0.06502493109189096,0.04498574998543947
2019-10,2019-10-01,2019-11-01,2019-10-01,103,91,6,1,3,QCOM,0.0709230983693082,0.1074595964771019,HAS,0.059126763814473716,-0.17075094916841926,KLAC,0.053733173201117035,0.08926648010969362,0.06126101179496632,0.008658375806125421
2019-10,2019-10-01,2019-12-02,2019-10-01,103,91,6,2,3,QCOM,0.0709230983693082,0.09248712584039698,HAS,0.059126763814473716,-0.13592699990774948,KLAC,0.053733173201117035,0.02242052514947912,0.06126101179496632,-0.0070064496392911275
2019-10,2019-10-01,2020-01-02,2019-10-01,103,91,6,3,3,QCOM,0.0709230983693082,0.18428121634320083,HAS,0.059126763814473716,-0.09430971637232188,KLAC,0.053733173201117035,0.1589677204032316,0.06126101179496632,0.08297974012470351
2019-11,2019-11-01,2019-12-02,2019-11-01,103,91,6,1,1,TSLA,0.0656029607831199,0.06881367125383675,,,,,,,0.0656029607831199,0.06881367125383675
2019-11,2019-11-01,2020-01-02,2019-11-01,103,91,6,2,1,TSLA,0.0656029607831199,0.3732725058894282,,,,,,,0.0656029607831199,0.3732725058894282
2019-11,2019-11-01,2020-02-03,2019-11-01,103,91,6,3,1,TSLA,0.0656029607831199,1.489547143643243,,,,,,,0.0656029607831199,1.489547143643243
2019-11,2019-11-01,2019-12-02,2019-11-01,103,91,6,1,2,TSLA,0.0656029607831199,0.06881367125383675,KLAC,0.0634264149613224,-0.06136786193354882,,,,0.06451468787222114,0.0037229046601439664
2019-11,2019-11-01,2020-01-02,2019-11-01,103,91,6,2,2,TSLA,0.0656029607831199,0.3732725058894282,KLAC,0.0634264149613224,0.0639891537711863,,,,0.06451468787222114,0.21863082983030724
2019-11,2019-11-01,2020-02-03,2019-11-01,103,91,6,3,2,TSLA,0.0656029607831199,1.489547143643243,KLAC,0.0634264149613224,-0.009674756984777266,,,,0.06451468787222114,0.7399361933292329
2019-11,2019-11-01,2019-12-02,2019-11-01,103,91,6,1,3,TSLA,0.0656029607831199,0.06881367125383675,KLAC,0.0634264149613224,-0.06136786193354882,LRCX,0.0611533271486426,-0.05505659008826036,0.06339423429769496,-0.01587026025599081
2019-11,2019-11-01,2020-01-02,2019-11-01,103,91,6,2,3,TSLA,0.0656029607831199,0.3732725058894282,KLAC,0.0634264149613224,0.0639891537711863,LRCX,0.0611533271486426,0.07515873642297666,0.06339423429769496,0.1708067986945304
2019-11,2019-11-01,2020-02-03,2019-11-01,103,91,6,3,3,TSLA,0.0656029607831199,1.489547143643243,KLAC,0.0634264149613224,-0.009674756984777266,LRCX,0.0611533271486426,0.11323622683778045,0.06339423429769496,0.5310362044987488
2019-12,2019-12-02,2020-01-02,2019-12-02,103,92,6,1,1,TSLA,0.11627252063743833,0.28485679293232424,,,,,,,0.11627252063743833,0.28485679293232424
2019-12,2019-12-02,2020-02-03,2019-12-02,103,92,6,2,1,TSLA,0.11627252063743833,1.3292620693396717,,,,,,,0.11627252063743833,1.3292620693396717
2019-12,2019-12-02,2020-03-02,2019-12-02,103,92,6,3,1,TSLA,0.11627252063743833,1.2206229967734785,,,,,,,0.11627252063743833,1.2206229967734785
2019-12,2019-12-02,2020-01-02,2019-12-02,103,92,6,1,2,TSLA,0.11627252063743833,0.28485679293232424,KLAC,0.08425818515159554,0.1335528697781072,,,,0.10026535289451693,0.20920483135521573
2019-12,2019-12-02,2020-02-03,2019-12-02,103,92,6,2,2,TSLA,0.11627252063743833,1.3292620693396717,KLAC,0.08425818515159554,0.05507280525814684,,,,0.10026535289451693,0.6921674372989093
2019-12,2019-12-02,2020-03-02,2019-12-02,103,92,6,3,2,TSLA,0.11627252063743833,1.2206229967734785,KLAC,0.08425818515159554,-0.009537447310933977,,,,0.10026535289451693,0.6055427747312723
2019-12,2019-12-02,2020-01-02,2019-12-02,103,92,6,1,3,TSLA,0.11627252063743833,0.28485679293232424,KLAC,0.08425818515159554,0.1335528697781072,NVDA,0.08147543832355018,0.14652334647615683,0.09400204803752803,0.1883110030621961
2019-12,2019-12-02,2020-02-03,2019-12-02,103,92,6,2,3,TSLA,0.11627252063743833,1.3292620693396717,KLAC,0.08425818515159554,0.05507280525814684,NVDA,0.08147543832355018,0.14853042383288262,0.09400204803752803,0.5109550994769004
2019-12,2019-12-02,2020-03-02,2019-12-02,103,92,6,3,3,TSLA,0.11627252063743833,1.2206229967734785,KLAC,0.08425818515159554,-0.009537447310933977,NVDA,0.08147543832355018,0.32184159947270863,0.09400204803752803,0.5109757163117511
2020-01,2020-01-02,2020-02-03,2020-01-02,103,91,6,1,1,TSLA,0.1188621594666147,0.8128573411078648,,,,,,,0.1188621594666147,0.8128573411078648
2020-01,2020-01-02,2020-03-02,2020-01-02,103,91,6,2,1,TSLA,0.1188621594666147,0.7283038926894965,,,,,,,0.1188621594666147,0.7283038926894965
2020-01,2020-01-02,2020-04-01,2020-01-02,103,91,6,3,1,TSLA,0.1188621594666147,0.11923023547882572,,,,,,,0.1188621594666147,0.11923023547882572
2020-01,2020-01-02,2020-02-03,2020-01-02,103,91,6,1,2,TSLA,0.1188621594666147,0.8128573411078648,AMD,0.0855965491220218,-0.021995886963757094,,,,0.10222935429431826,0.39543072707205384
2020-01,2020-01-02,2020-03-02,2020-01-02,103,91,6,2,2,TSLA,0.1188621594666147,0.7283038926894965,AMD,0.0855965491220218,-0.03340121060314938,,,,0.10222935429431826,0.34745134104317354
2020-01,2020-01-02,2020-04-01,2020-01-02,103,91,6,3,2,TSLA,0.1188621594666147,0.11923023547882572,AMD,0.0855965491220218,-0.11079427282622445,,,,0.10222935429431826,0.004217981326300635
2020-01,2020-01-02,2020-02-03,2020-01-02,103,91,6,1,3,TSLA,0.1188621594666147,0.8128573411078648,AMD,0.0855965491220218,-0.021995886963757094,LRCX,0.08136087018541854,0.03541569177169723,0.09527319292468502,0.2754257153052683
2020-01,2020-01-02,2020-03-02,2020-01-02,103,91,6,2,3,TSLA,0.1188621594666147,0.7283038926894965,AMD,0.0855965491220218,-0.03340121060314938,LRCX,0.08136087018541854,0.008190942713536042,0.09527319292468502,0.23436454159996103
2020-01,2020-01-02,2020-04-01,2020-01-02,103,91,6,3,3,TSLA,0.1188621594666147,0.11923023547882572,AMD,0.0855965491220218,-0.11079427282622445,LRCX,0.08136087018541854,-0.24579625289111218,0.09527319292468502,-0.07912009674617031
2020-02,2020-02-03,2020-03-02,2020-02-03,103,91,6,1,1,TSLA,0.24943749949771674,-0.04664098299466646,,,,,,,0.24943749949771674,-0.04664098299466646
2020-02,2020-02-03,2020-04-01,2020-02-03,103,91,6,2,1,TSLA,0.24943749949771674,-0.38261538285475516,,,,,,,0.24943749949771674,-0.38261538285475516
2020-02,2020-02-03,2020-05-01,2020-02-03,103,91,6,3,1,TSLA,0.24943749949771674,-0.10087181971623349,,,,,,,0.24943749949771674,-0.10087181971623349
2020-02,2020-02-03,2020-03-02,2020-02-03,103,91,6,1,2,TSLA,0.24943749949771674,-0.04664098299466646,AMD,0.0890886882595827,-0.011661836067318854,,,,0.1692630938786497,-0.029151409530992656
2020-02,2020-02-03,2020-04-01,2020-02-03,103,91,6,2,2,TSLA,0.24943749949771674,-0.38261538285475516,AMD,0.0890886882595827,-0.09079551371904782,,,,0.1692630938786497,-0.2367054482869015
2020-02,2020-02-03,2020-05-01,2020-02-03,103,91,6,3,2,TSLA,0.24943749949771674,-0.10087181971623349,AMD,0.0890886882595827,0.038733873232415617,,,,0.1692630938786497,-0.031068973241908937
2020-02,2020-02-03,2020-03-02,2020-02-03,103,91,6,1,3,TSLA,0.24943749949771674,-0.04664098299466646,AMD,0.0890886882595827,-0.011661836067318854,LRCX,0.07470288690852102,-0.026293544973784444,0.13774302488860682,-0.028198788011923253
2020-02,2020-02-03,2020-04-01,2020-02-03,103,91,6,2,3,TSLA,0.24943749949771674,-0.38261538285475516,AMD,0.0890886882595827,-0.09079551371904782,LRCX,0.07470288690852102,-0.27159328074469147,0.13774302488860682,-0.24833472577283147
2020-02,2020-02-03,2020-05-01,2020-02-03,103,91,6,3,3,TSLA,0.24943749949771674,-0.10087181971623349,AMD,0.0890886882595827,0.038733873232415617,LRCX,0.07470288690852102,-0.2334653957792917,0.13774302488860682,-0.09853444742103652
2020-03,2020-03-02,2020-04-01,2020-03-02,103,91,6,1,1,TSLA,0.24796433939065818,-0.35241120487373445,,,,,,,0.24796433939065818,-0.35241120487373445
2020-03,2020-03-02,2020-05-01,2020-03-02,103,91,6,2,1,TSLA,0.24796433939065818,-0.05688396055865241,,,,,,,0.24796433939065818,-0.05688396055865241
2020-03,2020-03-02,2020-06-01,2020-03-02,103,91,6,3,1,TSLA,0.24796433939065818,0.20774045142001563,,,,,,,0.24796433939065818,0.20774045142001563
2020-03,2020-03-02,2020-04-01,2020-03-02,103,91,6,1,2,TSLA,0.24796433939065818,-0.35241120487373445,REGN,0.09461847013176411,0.0686392437135599,,,,0.17129140476121113,-0.14188598058008728
2020-03,2020-03-02,2020-05-01,2020-03-02,103,91,6,2,2,TSLA,0.24796433939065818,-0.05688396055865241,REGN,0.09461847013176411,0.1307154931750838,,,,0.17129140476121113,0.03691576630821569
2020-03,2020-03-02,2020-06-01,2020-03-02,103,91,6,3,2,TSLA,0.24796433939065818,0.20774045142001563,REGN,0.09461847013176411,0.2898763727368183,,,,0.17129140476121113,0.24880841207841697
2020-03,2020-03-02,2020-04-01,2020-03-02,103,91,6,1,3,TSLA,0.24796433939065818,-0.35241120487373445,REGN,0.09461847013176411,0.0686392437135599,NVDA,0.09283259700408357,-0.12068162663887871,0.1451384688421686,-0.13481786259968442
2020-03,2020-03-02,2020-05-01,2020-03-02,103,91,6,2,3,TSLA,0.24796433939065818,-0.05688396055865241,REGN,0.09461847013176411,0.1307154931750838,NVDA,0.09283259700408357,0.022971292341396055,0.1451384688421686,0.03226760831927581
2020-03,2020-03-02,2020-06-01,2020-03-02,103,91,6,3,3,TSLA,0.24796433939065818,0.20774045142001563,REGN,0.09461847013176411,0.2898763727368183,NVDA,0.09283259700408357,0.2742827042756455,0.1451384688421686,0.25729984281082646
2020-04,2020-04-01,2020-05-01,2020-04-01,103,91,6,1,1,TSLA,0.17465199497854375,0.45635015080435526,,,,,,,0.17465199497854375,0.45635015080435526
2020-04,2020-04-01,2020-06-01,2020-04-01,103,91,6,2,1,TSLA,0.17465199497854375,0.864980463697697,,,,,,,0.17465199497854375,0.864980463697697
2020-04,2020-04-01,2020-07-01,2020-04-01,103,91,6,3,1,TSLA,0.17465199497854375,1.325006169890199,,,,,,,0.17465199497854375,1.325006169890199
2020-04,2020-04-01,2020-05-01,2020-04-01,103,91,6,1,2,TSLA,0.17465199497854375,0.45635015080435526,REGN,0.11111470480299777,0.058089060294853834,,,,0.14288334989077076,0.25721960554960455
2020-04,2020-04-01,2020-06-01,2020-04-01,103,91,6,2,2,TSLA,0.17465199497854375,0.864980463697697,REGN,0.11111470480299777,0.20702695537780502,,,,0.14288334989077076,0.536003709537751
2020-04,2020-04-01,2020-07-01,2020-04-01,103,91,6,3,2,TSLA,0.17465199497854375,1.325006169890199,REGN,0.11111470480299777,0.2265577990544525,,,,0.14288334989077076,0.7757819844723257
2020-04,2020-04-01,2020-05-01,2020-04-01,103,91,6,1,3,TSLA,0.17465199497854375,0.45635015080435526,REGN,0.11111470480299777,0.058089060294853834,AMD,0.07953822638906105,0.14246452685390487,0.12176830872353418,0.218967912651038
2020-04,2020-04-01,2020-06-01,2020-04-01,103,91,6,2,3,TSLA,0.17465199497854375,0.864980463697697,REGN,0.11111470480299777,0.20702695537780502,AMD,0.07953822638906105,0.2283555028755706,0.12176830872353418,0.4334543073170242
2020-04,2020-04-01,2020-07-01,2020-04-01,103,91,6,3,3,TSLA,0.17465199497854375,1.325006169890199,REGN,0.11111470480299777,0.2265577990544525,AMD,0.07953822638906105,0.20430604706406785,0.12176830872353418,0.5852900053362398
2020-05,2020-05-01,2020-06-01,2020-05-01,103,91,6,1,1,TSLA,0.20397096137166337,0.28058520999750747,,,,,,,0.20397096137166337,0.28058520999750747
2020-05,2020-05-01,2020-07-01,2020-05-01,103,91,6,2,1,TSLA,0.20397096137166337,0.5964609668945873,,,,,,,0.20397096137166337,0.5964609668945873
2020-05,2020-05-01,2020-08-03,2020-05-01,103,91,6,3,1,TSLA,0.20397096137166337,1.1174357512021218,,,,,,,0.20397096137166337,1.1174357512021218
2020-05,2020-05-01,2020-06-01,2020-05-01,103,91,6,1,2,TSLA,0.20397096137166337,0.28058520999750747,DXCM,0.15353452676785365,0.10886631643652023,,,,0.1787527440697585,0.19472576321701385
2020-05,2020-05-01,2020-07-01,2020-05-01,103,91,6,2,2,TSLA,0.20397096137166337,0.5964609668945873,DXCM,0.15353452676785365,0.17184939192258142,,,,0.1787527440697585,0.38415517940858435
2020-05,2020-05-01,2020-08-03,2020-05-01,103,91,6,3,2,TSLA,0.20397096137166337,1.1174357512021218,DXCM,0.15353452676785365,0.29910408673025923,,,,0.1787527440697585,0.7082699189661905
2020-05,2020-05-01,2020-06-01,2020-05-01,103,91,6,1,3,TSLA,0.20397096137166337,0.28058520999750747,DXCM,0.15353452676785365,0.10886631643652023,ZM,0.12745774295721504,0.4733689195552575,0.16165441036557734,0.28760681532976173
2020-05,2020-05-01,2020-07-01,2020-05-01,103,91,6,2,3,TSLA,0.20397096137166337,0.5964609668945873,DXCM,0.15353452676785365,0.17184939192258142,ZM,0.12745774295721504,0.8701646178452951,0.16165441036557734,0.5461583255541546
2020-05,2020-05-01,2020-08-03,2020-05-01,103,91,6,3,3,TSLA,0.20397096137166337,1.1174357512021218,DXCM,0.15353452676785365,0.29910408673025923,ZM,0.12745774295721504,0.9341801726480916,0.16165441036557734,0.7835733368601575
2020-06,2020-06-01,2020-07-01,2020-06-01,103,91,6,1,1,TSLA,0.23926621782894184,0.246665160920994,,,,,,,0.23926621782894184,0.246665160920994
2020-06,2020-06-01,2020-08-03,2020-06-01,103,91,6,2,1,TSLA,0.23926621782894184,0.6534907124268936,,,,,,,0.23926621782894184,0.6534907124268936
2020-06,2020-06-01,2020-09-01,2020-06-01,103,91,6,3,1,TSLA,0.23926621782894184,1.6447501455040907,,,,,,,0.23926621782894184,1.6447501455040907
2020-06,2020-06-01,2020-07-01,2020-06-01,103,91,6,1,2,TSLA,0.23926621782894184,0.246665160920994,ZM,0.20980949118051118,0.26931184242016726,,,,0.22453785450472652,0.25798850167058063
2020-06,2020-06-01,2020-08-03,2020-06-01,103,91,6,2,2,TSLA,0.23926621782894184,0.6534907124268936,ZM,0.20980949118051118,0.3127602645723868,,,,0.22453785450472652,0.4831254884996402
2020-06,2020-06-01,2020-09-01,2020-06-01,103,91,6,3,2,TSLA,0.23926621782894184,1.6447501455040907,ZM,0.20980949118051118,1.2419300324519287,,,,0.22453785450472652,1.4433400889780097
2020-06,2020-06-01,2020-07-01,2020-06-01,103,91,6,1,3,TSLA,0.23926621782894184,0.246665160920994,ZM,0.20980949118051118,0.26931184242016726,DXCM,0.10109193061481632,0.056799520873233034,0.1833892132080898,0.19092550807146477
2020-06,2020-06-01,2020-08-03,2020-06-01,103,91,6,2,3,TSLA,0.23926621782894184,0.6534907124268936,ZM,0.20980949118051118,0.3127602645723868,DXCM,0.10109193061481632,0.17156059975299076,0.1833892132080898,0.3792705255840904
2020-06,2020-06-01,2020-09-01,2020-06-01,103,91,6,3,3,TSLA,0.23926621782894184,1.6447501455040907,ZM,0.20980949118051118,1.2419300324519287,DXCM,0.10109193061481632,0.11484021344736473,0.1833892132080898,1.0005067971344614
2020-07,2020-07-01,2020-08-03,2020-07-01,103,91,6,1,1,ZM,0.2552025575317976,0.03422990371647172,,,,,,,0.2552025575317976,0.03422990371647172
2020-07,2020-07-01,2020-09-01,2020-07-01,103,91,6,2,1,ZM,0.2552025575317976,0.7662562953618184,,,,,,,0.2552025575317976,0.7662562953618184
2020-07,2020-07-01,2020-10-01,2020-07-01,103,91,6,3,1,ZM,0.2552025575317976,0.863890638418348,,,,,,,0.2552025575317976,0.863890638418348
2020-07,2020-07-01,2020-08-03,2020-07-01,103,91,6,1,2,ZM,0.2552025575317976,0.03422990371647172,TSLA,0.23290094582705345,0.3263310504364707,,,,0.24405175167942553,0.1802804770764712
2020-07,2020-07-01,2020-09-01,2020-07-01,103,91,6,2,2,ZM,0.2552025575317976,0.7662562953618184,TSLA,0.23290094582705345,1.1214598983019939,,,,0.24405175167942553,0.9438580968319061
2020-07,2020-07-01,2020-10-01,2020-07-01,103,91,6,3,2,ZM,0.2552025575317976,0.863890638418348,TSLA,0.23290094582705345,1.0013755847103831,,,,0.24405175167942553,0.9326331115643656
2020-07,2020-07-01,2020-08-03,2020-07-01,103,91,6,1,3,ZM,0.2552025575317976,0.03422990371647172,TSLA,0.23290094582705345,0.3263310504364707,DOCU,0.160339199735948,0.2644165751574201,0.21614756769826635,0.20832584310345417
2020-07,2020-07-01,2020-09-01,2020-07-01,103,91,6,2,3,ZM,0.2552025575317976,0.7662562953618184,TSLA,0.23290094582705345,1.1214598983019939,DOCU,0.160339199735948,0.5020114981485417,0.21614756769826635,0.7965758972707846
2020-07,2020-07-01,2020-10-01,2020-07-01,103,91,6,3,3,ZM,0.2552025575317976,0.863890638418348,TSLA,0.23290094582705345,1.0013755847103831,DOCU,0.160339199735948,0.24195343187598106,0.21614756769826635,0.7024065516682375
2020-08,2020-08-03,2020-09-01,2020-08-03,103,91,6,1,1,MRNA,0.27141439306487714,-0.18799696115691278,,,,,,,0.27141439306487714,-0.18799696115691278
2020-08,2020-08-03,2020-10-01,2020-08-03,103,91,6,2,1,MRNA,0.27141439306487714,-0.10194927206206439,,,,,,,0.27141439306487714,-0.10194927206206439
2020-08,2020-08-03,2020-11-02,2020-08-03,103,91,6,3,1,MRNA,0.27141439306487714,-0.13939474581486444,,,,,,,0.27141439306487714,-0.13939474581486444
2020-08,2020-08-03,2020-09-01,2020-08-03,103,91,6,1,2,MRNA,0.27141439306487714,-0.18799696115691278,ZM,0.21497234041506583,0.7077985165724117,,,,0.2431933667399715,0.25990077770774944
2020-08,2020-08-03,2020-10-01,2020-08-03,103,91,6,2,2,MRNA,0.27141439306487714,-0.10194927206206439,ZM,0.21497234041506583,0.8022014560984141,,,,0.2431933667399715,0.35012609201817485
2020-08,2020-08-03,2020-11-02,2020-08-03,103,91,6,3,2,MRNA,0.27141439306487714,-0.13939474581486444,ZM,0.21497234041506583,0.6902985074626866,,,,0.2431933667399715,0.2754518808239111
2020-08,2020-08-03,2020-09-01,2020-08-03,103,91,6,1,3,MRNA,0.27141439306487714,-0.18799696115691278,ZM,0.21497234041506583,0.7077985165724117,DOCU,0.19402216508948344,0.187908738037178,0.2268029661898088,0.2359034311508923
2020-08,2020-08-03,2020-10-01,2020-08-03,103,91,6,2,3,MRNA,0.27141439306487714,-0.10194927206206439,ZM,0.21497234041506583,0.8022014560984141,DOCU,0.19402216508948344,-0.017765619118558673,0.2268029661898088,0.22749552163926368
2020-08,2020-08-03,2020-11-02,2020-08-03,103,91,6,3,3,MRNA,0.27141439306487714,-0.13939474581486444,ZM,0.21497234041506583,0.6902985074626866,DOCU,0.19402216508948344,-0.10924518894316382,0.2268029661898088,0.14721952423488613
2020-09,2020-09-01,2020-10-01,2020-09-01,103,91,6,1,1,ZM,0.28455105757549964,0.055277562669085345,,,,,,,0.28455105757549964,0.055277562669085345
2020-09,2020-09-01,2020-11-02,2020-09-01,103,91,6,2,1,ZM,0.28455105757549964,-0.010247115769164594,,,,,,,0.28455105757549964,-0.010247115769164594
2020-09,2020-09-01,2020-12-01,2020-09-01,103,91,6,3,1,ZM,0.28455105757549964,-0.11225939961271114,,,,,,,0.28455105757549964,-0.11225939961271114
2020-09,2020-09-01,2020-10-01,2020-09-01,103,91,6,1,2,ZM,0.28455105757549964,0.055277562669085345,TSLA,0.2595025630720359,-0.05660456447360884,,,,0.27202681032376774,-0.0006635009022617488
2020-09,2020-09-01,2020-11-02,2020-09-01,103,91,6,2,2,ZM,0.28455105757549964,-0.010247115769164594,TSLA,0.2595025630720359,-0.15690987514870935,,,,0.27202681032376774,-0.08357849545893697
2020-09,2020-09-01,2020-12-01,2020-09-01,103,91,6,3,2,ZM,0.28455105757549964,-0.11225939961271114,TSLA,0.2595025630720359,0.2309440521367796,,,,0.27202681032376774,0.05934232626203423
2020-09,2020-09-01,2020-10-01,2020-09-01,103,91,6,1,3,ZM,0.28455105757549964,0.055277562669085345,TSLA,0.2595025630720359,-0.05660456447360884,DOCU,0.2101887686431517,-0.17313986383800783,0.2514141297635624,-0.05815562188084378
2020-09,2020-09-01,2020-11-02,2020-09-01,103,91,6,2,3,ZM,0.28455105757549964,-0.010247115769164594,TSLA,0.2595025630720359,-0.15690987514870935,DOCU,0.2101887686431517,-0.25014878455338196,0.2514141297635624,-0.1391019251570853
2020-09,2020-09-01,2020-12-01,2020-09-01,103,91,6,3,3,ZM,0.28455105757549964,-0.11225939961271114,TSLA,0.2595025630720359,0.2309440521367796,DOCU,0.2101887686431517,-0.1975073790553583,0.2514141297635624,-0.02627424217709662
2020-10,2020-10-01,2020-11-02,2020-10-01,103,91,6,1,1,TSLA,0.30880366980539015,-0.106323718451248,,,,,,,0.30880366980539015,-0.106323718451248
2020-10,2020-10-01,2020-12-01,2020-10-01,103,91,6,2,1,TSLA,0.30880366980539015,0.3048017891351611,,,,,,,0.30880366980539015,0.3048017891351611
2020-10,2020-10-01,2021-01-04,2020-10-01,103,91,6,3,1,TSLA,0.30880366980539015,0.6283692731663943,,,,,,,0.30880366980539015,0.6283692731663943
2020-10,2020-10-01,2020-11-02,2020-10-01,103,91,6,1,2,TSLA,0.30880366980539015,-0.106323718451248,ZM,0.2585622647377964,-0.0620923639014177,,,,0.28368296727159326,-0.08420804117633285
2020-10,2020-10-01,2020-12-01,2020-10-01,103,91,6,2,2,TSLA,0.30880366980539015,0.3048017891351611,ZM,0.2585622647377964,-0.15876103899911387,,,,0.28368296727159326,0.07302037506802361
2020-10,2020-10-01,2021-01-04,2020-10-01,103,91,6,3,2,TSLA,0.30880366980539015,0.6283692731663943,ZM,0.2585622647377964,-0.25468432417896536,,,,0.28368296727159326,0.1868424744937145
2020-10,2020-10-01,2020-11-02,2020-10-01,103,91,6,1,3,TSLA,0.30880366980539015,-0.106323718451248,ZM,0.2585622647377964,-0.0620923639014177,MRNA,0.18122397436660206,-0.041696390401888106,0.2495299696365962,-0.0700374909181846
2020-10,2020-10-01,2020-12-01,2020-10-01,103,91,6,2,3,TSLA,0.30880366980539015,0.3048017891351611,ZM,0.2585622647377964,-0.15876103899911387,MRNA,0.18122397436660206,1.0135655713951408,0.2495299696365962,0.386535440510396
2020-10,2020-10-01,2021-01-04,2020-10-01,103,91,6,3,3,TSLA,0.30880366980539015,0.6283692731663943,ZM,0.2585622647377964,-0.25468432417896536,MRNA,0.18122397436660206,0.5954591647082048,0.2495299696365962,0.3230480378985446
2020-11,2020-11-02,2020-12-01,2020-11-02,103,91,6,1,1,ZM,0.24631573017199596,-0.10306843806049948,,,,,,,0.24631573017199596,-0.10306843806049948
2020-11,2020-11-02,2021-01-04,2020-11-02,103,91,6,2,1,ZM,0.24631573017199596,-0.20534213910302845,,,,,,,0.24631573017199596,-0.20534213910302845
2020-11,2020-11-02,2021-02-01,2020-11-02,103,91,6,3,1,ZM,0.24631573017199596,-0.15688743338679623,,,,,,,0.24631573017199596,-0.15688743338679623
2020-11,2020-11-02,2020-12-01,2020-11-02,103,91,6,1,2,ZM,0.24631573017199596,-0.10306843806049948,TSLA,0.21502469159612295,0.46003851290975684,,,,0.23067021088405945,0.17848503742462868
2020-11,2020-11-02,2021-01-04,2020-11-02,103,91,6,2,2,ZM,0.24631573017199596,-0.20534213910302845,TSLA,0.21502469159612295,0.8221019252568842,,,,0.23067021088405945,0.30837989307692787
2020-11,2020-11-02,2021-02-01,2020-11-02,103,91,6,3,2,ZM,0.24631573017199596,-0.15688743338679623,TSLA,0.21502469159612295,1.0968516930661902,,,,0.23067021088405945,0.469982129839697
2020-11,2020-11-02,2020-12-01,2020-11-02,103,91,6,1,3,ZM,0.24631573017199596,-0.10306843806049948,TSLA,0.21502469159612295,0.46003851290975684,ALGN,0.15352526142072365,0.09087340424101398,0.2049552277296142,0.14928115969675712
2020-11,2020-11-02,2021-01-04,2020-11-02,103,91,6,2,3,ZM,0.24631573017199596,-0.20534213910302845,TSLA,0.21502469159612295,0.8221019252568842,ALGN,0.15352526142072365,0.14837278415716715,0.2049552277296142,0.2550441901036743
2020-11,2020-11-02,2021-02-01,2020-11-02,103,91,6,3,3,ZM,0.24631573017199596,-0.15688743338679623,TSLA,0.21502469159612295,1.0968516930661902,ALGN,0.15352526142072365,0.1845606511233202,0.2049552277296142,0.37484163693423805
2020-12,2020-12-01,2021-01-04,2020-12-01,103,91,6,1,1,TSLA,0.24493357541483118,0.24798209714725927,,,,,,,0.24493357541483118,0.24798209714725927
2020-12,2020-12-01,2021-02-01,2020-12-01,103,91,6,2,1,TSLA,0.24493357541483118,0.4361619056796717,,,,,,,0.24493357541483118,0.4361619056796717
2020-12,2020-12-01,2021-03-01,2020-12-01,103,91,6,3,1,TSLA,0.24493357541483118,0.228589531916366,,,,,,,0.24493357541483118,0.228589531916366
2020-12,2020-12-01,2021-01-04,2020-12-01,103,91,6,1,2,TSLA,0.24493357541483118,0.24798209714725927,MRNA,0.20567991326429416,-0.20764479320990892,,,,0.22530674433956266,0.020168651968675178
2020-12,2020-12-01,2021-02-01,2020-12-01,103,91,6,2,2,TSLA,0.24493357541483118,0.4361619056796717,MRNA,0.20567991326429416,0.11680024014116741,,,,0.22530674433956266,0.27648107291041957
2020-12,2020-12-01,2021-03-01,2020-12-01,103,91,6,3,2,TSLA,0.24493357541483118,0.228589531916366,MRNA,0.20567991326429416,0.11623289148382931,,,,0.22530674433956266,0.17241121170009766
2020-12,2020-12-01,2021-01-04,2020-12-01,103,91,6,1,3,TSLA,0.24493357541483118,0.24798209714725927,MRNA,0.20567991326429416,-0.20764479320990892,PDD,0.15175613907998206,0.22147361198263127,0.20078987591970246,0.08727030530666054
2020-12,2020-12-01,2021-02-01,2020-12-01,103,91,6,2,3,TSLA,0.24493357541483118,0.4361619056796717,MRNA,0.20567991326429416,0.11680024014116741,PDD,0.15175613907998206,0.2740589956622974,0.20078987591970246,0.27567371382771216
2020-12,2020-12-01,2021-03-01,2020-12-01,103,91,6,3,3,TSLA,0.24493357541483118,0.228589531916366,MRNA,0.20567991326429416,0.11623289148382931,PDD,0.15175613907998206,0.3633367734711179,0.20078987591970246,0.23605306562377107
2021-01,2021-01-04,2021-02-01,2021-01-04,102,91,6,1,1,TSLA,0.2451530647858754,0.15078726606941673,,,,,,,0.2451530647858754,0.15078726606941673
2021-01,2021-01-04,2021-03-01,2021-01-04,102,91,6,2,1,TSLA,0.2451530647858754,-0.015539137360401578,,,,,,,0.2451530647858754,-0.015539137360401578
2021-01,2021-01-04,2021-04-01,2021-01-04,102,91,6,3,1,TSLA,0.2451530647858754,-0.09320747514014649,,,,,,,0.2451530647858754,-0.09320747514014649
2021-01,2021-01-04,2021-02-01,2021-01-04,102,91,6,1,2,TSLA,0.2451530647858754,0.15078726606941673,MRNA,0.17265387838678822,0.40946917565599783,,,,0.20890347158633182,0.2801282208627073
2021-01,2021-01-04,2021-03-01,2021-01-04,102,91,6,2,2,TSLA,0.2451530647858754,-0.015539137360401578,MRNA,0.17265387838678822,0.40875314747510605,,,,0.20890347158633182,0.19660700505735224
2021-01,2021-01-04,2021-04-01,2021-01-04,102,91,6,3,2,TSLA,0.2451530647858754,-0.09320747514014649,MRNA,0.17265387838678822,0.18634206631420636,,,,0.20890347158633182,0.04656729558702993
2021-01,2021-01-04,2021-02-01,2021-01-04,102,91,6,1,3,TSLA,0.2451530647858754,0.15078726606941673,MRNA,0.17265387838678822,0.40946917565599783,PTON,0.1639335251849054,0.005686397191613457,0.19391348945252304,0.18864761297234267
2021-01,2021-01-04,2021-03-01,2021-01-04,102,91,6,2,3,TSLA,0.2451530647858754,-0.015539137360401578,MRNA,0.17265387838678822,0.40875314747510605,PTON,0.1639335251849054,-0.15175396092366045,0.19391348945252304,0.08048668306368134
2021-01,2021-01-04,2021-04-01,2021-01-04,102,91,6,3,3,TSLA,0.2451530647858754,-0.09320747514014649,MRNA,0.17265387838678822,0.18634206631420636,PTON,0.1639335251849054,-0.2320499370925192,0.19391348945252304,-0.04630511530615311
2021-02,2021-02-01,2021-03-01,2021-02-01,102,91,6,1,1,TSLA,0.2158957673913664,-0.14453271106997578,,,,,,,0.2158957673913664,-0.14453271106997578
2021-02,2021-02-01,2021-04-01,2021-02-01,102,91,6,2,1,TSLA,0.2158957673913664,-0.21202419283187057,,,,,,,0.2158957673913664,-0.21202419283187057
2021-02,2021-02-01,2021-05-03,2021-02-01,102,91,6,3,1,TSLA,0.2158957673913664,-0.18445840576084183,,,,,,,0.2158957673913664,-0.18445840576084183
2021-02,2021-02-01,2021-03-01,2021-02-01,102,91,6,1,2,TSLA,0.2158957673913664,-0.14453271106997578,MRNA,0.19654629426846024,-0.0005080126570050636,,,,0.20622103082991333,-0.07252036186349042
2021-02,2021-02-01,2021-04-01,2021-02-01,102,91,6,2,2,TSLA,0.2158957673913664,-0.21202419283187057,MRNA,0.19654629426846024,-0.1583057743976155,,,,0.20622103082991333,-0.18516498361474304
2021-02,2021-02-01,2021-05-03,2021-02-01,102,91,6,3,2,TSLA,0.2158957673913664,-0.18445840576084183,MRNA,0.19654629426846024,0.1812294216358743,,,,0.20622103082991333,-0.0016144920624837633
2021-02,2021-02-01,2021-03-01,2021-02-01,102,91,6,1,3,TSLA,0.2158957673913664,-0.14453271106997578,MRNA,0.19654629426846024,-0.0005080126570050636,BIDU,0.1361668188137406,0.2219603427925545,0.18286962682452243,0.025639873021857884
2021-02,2021-02-01,2021-04-01,2021-02-01,102,91,6,2,3,TSLA,0.2158957673913664,-0.21202419283187057,MRNA,0.19654629426846024,-0.1583057743976155,BIDU,0.1361668188137406,-0.0917359233428311,0.18286962682452243,-0.15402196352410572
2021-02,2021-02-01,2021-05-03,2021-02-01,102,91,6,3,3,TSLA,0.2158957673913664,-0.18445840576084183,MRNA,0.19654629426846024,0.1812294216358743,BIDU,0.1361668188137406,-0.15275537244812376,0.18286962682452243,-0.05199478552436376
2021-03,2021-03-01,2021-04-01,2021-03-01,102,91,6,1,1,MRNA,0.22779445235177817,-0.15787796574547142,,,,,,,0.22779445235177817,-0.15787796574547142
2021-03,2021-03-01,2021-05-03,2021-03-01,102,91,6,2,1,MRNA,0.22779445235177817,0.181829806135817,,,,,,,0.22779445235177817,0.181829806135817
2021-03,2021-03-01,2021-06-01,2021-03-01,102,91,6,3,1,MRNA,0.22779445235177817,0.1731893953156871,,,,,,,0.22779445235177817,0.1731893953156871
2021-03,2021-03-01,2021-04-01,2021-03-01,102,91,6,1,2,MRNA,0.22779445235177817,-0.15787796574547142,BIDU,0.16433953031897483,-0.2567155865455448,,,,0.1960669913353765,-0.20729677614550812
2021-03,2021-03-01,2021-05-03,2021-03-01,102,91,6,2,2,MRNA,0.22779445235177817,0.181829806135817,BIDU,0.16433953031897483,-0.3066512898318271,,,,0.1960669913353765,-0.06241074184800505
2021-03,2021-03-01,2021-06-01,2021-03-01,102,91,6,3,2,MRNA,0.22779445235177817,0.1731893953156871,BIDU,0.16433953031897483,-0.3172067917565986,,,,0.1960669913353765,-0.07200869822045575
2021-03,2021-03-01,2021-04-01,2021-03-01,102,91,6,1,3,MRNA,0.22779445235177817,-0.15787796574547142,BIDU,0.16433953031897483,-0.2567155865455448,PDD,0.14508802775345372,-0.22680635296814,0.17907400347473557,-0.21379996841971874
2021-03,2021-03-01,2021-05-03,2021-03-01,102,91,6,2,3,MRNA,0.22779445235177817,0.181829806135817,BIDU,0.16433953031897483,-0.3066512898318271,PDD,0.14508802775345372,-0.28321247891106605,0.17907400347473557,-0.13601132086902537
2021-03,2021-03-01,2021-06-01,2021-03-01,102,91,6,3,3,MRNA,0.22779445235177817,0.1731893953156871,BIDU,0.16433953031897483,-0.3172067917565986,PDD,0.14508802775345372,-0.251463868350295,0.17907400347473557,-0.1318270882637355
2021-04,2021-04-01,2021-05-03,2021-04-01,102,91,6,1,1,MRNA,0.1838198474143827,0.40339494522549546,,,,,,,0.1838198474143827,0.40339494522549546
2021-04,2021-04-01,2021-06-01,2021-04-01,102,91,6,2,1,MRNA,0.1838198474143827,0.3931346617170861,,,,,,,0.1838198474143827,0.3931346617170861
2021-04,2021-04-01,2021-07-01,2021-04-01,102,91,6,3,1,MRNA,0.1838198474143827,0.7737457200853206,,,,,,,0.1838198474143827,0.7737457200853206
2021-04,2021-04-01,2021-05-03,2021-04-01,102,91,6,1,2,MRNA,0.1838198474143827,0.40339494522549546,AMAT,0.15990293430827365,-0.06126344608068357,,,,0.17186139086132818,0.17106574957240595
2021-04,2021-04-01,2021-06-01,2021-04-01,102,91,6,2,2,MRNA,0.1838198474143827,0.3931346617170861,AMAT,0.15990293430827365,-0.021681089675273157,,,,0.17186139086132818,0.18572678602090648
2021-04,2021-04-01,2021-07-01,2021-04-01,102,91,6,3,2,MRNA,0.1838198474143827,0.7737457200853206,AMAT,0.15990293430827365,-0.023521492188749327,,,,0.17186139086132818,0.37511211394828564
2021-04,2021-04-01,2021-05-03,2021-04-01,102,91,6,1,3,MRNA,0.1838198474143827,0.40339494522549546,AMAT,0.15990293430827365,-0.06126344608068357,PDD,0.13817211229975726,-0.07295213321974137,0.16063163134080452,0.08972645530835684
2021-04,2021-04-01,2021-06-01,2021-04-01,102,91,6,2,3,MRNA,0.1838198474143827,0.3931346617170861,AMAT,0.15990293430827365,-0.021681089675273157,PDD,0.13817211229975726,-0.03189047850665927,0.16063163134080452,0.11318769784505123
2021-04,2021-04-01,2021-07-01,2021-04-01,102,91,6,3,3,MRNA,0.1838198474143827,0.7737457200853206,AMAT,0.15990293430827365,-0.023521492188749327,PDD,0.13817211229975726,-0.1534773672062283,0.16063163134080452,0.19891562023011433
2021-05,2021-05-03,2021-06-01,2021-05-03,102,91,6,1,1,MRNA,0.25800173668561327,-0.007311044936648803,,,,,,,0.25800173668561327,-0.007311044936648803
2021-05,2021-05-03,2021-07-01,2021-05-03,102,91,6,2,1,MRNA,0.25800173668561327,0.26389632948287245,,,,,,,0.25800173668561327,0.26389632948287245
2021-05,2021-05-03,2021-08-02,2021-05-03,102,91,6,3,1,MRNA,0.25800173668561327,0.8632941478911467,,,,,,,0.25800173668561327,0.8632941478911467
2021-05,2021-05-03,2021-06-01,2021-05-03,102,91,6,1,2,MRNA,0.25800173668561327,-0.007311044936648803,AMAT,0.15057170013144305,0.04216556417255757,,,,0.20428671840852816,0.017427259617954383
2021-05,2021-05-03,2021-07-01,2021-05-03,102,91,6,2,2,MRNA,0.25800173668561327,0.26389632948287245,AMAT,0.15057170013144305,0.0402050540530865,,,,0.20428671840852816,0.15205069176797947
2021-05,2021-05-03,2021-08-02,2021-05-03,102,91,6,3,2,MRNA,0.25800173668561327,0.8632941478911467,AMAT,0.15057170013144305,0.0708193584366088,,,,0.20428671840852816,0.46705675316387774
2021-05,2021-05-03,2021-06-01,2021-05-03,102,91,6,1,3,MRNA,0.25800173668561327,-0.007311044936648803,AMAT,0.15057170013144305,0.04216556417255757,TSLA,0.11172731923950324,-0.08906414031562504,0.17343358535218653,-0.018069873693238758
2021-05,2021-05-03,2021-07-01,2021-05-03,102,91,6,2,3,MRNA,0.25800173668561327,0.26389632948287245,AMAT,0.15057170013144305,0.0402050540530865,TSLA,0.11172731923950324,-0.010191306981768067,0.17343358535218653,0.09797002551806362
2021-05,2021-05-03,2021-08-02,2021-05-03,102,91,6,3,3,MRNA,0.25800173668561327,0.8632941478911467,AMAT,0.15057170013144305,0.0708193584366088,TSLA,0.11172731923950324,0.036165869384366056,0.17343358535218653,0.3234264585707072
2021-06,2021-06-01,2021-07-01,2021-06-01,102,91,6,1,1,AMAT,0.09077236829285418,-0.0018811887351388723,,,,,,,0.09077236829285418,-0.0018811887351388723
2021-06,2021-06-01,2021-08-02,2021-06-01,102,91,6,2,1,AMAT,0.09077236829285418,0.027494474245847167,,,,,,,0.09077236829285418,0.027494474245847167
2021-06,2021-06-01,2021-09-01,2021-06-01,102,91,6,3,1,AMAT,0.09077236829285418,-0.03260131548338563,,,,,,,0.09077236829285418,-0.03260131548338563
2021-06,2021-06-01,2021-07-01,2021-06-01,102,91,6,1,2,AMAT,0.09077236829285418,-0.0018811887351388723,BIDU,0.09071133367808966,-0.001783770673307039,,,,0.09074185098547191,-0.0018324797042229557
2021-06,2021-06-01,2021-08-02,2021-06-01,102,91,6,2,2,AMAT,0.09077236829285418,0.027494474245847167,BIDU,0.09071133367808966,-0.17446241916592142,,,,0.09074185098547191,-0.07348397246003713
2021-06,2021-06-01,2021-09-01,2021-06-01,102,91,6,3,2,AMAT,0.09077236829285418,-0.03260131548338563,BIDU,0.09071133367808966,-0.18154797997592098,,,,0.09074185098547191,-0.1070746477296533
2021-06,2021-06-01,2021-07-01,2021-06-01,102,91,6,1,3,AMAT,0.09077236829285418,-0.0018811887351388723,BIDU,0.09071133367808966,-0.001783770673307039,MRNA,0.07325371738874319,0.27320478689340644,0.08491247311989568,0.0898466091616535
2021-06,2021-06-01,2021-08-02,2021-06-01,102,91,6,2,3,AMAT,0.09077236829285418,0.027494474245847167,BIDU,0.09071133367808966,-0.17446241916592142,MRNA,0.07325371738874319,0.8770171042874506,0.08491247311989568,0.24334971978912545
2021-06,2021-06-01,2021-09-01,2021-06-01,102,91,6,3,3,AMAT,0.09077236829285418,-0.03260131548338563,BIDU,0.09071133367808966,-0.18154797997592098,MRNA,0.07325371738874319,1.1116646523787472,0.08491247311989568,0.29917178563981356
2021-07,2021-07-01,2021-08-02,2021-07-01,102,91,6,1,1,MRNA,0.15339531407262907,0.47424603143955624,,,,,,,0.15339531407262907,0.47424603143955624
2021-07,2021-07-01,2021-09-01,2021-07-01,102,91,6,2,1,MRNA,0.15339531407262907,0.6585428158271109,,,,,,,0.15339531407262907,0.6585428158271109
2021-07,2021-07-01,2021-10-01,2021-07-01,102,91,6,3,1,MRNA,0.15339531407262907,0.45076770640301245,,,,,,,0.15339531407262907,0.45076770640301245
2021-07,2021-07-01,2021-08-02,2021-07-01,102,91,6,1,2,MRNA,0.15339531407262907,0.47424603143955624,AMAT,0.08531662335266692,0.02943102829988753,,,,0.119355968712648,0.2518385298697219
2021-07,2021-07-01,2021-09-01,2021-07-01,102,91,6,2,2,MRNA,0.15339531407262907,0.6585428158271109,AMAT,0.08531662335266692,-0.030778026024093075,,,,0.119355968712648,0.31388239490150893
2021-07,2021-07-01,2021-10-01,2021-07-01,102,91,6,3,2,MRNA,0.15339531407262907,0.45076770640301245,AMAT,0.08531662335266692,-0.06222394948787413,,,,0.119355968712648,0.19427187845756916
2021-07,2021-07-01,2021-08-02,2021-07-01,102,91,6,1,3,MRNA,0.15339531407262907,0.47424603143955624,AMAT,0.08531662335266692,0.02943102829988753,NVDA,0.0777859087746159,-0.02285777070067907,0.10549928206663729,0.1602730963462549
2021-07,2021-07-01,2021-09-01,2021-07-01,102,91,6,2,3,MRNA,0.15339531407262907,0.6585428158271109,AMAT,0.08531662335266692,-0.030778026024093075,NVDA,0.0777859087746159,0.11047677606623596,0.10549928206663729,0.24608052195641794
2021-07,2021-07-01,2021-10-01,2021-07-01,102,91,6,3,3,MRNA,0.15339531407262907,0.45076770640301245,AMAT,0.08531662335266692,-0.06222394948787413,NVDA,0.0777859087746159,0.026403082348817053,0.10549928206663729,0.13831561308798512
2021-08,2021-08-02,2021-09-01,2021-08-02,102,92,6,1,1,MRNA,0.16419145670322213,0.12501087366509278,,,,,,,0.16419145670322213,0.12501087366509278
2021-08,2021-08-02,2021-10-01,2021-08-02,102,92,6,2,1,MRNA,0.16419145670322213,-0.01592564913579453,,,,,,,0.16419145670322213,-0.01592564913579453
2021-08,2021-08-02,2021-11-01,2021-08-02,102,92,6,3,1,MRNA,0.16419145670322213,-0.027235141290731346,,,,,,,0.16419145670322213,-0.027235141290731346
2021-08,2021-08-02,2021-09-01,2021-08-02,102,92,6,1,2,MRNA,0.16419145670322213,0.12501087366509278,NVDA,0.07240663280172195,0.13645357120889678,,,,0.11829904475247205,0.13073222243699478
2021-08,2021-08-02,2021-10-01,2021-08-02,102,92,6,2,2,MRNA,0.16419145670322213,-0.01592564913579453,NVDA,0.07240663280172195,0.05041318609760581,,,,0.11829904475247205,0.01724376848090564
2021-08,2021-08-02,2021-11-01,2021-08-02,102,92,6,3,2,MRNA,0.16419145670322213,-0.027235141290731346,NVDA,0.07240663280172195,0.3079267233776848,,,,0.11829904475247205,0.14034579104347672
2021-08,2021-08-02,2021-09-01,2021-08-02,102,92,6,1,3,MRNA,0.16419145670322213,0.12501087366509278,NVDA,0.07240663280172195,0.13645357120889678,AMAT,0.06270944288540281,-0.05848770113663293,0.09976917746344897,0.06765891457911888
2021-08,2021-08-02,2021-10-01,2021-08-02,102,92,6,2,3,MRNA,0.16419145670322213,-0.01592564913579453,NVDA,0.07240663280172195,0.05041318609760581,AMAT,0.06270944288540281,-0.08903459801394409,0.09976917746344897,-0.018182353684044267
2021-08,2021-08-02,2021-11-01,2021-08-02,102,92,6,3,3,MRNA,0.16419145670322213,-0.027235141290731346,NVDA,0.07240663280172195,0.3079267233776848,AMAT,0.06270944288540281,-0.01580731092617993,0.09976917746344897,0.08829475705359117
2021-09,2021-09-01,2021-10-01,2021-09-01,102,93,6,1,1,MRNA,0.18511127109023842,-0.12527569830657748,,,,,,,0.18511127109023842,-0.12527569830657748
2021-09,2021-09-01,2021-11-01,2021-09-01,102,93,6,2,1,MRNA,0.18511127109023842,-0.135328483057086,,,,,,,0.18511127109023842,-0.135328483057086
2021-09,2021-09-01,2021-12-01,2021-09-01,102,93,6,3,1,MRNA,0.18511127109023842,-0.20344159766415404,,,,,,,0.18511127109023842,-0.20344159766415404
2021-09,2021-09-01,2021-10-01,2021-09-01,102,93,6,1,2,MRNA,0.18511127109023842,-0.12527569830657748,NVDA,0.08753450385843146,-0.07570954704270583,,,,0.13632288747433494,-0.10049262267464165
2021-09,2021-09-01,2021-11-01,2021-09-01,102,93,6,2,2,MRNA,0.18511127109023842,-0.135328483057086,NVDA,0.08753450385843146,0.15088443251261396,,,,0.13632288747433494,0.007777974727763981
2021-09,2021-09-01,2021-12-01,2021-09-01,102,93,6,3,2,MRNA,0.18511127109023842,-0.20344159766415404,NVDA,0.08753450385843146,0.40095580039938694,,,,0.13632288747433494,0.09875710136761645
2021-09,2021-09-01,2021-10-01,2021-09-01,102,93,6,1,3,MRNA,0.18511127109023842,-0.12527569830657748,NVDA,0.08753450385843146,-0.07570954704270583,TEAM,0.0735265673503091,0.055205779768020324,0.11539078076632632,-0.048593155193754324
2021-09,2021-09-01,2021-11-01,2021-09-01,102,93,6,2,3,MRNA,0.18511127109023842,-0.135328483057086,NVDA,0.08753450385843146,0.15088443251261396,TEAM,0.0735265673503091,0.21103040049865873,0.11539078076632632,0.07552878331806223
2021-09,2021-09-01,2021-12-01,2021-09-01,102,93,6,3,3,MRNA,0.18511127109023842,-0.20344159766415404,NVDA,0.08753450385843146,0.40095580039938694,TEAM,0.0735265673503091,-0.03898310539705463,0.11539078076632632,0.05284369911272609
2021-10,2021-10-01,2021-11-01,2021-10-01,102,93,6,1,1,MRNA,0.1905449823300541,-0.011492517963713755,,,,,,,0.1905449823300541,-0.011492517963713755
2021-10,2021-10-01,2021-12-01,2021-10-01,102,93,6,2,1,MRNA,0.1905449823300541,-0.08936061248813054,,,,,,,0.1905449823300541,-0.08936061248813054
2021-10,2021-10-01,2022-01-03,2021-10-01,102,93,6,3,1,MRNA,0.1905449823300541,-0.31088567364809916,,,,,,,0.1905449823300541,-0.31088567364809916
2021-10,2021-10-01,2021-11-01,2021-10-01,102,93,6,1,2,MRNA,0.1905449823300541,-0.011492517963713755,TEAM,0.10157445075194156,0.14767225854742327,,,,0.14605971654099784,0.06808987029185476
2021-10,2021-10-01,2021-12-01,2021-10-01,102,93,6,2,2,MRNA,0.1905449823300541,-0.08936061248813054,TEAM,0.10157445075194156,-0.08926115357876607,,,,0.14605971654099784,-0.08931088303344831
2021-10,2021-10-01,2022-01-03,2021-10-01,102,93,6,3,2,MRNA,0.1905449823300541,-0.31088567364809916,TEAM,0.10157445075194156,-0.10657281031787003,,,,0.14605971654099784,-0.2087292419829846
2021-10,2021-10-01,2021-11-01,2021-10-01,102,93,6,1,3,MRNA,0.1905449823300541,-0.011492517963713755,TEAM,0.10157445075194156,0.14767225854742327,NVDA,0.075220085604345,0.24515451699227864,0.12244650622878023,0.12711141919199606
2021-10,2021-10-01,2021-12-01,2021-10-01,102,93,6,2,3,MRNA,0.1905449823300541,-0.08936061248813054,TEAM,0.10157445075194156,-0.08926115357876607,NVDA,0.075220085604345,0.5157094784620875,0.12244650622878023,0.11236257079839695
2021-10,2021-10-01,2022-01-03,2021-10-01,102,93,6,3,3,MRNA,0.1905449823300541,-0.31088567364809916,TEAM,0.10157445075194156,-0.10657281031787003,NVDA,0.075220085604345,0.4523520346272045,0.12244650622878023,0.011631183553745114
2021-11,2021-11-01,2021-12-01,2021-11-01,102,93,6,1,1,MRNA,0.12139707179851923,-0.07877339923013194,,,,,,,0.12139707179851923,-0.07877339923013194
2021-11,2021-11-01,2022-01-03,2021-11-01,102,93,6,2,1,MRNA,0.12139707179851923,-0.30287393987918776,,,,,,,0.12139707179851923,-0.30287393987918776
2021-11,2021-11-01,2022-02-01,2021-11-01,102,93,6,3,1,MRNA,0.12139707179851923,-0.4876768436876804,,,,,,,0.12139707179851923,-0.4876768436876804
2021-11,2021-11-01,2021-12-01,2021-11-01,102,93,6,1,2,MRNA,0.12139707179851923,-0.07877339923013194,TEAM,0.12100850883883034,-0.20644692799847708,,,,0.12120279031867479,-0.1426101636143045
2021-11,2021-11-01,2022-01-03,2021-11-01,102,93,6,2,2,MRNA,0.12139707179851923,-0.30287393987918776,TEAM,0.12100850883883034,-0.22153107472257305,,,,0.12120279031867479,-0.2622025073008804
2021-11,2021-11-01,2022-02-01,2021-11-01,102,93,6,3,2,MRNA,0.12139707179851923,-0.4876768436876804,TEAM,0.12100850883883034,-0.27606970162007427,,,,0.12120279031867479,-0.3818732726538773
2021-11,2021-11-01,2021-12-01,2021-11-01,102,93,6,1,3,MRNA,0.12139707179851923,-0.07877339923013194,TEAM,0.12100850883883034,-0.20644692799847708,TSLA,0.11563700833947198,-0.09398557354557135,0.11934752965894052,-0.1264019669247268
2021-11,2021-11-01,2022-01-03,2021-11-01,102,93,6,2,3,MRNA,0.12139707179851923,-0.30287393987918776,TEAM,0.12100850883883034,-0.22153107472257305,TSLA,0.11563700833947198,-0.007289509163908914,0.11934752965894052,-0.1772315079218899
2021-11,2021-11-01,2022-02-01,2021-11-01,102,93,6,3,3,MRNA,0.12139707179851923,-0.4876768436876804,TEAM,0.12100850883883034,-0.27606970162007427,TSLA,0.11563700833947198,-0.22947405754673922,0.11934752965894052,-0.3310735342848313
2021-12,2021-12-01,2022-01-03,2021-12-01,102,93,6,1,1,NVDA,0.12388644525995084,-0.04180051964784748,,,,,,,0.12388644525995084,-0.04180051964784748
2021-12,2021-12-01,2022-02-01,2021-12-01,102,93,6,2,1,NVDA,0.12388644525995084,-0.21622397152497008,,,,,,,0.12388644525995084,-0.21622397152497008
2021-12,2021-12-01,2022-03-01,2021-12-01,102,93,6,3,1,NVDA,0.12388644525995084,-0.2531574922722811,,,,,,,0.12388644525995084,-0.2531574922722811
2021-12,2021-12-01,2022-01-03,2021-12-01,102,93,6,1,2,NVDA,0.12388644525995084,-0.04180051964784748,TSLA,0.11481676946781426,0.09568949660209758,,,,0.11935160736388255,0.02694448847712505
2021-12,2021-12-01,2022-02-01,2021-12-01,102,93,6,2,2,NVDA,0.12388644525995084,-0.21622397152497008,TSLA,0.11481676946781426,-0.14954340686536816,,,,0.11935160736388255,-0.18288368919516912
2021-12,2021-12-01,2022-03-01,2021-12-01,102,93,6,3,2,NVDA,0.12388644525995084,-0.2531574922722811,TSLA,0.11481676946781426,-0.21062103689533396,,,,0.11935160736388255,-0.23188926458380754
2021-12,2021-12-01,2022-01-03,2021-12-01,102,93,6,1,3,NVDA,0.12388644525995084,-0.04180051964784748,TSLA,0.11481676946781426,0.09568949660209758,AMD,0.1126461912989753,0.007578330616236695,0.11711646867558012,0.0204891025234956
2021-12,2021-12-01,2022-02-01,2021-12-01,102,93,6,2,3,NVDA,0.12388644525995084,-0.21622397152497008,TSLA,0.11481676946781426,-0.14954340686536816,AMD,0.1126461912989753,-0.21681980885734276,0.11711646867558012,-0.19419572908256033
2021-12,2021-12-01,2022-03-01,2021-12-01,102,93,6,3,3,NVDA,0.12388644525995084,-0.2531574922722811,TSLA,0.11481676946781426,-0.21062103689533396,AMD,0.1126461912989753,-0.2366038403519909,0.11711646867558012,-0.23346078983986865
2022-01,2022-01-03,2022-02-01,2022-01-03,101,93,6,1,1,TSLA,0.11633428584542428,-0.2238160575856306,,,,,,,0.11633428584542428,-0.2238160575856306
2022-01,2022-01-03,2022-03-01,2022-01-03,101,93,6,2,1,TSLA,0.11633428584542428,-0.2795596146968168,,,,,,,0.11633428584542428,-0.2795596146968168
2022-01,2022-01-03,2022-04-01,2022-01-03,101,93,6,3,1,TSLA,0.11633428584542428,-0.09600927049842889,,,,,,,0.11633428584542428,-0.09600927049842889
2022-01,2022-01-03,2022-02-01,2022-01-03,101,93,6,1,2,TSLA,0.11633428584542428,-0.2238160575856306,LCID,0.11232342537528163,-0.2680185315444997,,,,0.11432885561035296,-0.24591729456506517
2022-01,2022-01-03,2022-03-01,2022-01-03,101,93,6,2,2,TSLA,0.11633428584542428,-0.2795596146968168,LCID,0.11232342537528163,-0.38944539127890654,,,,0.11432885561035296,-0.33450250298786166
2022-01,2022-01-03,2022-04-01,2022-01-03,101,93,6,3,2,TSLA,0.11633428584542428,-0.09600927049842889,LCID,0.11232342537528163,-0.40019543776732713,,,,0.11432885561035296,-0.248102354132878
2022-01,2022-01-03,2022-02-01,2022-01-03,101,93,6,1,3,TSLA,0.11633428584542428,-0.2238160575856306,LCID,0.11232342537528163,-0.2680185315444997,AMD,0.08812860791295046,-0.22271036668319089,0.1055954397112188,-0.23818165193777374
2022-01,2022-01-03,2022-03-01,2022-01-03,101,93,6,2,3,TSLA,0.11633428584542428,-0.2795596146968168,LCID,0.11232342537528163,-0.38944539127890654,AMD,0.08812860791295046,-0.24234559591896476,0.1055954397112188,-0.30378353396489605
2022-01,2022-01-03,2022-04-01,2022-01-03,101,93,6,3,3,TSLA,0.11633428584542428,-0.09600927049842889,LCID,0.11232342537528163,-0.40019543776732713,AMD,0.08812860791295046,-0.27988552658613364,0.1055954397112188,-0.2586967449506299
2022-02,2022-02-01,2022-03-01,2022-02-01,101,93,6,1,1,LCID,0.09140307699576938,-0.16588788783221597,,,,,,,0.09140307699576938,-0.16588788783221597
2022-02,2022-02-01,2022-04-01,2022-02-01,101,93,6,2,1,LCID,0.09140307699576938,-0.18057411549191815,,,,,,,0.09140307699576938,-0.18057411549191815
2022-02,2022-02-01,2022-05-02,2022-02-01,101,93,6,3,1,LCID,0.09140307699576938,-0.3638184171543012,,,,,,,0.09140307699576938,-0.3638184171543012
2022-02,2022-02-01,2022-03-01,2022-02-01,101,93,6,1,2,LCID,0.09140307699576938,-0.16588788783221597,TSLA,0.07122586275803378,-0.07181745726121591,,,,0.08131446987690158,-0.11885267254671594
2022-02,2022-02-01,2022-04-01,2022-02-01,101,93,6,2,2,LCID,0.09140307699576938,-0.18057411549191815,TSLA,0.07122586275803378,0.1646604369186646,,,,0.08131446987690158,-0.007956839286626771
2022-02,2022-02-01,2022-05-02,2022-02-01,101,93,6,3,2,LCID,0.09140307699576938,-0.3638184171543012,TSLA,0.07122586275803378,-0.030399932833470977,,,,0.08131446987690158,-0.19710917499388608
2022-02,2022-02-01,2022-03-01,2022-02-01,101,93,6,1,3,LCID,0.09140307699576938,-0.16588788783221597,TSLA,0.07122586275803378,-0.07181745726121591,DLTR,0.05700655905215857,0.04074792160956564,0.07321183293532058,-0.06565247449462208
2022-02,2022-02-01,2022-04-01,2022-02-01,101,93,6,2,3,LCID,0.09140307699576938,-0.18057411549191815,TSLA,0.07122586275803378,0.1646604369186646,DLTR,0.05700655905215857,0.1876488837293735,0.07321183293532058,0.05724506838537332
2022-02,2022-02-01,2022-05-02,2022-02-01,101,93,6,3,3,LCID,0.09140307699576938,-0.3638184171543012,TSLA,0.07122586275803378,-0.030399932833470977,DLTR,0.05700655905215857,0.2170738840675357,0.07321183293532058,-0.05904815530674549
2022-03,2022-03-01,2022-04-01,2022-03-01,102,95,6,1,1,LCID,0.10568470150971841,-0.017607018823325826,,,,,,,0.10568470150971841,-0.017607018823325826
2022-03,2022-03-01,2022-05-02,2022-03-01,102,95,6,2,1,LCID,0.10568470150971841,-0.2372948749151732,,,,,,,0.10568470150971841,-0.2372948749151732
2022-03,2022-03-01,2022-06-01,2022-03-01,102,95,6,3,1,LCID,0.10568470150971841,-0.21968785609184738,,,,,,,0.10568470150971841,-0.21968785609184738
2022-03,2022-03-01,2022-04-01,2022-03-01,102,95,6,1,2,LCID,0.10568470150971841,-0.017607018823325826,DLTR,0.07878237169600144,0.1411494167508096,,,,0.09223353660285993,0.06177119896374189
2022-03,2022-03-01,2022-05-02,2022-03-01,102,95,6,2,2,LCID,0.10568470150971841,-0.2372948749151732,DLTR,0.07878237169600144,0.16942235367164926,,,,0.09223353660285993,-0.03393626062176197
2022-03,2022-03-01,2022-06-01,2022-03-01,102,95,6,3,2,LCID,0.10568470150971841,-0.21968785609184738,DLTR,0.07878237169600144,0.15245856967562932,,,,0.09223353660285993,-0.03361464320810903
2022-03,2022-03-01,2022-04-01,2022-03-01,102,95,6,1,3,LCID,0.10568470150971841,-0.017607018823325826,DLTR,0.07878237169600144,0.1411494167508096,TSLA,0.05352122712892462,0.2547752013112705,0.0793294334448815,0.1261058664129181
2022-03,2022-03-01,2022-05-02,2022-03-01,102,95,6,2,3,LCID,0.10568470150971841,-0.2372948749151732,DLTR,0.07878237169600144,0.16942235367164926,TSLA,0.05352122712892462,0.044622175618100446,0.0793294334448815,-0.007750115208474499
2022-03,2022-03-01,2022-06-01,2022-03-01,102,95,6,3,3,LCID,0.10568470150971841,-0.21968785609184738,DLTR,0.07878237169600144,0.15245856967562932,TSLA,0.05352122712892462,-0.14345707257267992,0.0793294334448815,-0.07022878632963266
2022-04,2022-04-01,2022-05-02,2022-04-01,102,95,6,1,1,DLTR,0.08750932345095623,0.02477584136294886,,,,,,,0.08750932345095623,0.02477584136294886
2022-04,2022-04-01,2022-06-01,2022-04-01,102,95,6,2,1,DLTR,0.08750932345095623,0.009910317403500013,,,,,,,0.08750932345095623,0.009910317403500013
2022-04,2022-04-01,2022-07-01,2022-04-01,102,95,6,3,1,DLTR,0.08750932345095623,-0.01982053909860304,,,,,,,0.08750932345095623,-0.01982053909860304
2022-04,2022-04-01,2022-05-02,2022-04-01,102,95,6,1,2,DLTR,0.08750932345095623,0.02477584136294886,TSLA,0.08664566419584528,-0.16748261001138298,,,,0.08707749382340076,-0.07135338432421706
2022-04,2022-04-01,2022-06-01,2022-04-01,102,95,6,2,2,DLTR,0.08750932345095623,0.009910317403500013,TSLA,0.08664566419584528,-0.31737340160037275,,,,0.08707749382340076,-0.15373154209843637
2022-04,2022-04-01,2022-07-01,2022-04-01,102,95,6,3,2,DLTR,0.08750932345095623,-0.01982053909860304,TSLA,0.08664566419584528,-0.37138456850332346,,,,0.08707749382340076,-0.19560255380096325
2022-04,2022-04-01,2022-05-02,2022-04-01,102,95,6,1,3,DLTR,0.08750932345095623,0.02477584136294886,TSLA,0.08664566419584528,-0.16748261001138298,VRTX,0.06932442471326228,-0.01574301160057845,0.08115980412002126,-0.05281659341633752
2022-04,2022-04-01,2022-06-01,2022-04-01,102,95,6,2,3,DLTR,0.08750932345095623,0.009910317403500013,TSLA,0.08664566419584528,-0.31737340160037275,VRTX,0.06932442471326228,0.012248768891172546,0.08115980412002126,-0.09840477176856673
2022-04,2022-04-01,2022-07-01,2022-04-01,102,95,6,3,3,DLTR,0.08750932345095623,-0.01982053909860304,TSLA,0.08664566419584528,-0.37138456850332346,VRTX,0.06932442471326228,0.07954166414885644,0.08115980412002126,-0.10388781448435669
2022-05,2022-05-02,2022-06-01,2022-05-02,102,95,6,1,1,DLTR,0.06989950273126118,-0.014506122567914614,,,,,,,0.06989950273126118,-0.014506122567914614
2022-05,2022-05-02,2022-07-01,2022-05-02,102,95,6,2,1,DLTR,0.06989950273126118,-0.04351818091480253,,,,,,,0.06989950273126118,-0.04351818091480253
2022-05,2022-05-02,2022-08-01,2022-05-02,102,95,6,3,1,DLTR,0.06989950273126118,0.020259502140227648,,,,,,,0.06989950273126118,0.020259502140227648
2022-05,2022-05-02,2022-06-01,2022-05-02,102,95,6,1,2,DLTR,0.06989950273126118,-0.014506122567914614,VRTX,0.062033749392840544,0.028439503932068178,,,,0.06596662606205086,0.0069666906820767815
2022-05,2022-05-02,2022-07-01,2022-05-02,102,95,6,2,2,DLTR,0.06989950273126118,-0.04351818091480253,VRTX,0.062033749392840544,0.09680873681616942,,,,0.06596662606205086,0.026645277950683444
2022-05,2022-05-02,2022-08-01,2022-05-02,102,95,6,3,2,DLTR,0.06989950273126118,0.020259502140227648,VRTX,0.062033749392840544,0.04531224425247027,,,,0.06596662606205086,0.03278587319634896
2022-05,2022-05-02,2022-06-01,2022-05-02,102,95,6,1,3,DLTR,0.06989950273126118,-0.014506122567914614,VRTX,0.062033749392840544,0.028439503932068178,EXC,0.03693164100466619,0.06198591674768705,0.05628829770958931,0.025306432703946873
2022-05,2022-05-02,2022-07-01,2022-05-02,102,95,6,2,3,DLTR,0.06989950273126118,-0.04351818091480253,VRTX,0.062033749392840544,0.09680873681616942,EXC,0.03693164100466619,-0.005373432075543416,0.05628829770958931,0.015972374608607825
2022-05,2022-05-02,2022-08-01,2022-05-02,102,95,6,3,3,DLTR,0.06989950273126118,0.020259502140227648,VRTX,0.062033749392840544,0.04531224425247027,EXC,0.03693164100466619,-0.004509511496204821,0.05628829770958931,0.02035407829883103
2022-06,2022-06-01,2022-07-01,2022-06-01,102,95,6,1,1,EXC,0.05107071455636186,-0.06342772325033963,,,,,,,0.05107071455636186,-0.06342772325033963
2022-06,2022-06-01,2022-08-01,2022-06-01,102,95,6,2,1,EXC,0.05107071455636186,-0.06261422792454063,,,,,,,0.05107071455636186,-0.06261422792454063
2022-06,2022-06-01,2022-09-01,2022-06-01,102,95,6,3,1,EXC,0.05107071455636186,-0.08962797989090288,,,,,,,0.05107071455636186,-0.08962797989090288
2022-06,2022-06-01,2022-07-01,2022-06-01,102,95,6,1,2,EXC,0.05107071455636186,-0.06342772325033963,VRTX,0.04915409933912068,0.06647861407764166,,,,0.05011240694774127,0.0015254454136510165
2022-06,2022-06-01,2022-08-01,2022-06-01,102,95,6,2,2,EXC,0.05107071455636186,-0.06261422792454063,VRTX,0.04915409933912068,0.01640615734410411,,,,0.05011240694774127,-0.02310403529021826
2022-06,2022-06-01,2022-09-01,2022-06-01,102,95,6,3,2,EXC,0.05107071455636186,-0.08962797989090288,VRTX,0.04915409933912068,0.07716865841031062,,,,0.05011240694774127,-0.006229660740296128
2022-06,2022-06-01,2022-07-01,2022-06-01,102,95,6,1,3,EXC,0.05107071455636186,-0.06342772325033963,VRTX,0.04915409933912068,0.06647861407764166,AEP,0.045133609671326125,-0.04008221850418703,0.04845280785560289,-0.012343775892294998
2022-06,2022-06-01,2022-08-01,2022-06-01,102,95,6,2,3,EXC,0.05107071455636186,-0.06261422792454063,VRTX,0.04915409933912068,0.01640615734410411,AEP,0.045133609671326125,-0.028812234258547287,0.04845280785560289,-0.02500676827966127
2022-06,2022-06-01,2022-09-01,2022-06-01,102,95,6,3,3,EXC,0.05107071455636186,-0.08962797989090288,VRTX,0.04915409933912068,0.07716865841031062,AEP,0.045133609671326125,0.01121294620492952,0.04845280785560289,-0.0004154584252209122
2022-07,2022-07-01,2022-08-01,2022-07-01,102,95,6,1,1,VRTX,0.045981836824177315,-0.046951205652485783,,,,,,,0.045981836824177315,-0.046951205652485783
2022-07,2022-07-01,2022-09-01,2022-07-01,102,95,6,2,1,VRTX,0.045981836824177315,0.010023683730324473,,,,,,,0.045981836824177315,0.010023683730324473
2022-07,2022-07-01,2022-10-03,2022-07-01,102,95,6,3,1,VRTX,0.045981836824177315,0.035187195788124015,,,,,,,0.045981836824177315,0.035187195788124015
2022-07,2022-07-01,2022-08-01,2022-07-01,102,95,6,1,2,VRTX,0.045981836824177315,-0.046951205652485783,PDD,0.036920654823312526,-0.26427030467084445,,,,0.04145124582374492,-0.15561075516166512
2022-07,2022-07-01,2022-09-01,2022-07-01,102,95,6,2,2,VRTX,0.045981836824177315,0.010023683730324473,PDD,0.036920654823312526,0.10182040273363491,,,,0.04145124582374492,0.05592204323197969
2022-07,2022-07-01,2022-10-03,2022-07-01,102,95,6,3,2,VRTX,0.045981836824177315,0.035187195788124015,PDD,0.036920654823312526,-0.033477293723569446,,,,0.04145124582374492,0.0008549510322772846
2022-07,2022-07-01,2022-08-01,2022-07-01,102,95,6,1,3,VRTX,0.045981836824177315,-0.046951205652485783,PDD,0.036920654823312526,-0.26427030467084445,TMUS,0.03186951445161864,0.051019887480350246,0.038257335366369494,-0.08673387428099333
2022-07,2022-07-01,2022-09-01,2022-07-01,102,95,6,2,3,VRTX,0.045981836824177315,0.010023683730324473,PDD,0.036920654823312526,0.10182040273363491,TMUS,0.03186951445161864,0.051969926724161786,0.038257335366369494,0.054604671062707055
2022-07,2022-07-01,2022-10-03,2022-07-01,102,95,6,3,3,VRTX,0.045981836824177315,0.035187195788124015,PDD,0.036920654823312526,-0.033477293723569446,TMUS,0.03186951445161864,0.01527664042475041,0.038257335366369494,0.005662180829768326
2022-08,2022-08-01,2022-09-01,2022-08-01,102,95,6,1,1,CEG,0.052551080166779306,0.2659702785419753,,,,,,,0.052551080166779306,0.2659702785419753
2022-08,2022-08-01,2022-10-03,2022-08-01,102,95,6,2,1,CEG,0.052551080166779306,0.3284096450708631,,,,,,,0.052551080166779306,0.3284096450708631
2022-08,2022-08-01,2022-11-01,2022-08-01,102,95,6,3,1,CEG,0.052551080166779306,0.46540789197234855,,,,,,,0.052551080166779306,0.46540789197234855
2022-08,2022-08-01,2022-09-01,2022-08-01,102,95,6,1,2,CEG,0.052551080166779306,0.2659702785419753,TMUS,0.04748050382310024,0.0009039212817265607,,,,0.05001579199493977,0.13343709991185093
2022-08,2022-08-01,2022-10-03,2022-08-01,102,95,6,2,2,CEG,0.052551080166779306,0.3284096450708631,TMUS,0.04748050382310024,-0.03400815482311037,,,,0.05001579199493977,0.14720074512387638
2022-08,2022-08-01,2022-11-01,2022-08-01,102,95,6,3,2,CEG,0.052551080166779306,0.46540789197234855,TMUS,0.04748050382310024,0.05904428544626472,,,,0.05001579199493977,0.26222608870930664
2022-08,2022-08-01,2022-09-01,2022-08-01,102,95,6,1,3,CEG,0.052551080166779306,0.2659702785419753,TMUS,0.04748050382310024,0.0009039212817265607,CDNS,0.03885391503258443,-0.08106355676745547,0.04629516634082132,0.0619368810187488
2022-08,2022-08-01,2022-10-03,2022-08-01,102,95,6,2,3,CEG,0.052551080166779306,0.3284096450708631,TMUS,0.04748050382310024,-0.03400815482311037,CDNS,0.03885391503258443,-0.079766510172815,0.04629516634082132,0.07154499335831259
2022-08,2022-08-01,2022-11-01,2022-08-01,102,95,6,3,3,CEG,0.052551080166779306,0.46540789197234855,TMUS,0.04748050382310024,0.05904428544626472,CDNS,0.03885391503258443,-0.1843385313876782,0.04629516634082132,0.11337121534364503
2022-09,2022-09-01,2022-10-03,2022-09-01,102,95,6,1,1,CEG,0.1030168487948277,0.049321352631437554,,,,,,,0.1030168487948277,0.049321352631437554
2022-09,2022-09-01,2022-11-01,2022-09-01,102,95,6,2,1,CEG,0.1030168487948277,0.15753735834941307,,,,,,,0.1030168487948277,0.15753735834941307
2022-09,2022-09-01,2022-12-01,2022-09-01,102,95,6,3,1,CEG,0.1030168487948277,0.1465645913712177,,,,,,,0.1030168487948277,0.1465645913712177
2022-09,2022-09-01,2022-10-03,2022-09-01,102,95,6,1,2,CEG,0.1030168487948277,0.049321352631437554,PDD,0.08951408112712957,-0.12279469151372446,,,,0.09626546496097863,-0.036736669441143455
2022-09,2022-09-01,2022-11-01,2022-09-01,102,95,6,2,2,CEG,0.1030168487948277,0.15753735834941307,PDD,0.08951408112712957,-0.24544944313537143,,,,0.09626546496097863,-0.04395604239297918
2022-09,2022-09-01,2022-12-01,2022-09-01,102,95,6,3,2,CEG,0.1030168487948277,0.1465645913712177,PDD,0.08951408112712957,0.1725007002335821,,,,0.09626546496097863,0.1595326458023999
2022-09,2022-09-01,2022-10-03,2022-09-01,102,95,6,1,3,CEG,0.1030168487948277,0.049321352631437554,PDD,0.08951408112712957,-0.12279469151372446,VRTX,0.04095305828115429,0.02491378416480594,0.07782799606770384,-0.016186518239160324
2022-09,2022-09-01,2022-11-01,2022-09-01,102,95,6,2,3,CEG,0.1030168487948277,0.15753735834941307,PDD,0.08951408112712957,-0.24544944313537143,VRTX,0.04095305828115429,0.08270158163493879,0.07782799606770384,-0.0017368343836731877
2022-09,2022-09-01,2022-12-01,2022-09-01,102,95,6,3,3,CEG,0.1030168487948277,0.1465645913712177,PDD,0.08951408112712957,0.1725007002335821,VRTX,0.04095305828115429,0.10530667220231527,0.07782799606770384,0.14145732126903834
2022-10,2022-10-03,2022-11-01,2022-10-03,102,95,6,1,1,PDD,0.0962811947592243,-0.13982445208101013,,,,,,,0.0962811947592243,-0.13982445208101013
2022-10,2022-10-03,2022-12-01,2022-10-03,102,95,6,2,1,PDD,0.0962811947592243,0.33663201634845863,,,,,,,0.0962811947592243,0.33663201634845863
2022-10,2022-10-03,2023-01-03,2022-10-03,102,95,6,3,1,PDD,0.0962811947592243,0.3492417672867889,,,,,,,0.0962811947592243,0.3492417672867889
2022-10,2022-10-03,2022-11-01,2022-10-03,102,95,6,1,2,PDD,0.0962811947592243,-0.13982445208101013,CEG,0.07556014259812681,0.1031295183754688,,,,0.08592066867867555,-0.018347466852770666
2022-10,2022-10-03,2022-12-01,2022-10-03,102,95,6,2,2,PDD,0.0962811947592243,0.33663201634845863,CEG,0.07556014259812681,0.09267250542068783,,,,0.08592066867867555,0.21465226088457323
2022-10,2022-10-03,2023-01-03,2022-10-03,102,95,6,3,2,PDD,0.0962811947592243,0.3492417672867889,CEG,0.07556014259812681,-0.05260065836784511,,,,0.08592066867867555,0.1483205544594719
2022-10,2022-10-03,2022-11-01,2022-10-03,102,95,6,1,3,PDD,0.0962811947592243,-0.13982445208101013,CEG,0.07556014259812681,0.1031295183754688,BIIB,0.04552734352074909,0.05955361891383282,0.07245622695936672,0.007619561736097162
2022-10,2022-10-03,2022-12-01,2022-10-03,102,95,6,2,3,PDD,0.0962811947592243,0.33663201634845863,CEG,0.07556014259812681,0.09267250542068783,BIIB,0.04552734352074909,0.14207347727900976,0.07245622695936672,0.19045933301605208
2022-10,2022-10-03,2023-01-03,2022-10-03,102,95,6,3,3,PDD,0.0962811947592243,0.3492417672867889,CEG,0.07556014259812681,-0.05260065836784511,BIIB,0.04552734352074909,0.0315172814021043,0.07245622695936672,0.10938613010701603
2022-11,2022-11-01,2022-12-01,2022-11-01,102,95,6,1,1,CEG,0.09223130042926836,-0.009479406344035324,,,,,,,0.09223130042926836,-0.009479406344035324
2022-11,2022-11-01,2023-01-03,2022-11-01,102,95,6,2,1,CEG,0.09223130042926836,-0.14117125337435543,,,,,,,0.09223130042926836,-0.14117125337435543
2022-11,2022-11-01,2023-02-01,2022-11-01,102,95,6,3,1,CEG,0.09223130042926836,-0.1044736664399254,,,,,,,0.09223130042926836,-0.1044736664399254
2022-11,2022-11-01,2022-12-01,2022-11-01,102,95,6,1,2,CEG,0.09223130042926836,-0.009479406344035324,NFLX,0.06878266459520171,0.10531824021325598,,,,0.08050698251223504,0.047919416934610326
2022-11,2022-11-01,2023-01-03,2022-11-01,102,95,6,2,2,CEG,0.09223130042926836,-0.14117125337435543,NFLX,0.06878266459520171,0.028596394908114053,,,,0.08050698251223504,-0.05628742923312069
2022-11,2022-11-01,2023-02-01,2022-11-01,102,95,6,3,2,CEG,0.09223130042926836,-0.1044736664399254,NFLX,0.06878266459520171,0.2623889198040863,,,,0.08050698251223504,0.07895762668208045
2022-11,2022-11-01,2022-12-01,2022-11-01,102,95,6,1,3,CEG,0.09223130042926836,-0.009479406344035324,NFLX,0.06878266459520171,0.10531824021325598,PDD,0.06512249553735223,0.5539060829875402,0.0753788201872741,0.2165816389522536
2022-11,2022-11-01,2023-01-03,2022-11-01,102,95,6,2,3,CEG,0.09223130042926836,-0.14117125337435543,NFLX,0.06878266459520171,0.028596394908114053,PDD,0.06512249553735223,0.568565591699264,0.0753788201872741,0.1519969110776742
2022-11,2022-11-01,2023-02-01,2022-11-01,102,95,6,3,3,CEG,0.09223130042926836,-0.1044736664399254,NFLX,0.06878266459520171,0.2623889198040863,PDD,0.06512249553735223,0.9109297554884497,0.0753788201872741,0.3562816696175369
2022-12,2022-12-01,2023-01-03,2022-12-01,102,95,6,1,1,PDD,0.14124372817956513,0.009433973437789511,,,,,,,0.14124372817956513,0.009433973437789511
2022-12,2022-12-01,2023-02-01,2022-12-01,102,95,6,2,1,PDD,0.14124372817956513,0.22975884862648566,,,,,,,0.14124372817956513,0.22975884862648566
2022-12,2022-12-01,2023-03-01,2022-12-01,102,95,6,3,1,PDD,0.14124372817956513,0.08717462667760811,,,,,,,0.14124372817956513,0.08717462667760811
2022-12,2022-12-01,2023-01-03,2022-12-01,102,95,6,1,2,PDD,0.14124372817956513,0.009433973437789511,ENPH,0.10355891692075976,-0.19328026255224928,,,,0.12240132255016245,-0.09192314455722989
2022-12,2022-12-01,2023-02-01,2022-12-01,102,95,6,2,2,PDD,0.14124372817956513,0.22975884862648566,ENPH,0.10355891692075976,-0.2766242057654509,,,,0.12240132255016245,-0.023432678569482612
2022-12,2022-12-01,2023-03-01,2022-12-01,102,95,6,3,2,PDD,0.14124372817956513,0.08717462667760811,ENPH,0.10355891692075976,-0.32181529634317774,,,,0.12240132255016245,-0.11732033483278481
2022-12,2022-12-01,2023-01-03,2022-12-01,102,95,6,1,3,PDD,0.14124372817956513,0.009433973437789511,ENPH,0.10355891692075976,-0.19328026255224928,DXCM,0.09667709227049383,-0.02795895498172385,0.11382657912360623,-0.0706017480320612
2022-12,2022-12-01,2023-02-01,2022-12-01,102,95,6,2,3,PDD,0.14124372817956513,0.22975884862648566,ENPH,0.10355891692075976,-0.2766242057654509,DXCM,0.09667709227049383,-0.08743539609893147,0.11382657912360623,-0.04476691774596556
2022-12,2022-12-01,2023-03-01,2022-12-01,102,95,6,3,3,PDD,0.14124372817956513,0.08717462667760811,ENPH,0.10355891692075976,-0.32181529634317774,DXCM,0.09667709227049383,-0.06159448206604223,0.11382657912360623,-0.09874505057720395
2023-01,2023-01-03,2023-02-01,2023-01-03,101,95,6,1,1,NFLX,0.09143714169714762,0.22729277105512047,,,,,,,0.09143714169714762,0.22729277105512047
2023-01,2023-01-03,2023-03-01,2023-01-03,101,95,6,2,1,NFLX,0.09143714169714762,0.06282416276644742,,,,,,,0.09143714169714762,0.06282416276644742
2023-01,2023-01-03,2023-04-03,2023-01-03,101,95,6,3,1,NFLX,0.09143714169714762,0.18081024322816885,,,,,,,0.09143714169714762,0.18081024322816885
2023-01,2023-01-03,2023-02-01,2023-01-03,101,95,6,1,2,NFLX,0.09143714169714762,0.22729277105512047,ROST,0.0891530762999313,0.023223656784569835,,,,0.09029510899853946,0.12525821391984515
2023-01,2023-01-03,2023-03-01,2023-01-03,101,95,6,2,2,NFLX,0.09143714169714762,0.06282416276644742,ROST,0.0891530762999313,-0.04454813476884956,,,,0.09029510899853946,0.009138013998798933
2023-01,2023-01-03,2023-04-03,2023-01-03,101,95,6,3,2,NFLX,0.09143714169714762,0.18081024322816885,ROST,0.0891530762999313,-0.0591342935071979,,,,0.09029510899853946,0.06083797486048548
2023-01,2023-01-03,2023-02-01,2023-01-03,101,95,6,1,3,NFLX,0.09143714169714762,0.22729277105512047,ROST,0.0891530762999313,0.023223656784569835,PDD,0.08900653431435242,0.21826576178959445,0.08986558410381044,0.15626072987642825
2023-01,2023-01-03,2023-03-01,2023-01-03,101,95,6,2,3,NFLX,0.09143714169714762,0.06282416276644742,ROST,0.0891530762999313,-0.04454813476884956,PDD,0.08900653431435242,0.07701410422621358,0.08986558410381044,0.031763377407937145
2023-01,2023-01-03,2023-04-03,2023-01-03,101,95,6,3,3,NFLX,0.09143714169714762,0.18081024322816885,ROST,0.0891530762999313,-0.0591342935071979,PDD,0.08900653431435242,-0.1146338883395267,0.08986558410381044,0.0023473537938147513
2023-02,2023-02-01,2023-03-01,2023-02-01,101,95,6,1,1,PDD,0.16942921205775888,-0.11594486358697842,,,,,,,0.16942921205775888,-0.11594486358697842
2023-02,2023-02-01,2023-04-03,2023-02-01,101,95,6,2,1,PDD,0.16942921205775888,-0.27325700234742045,,,,,,,0.16942921205775888,-0.27325700234742045
2023-02,2023-02-01,2023-05-01,2023-02-01,101,95,6,3,1,PDD,0.16942921205775888,-0.33394839675665544,,,,,,,0.16942921205775888,-0.33394839675665544
2023-02,2023-02-01,2023-03-01,2023-02-01,101,95,6,1,2,PDD,0.16942921205775888,-0.11594486358697842,NFLX,0.08647404250474394,-0.1340092699700961,,,,0.12795162728125142,-0.12497706677853726
2023-02,2023-02-01,2023-04-03,2023-02-01,101,95,6,2,2,PDD,0.16942921205775888,-0.27325700234742045,NFLX,0.08647404250474394,-0.03787403374582732,,,,0.12795162728125142,-0.15556551804662389
2023-02,2023-02-01,2023-05-01,2023-02-01,101,95,6,3,2,PDD,0.16942921205775888,-0.33394839675665544,NFLX,0.08647404250474394,-0.10461621664115917,,,,0.12795162728125142,-0.2192823066989073
2023-02,2023-02-01,2023-03-01,2023-02-01,101,95,6,1,3,PDD,0.16942921205775888,-0.11594486358697842,NFLX,0.08647404250474394,-0.1340092699700961,MELI,0.08262964535177143,-0.0045870987821620135,0.11284429997142476,-0.08484707744641218
2023-02,2023-02-01,2023-04-03,2023-02-01,101,95,6,2,3,PDD,0.16942921205775888,-0.27325700234742045,NFLX,0.08647404250474394,-0.03787403374582732,MELI,0.08262964535177143,0.08181733555406678,0.11284429997142476,-0.076437900179727
2023-02,2023-02-01,2023-05-01,2023-02-01,101,95,6,3,3,PDD,0.16942921205775888,-0.33394839675665544,NFLX,0.08647404250474394,-0.10461621664115917,MELI,0.08262964535177143,0.06370799632951685,0.11284429997142476,-0.12495220568943259
2023-03,2023-03-01,2023-04-03,2023-03-01,101,95,6,1,1,NVDA,0.10470147687673768,0.23225623792591854,,,,,,,0.10470147687673768,0.23225623792591854
2023-03,2023-03-01,2023-05-01,2023-03-01,101,95,6,2,1,NVDA,0.10470147687673768,0.2738969328196901,,,,,,,0.10470147687673768,0.2738969328196901
2023-03,2023-03-01,2023-06-01,2023-03-01,101,95,6,3,1,NVDA,0.10470147687673768,0.7524344611286766,,,,,,,0.10470147687673768,0.7524344611286766
2023-03,2023-03-01,2023-04-03,2023-03-01,101,95,6,1,2,NVDA,0.10470147687673768,0.23225623792591854,MELI,0.07268788465356335,0.08680260646664051,,,,0.08869468076515052,0.15952942219627952
2023-03,2023-03-01,2023-05-01,2023-03-01,101,95,6,2,2,NVDA,0.10470147687673768,0.2738969328196901,MELI,0.07268788465356335,0.06860981511101882,,,,0.08869468076515052,0.17125337396535445
2023-03,2023-03-01,2023-06-01,2023-03-01,101,95,6,3,2,NVDA,0.10470147687673768,0.7524344611286766,MELI,0.07268788465356335,0.04078698956173166,,,,0.08869468076515052,0.39661072534520414
2023-03,2023-03-01,2023-04-03,2023-03-01,101,95,6,1,3,NVDA,0.10470147687673768,0.23225623792591854,MELI,0.07268788465356335,0.08680260646664051,PDD,0.06717363517220186,-0.17794380947632138,0.08152099890083431,0.047038344972079225
2023-03,2023-03-01,2023-05-01,2023-03-01,101,95,6,2,3,NVDA,0.10470147687673768,0.2738969328196901,MELI,0.07268788465356335,0.06860981511101882,PDD,0.06717363517220186,-0.2465949511409523,0.08152099890083431,0.03197059892991886
2023-03,2023-03-01,2023-06-01,2023-03-01,101,95,6,3,3,NVDA,0.10470147687673768,0.7524344611286766,MELI,0.07268788465356335,0.04078698956173166,PDD,0.06717363517220186,-0.2411028598077818,0.08152099890083431,0.18403953029420883
2023-04,2023-04-03,2023-05-01,2023-04-03,101,95,6,1,1,NVDA,0.16040734634214934,0.033792237046297524,,,,,,,0.16040734634214934,0.033792237046297524
2023-04,2023-04-03,2023-06-01,2023-04-03,101,95,6,2,1,NVDA,0.16040734634214934,0.42213478592593723,,,,,,,0.16040734634214934,0.42213478592593723
2023-04,2023-04-03,2023-07-03,2023-04-03,101,95,6,3,1,NVDA,0.16040734634214934,0.5168024498097512,,,,,,,0.16040734634214934,0.5168024498097512
2023-04,2023-04-03,2023-05-01,2023-04-03,101,95,6,1,2,NVDA,0.16040734634214934,0.033792237046297524,META,0.09606204028235117,0.14131504683612794,,,,0.12823469331225026,0.08755364194121273
2023-04,2023-04-03,2023-06-01,2023-04-03,101,95,6,2,2,NVDA,0.16040734634214934,0.42213478592593723,META,0.09606204028235117,0.27943876547360724,,,,0.12823469331225026,0.35078677569977224
2023-04,2023-04-03,2023-07-03,2023-04-03,101,95,6,3,2,NVDA,0.16040734634214934,0.5168024498097512,META,0.09606204028235117,0.3423758753937869,,,,0.12823469331225026,0.42958916260176905
2023-04,2023-04-03,2023-05-01,2023-04-03,101,95,6,1,3,NVDA,0.16040734634214934,0.033792237046297524,META,0.09606204028235117,0.14131504683612794,ASML,0.08815747102567249,-0.054794950058523306,0.11487561921672435,0.040104111274634056
2023-04,2023-04-03,2023-06-01,2023-04-03,101,95,6,2,3,NVDA,0.16040734634214934,0.42213478592593723,META,0.09606204028235117,0.27943876547360724,ASML,0.08815747102567249,0.08146511795225253,0.11487561921672435,0.26101288978393233
2023-04,2023-04-03,2023-07-03,2023-04-03,101,95,6,3,3,NVDA,0.16040734634214934,0.5168024498097512,META,0.09606204028235117,0.3423758753937869,ASML,0.08815747102567249,0.09204513186197816,0.11487561921672435,0.31707448568850544
2023-05,2023-05-01,2023-06-01,2023-05-01,101,95,6,1,1,META,0.17181138367439455,0.121021552305278,,,,,,,0.17181138367439455,0.121021552305278
2023-05,2023-05-01,2023-07-03,2023-05-01,101,95,6,2,1,META,0.17181138367439455,0.17616593167243821,,,,,,,0.17181138367439455,0.17616593167243821
2023-05,2023-05-01,2023-08-01,2023-05-01,101,95,6,3,1,META,0.17181138367439455,0.3270418164980937,,,,,,,0.17181138367439455,0.3270418164980937
2023-05,2023-05-01,2023-06-01,2023-05-01,101,95,6,1,2,META,0.17181138367439455,0.121021552305278,NVDA,0.15230594045620957,0.37564854422702343,,,,0.16205866206530206,0.24833504826615072
2023-05,2023-05-01,2023-07-03,2023-05-01,101,95,6,2,2,META,0.17181138367439455,0.17616593167243821,NVDA,0.15230594045620957,0.4672217448096607,,,,0.16205866206530206,0.32169383824104947
2023-05,2023-05-01,2023-08-01,2023-05-01,101,95,6,3,2,META,0.17181138367439455,0.3270418164980937,NVDA,0.15230594045620957,0.608848607976161,,,,0.16205866206530206,0.4679452122371274
2023-05,2023-05-01,2023-06-01,2023-05-01,101,95,6,1,3,META,0.17181138367439455,0.121021552305278,NVDA,0.15230594045620957,0.37564854422702343,ALGN,0.09175840953388413,-0.06343546219087037,0.1386252445548294,0.14441154478047702
2023-05,2023-05-01,2023-07-03,2023-05-01,101,95,6,2,3,META,0.17181138367439455,0.17616593167243821,NVDA,0.15230594045620957,0.4672217448096607,ALGN,0.09175840953388413,0.08590429810961808,0.1386252445548294,0.24309732486390567
2023-05,2023-05-01,2023-08-01,2023-05-01,101,95,6,3,3,META,0.17181138367439455,0.3270418164980937,NVDA,0.15230594045620957,0.608848607976161,ALGN,0.09175840953388413,0.1868402327348908,0.1386252445548294,0.3742435524030485
2023-06,2023-06-01,2023-07-03,2023-06-01,101,95,6,1,1,NVDA,0.17065522417459253,0.06656729363537583,,,,,,,0.17065522417459253,0.06656729363537583
2023-06,2023-06-01,2023-08-01,2023-06-01,101,95,6,2,1,NVDA,0.17065522417459253,0.1695200890720041,,,,,,,0.17065522417459253,0.1695200890720041
2023-06,2023-06-01,2023-09-01,2023-06-01,101,95,6,3,1,NVDA,0.17065522417459253,0.2198648043091882,,,,,,,0.17065522417459253,0.2198648043091882
2023-06,2023-06-01,2023-07-03,2023-06-01,101,95,6,1,2,NVDA,0.17065522417459253,0.06656729363537583,META,0.14779394201555598,0.0491911857124967,,,,0.15922458309507426,0.05787923967393627
2023-06,2023-06-01,2023-08-01,2023-06-01,101,95,6,2,2,NVDA,0.17065522417459253,0.1695200890720041,META,0.14779394201555598,0.18377903954580876,,,,0.15922458309507426,0.17664956430890644
2023-06,2023-06-01,2023-09-01,2023-06-01,101,95,6,3,2,NVDA,0.17065522417459253,0.2198648043091882,META,0.14779394201555598,0.08719404575182077,,,,0.15922458309507426,0.15352942503050448
2023-06,2023-06-01,2023-07-03,2023-06-01,101,95,6,1,3,NVDA,0.17065522417459253,0.06656729363537583,META,0.14779394201555598,0.0491911857124967,AMD,0.09459819444939636,-0.03055161537276685,0.13768245354651495,0.028402287991701896
2023-06,2023-06-01,2023-08-01,2023-06-01,101,95,6,2,3,NVDA,0.17065522417459253,0.1695200890720041,META,0.14779394201555598,0.18377903954580876,AMD,0.09459819444939636,-0.015652487883778265,0.13768245354651495,0.1125488802446782
2023-06,2023-06-01,2023-09-01,2023-06-01,101,95,6,3,3,NVDA,0.17065522417459253,0.2198648043091882,META,0.14779394201555598,0.08719404575182077,AMD,0.09459819444939636,-0.08387046262727038,0.13768245354651495,0.07439612914457953
2023-07,2023-07-03,2023-08-01,2023-07-03,101,96,6,1,1,NVDA,0.2091789813501892,0.09652723841335464,,,,,,,0.2091789813501892,0.09652723841335464
2023-07,2023-07-03,2023-09-01,2023-07-03,101,96,6,2,1,NVDA,0.2091789813501892,0.14372980644409283,,,,,,,0.2091789813501892,0.14372980644409283
2023-07,2023-07-03,2023-10-02,2023-07-03,101,96,6,3,1,NVDA,0.2091789813501892,0.055942775230278574,,,,,,,0.2091789813501892,0.055942775230278574
2023-07,2023-07-03,2023-08-01,2023-07-03,101,96,6,1,2,NVDA,0.2091789813501892,0.09652723841335464,TSLA,0.20301168544876877,-0.06700736012159048,,,,0.206095333399479,0.014759939145882084
2023-07,2023-07-03,2023-09-01,2023-07-03,101,96,6,2,2,NVDA,0.2091789813501892,0.14372980644409283,TSLA,0.20301168544876877,-0.12440144345021587,,,,0.206095333399479,0.009664181496938484
2023-07,2023-07-03,2023-10-02,2023-07-03,101,96,6,3,2,NVDA,0.2091789813501892,0.055942775230278574,TSLA,0.20301168544876877,-0.10085054850279351,,,,0.206095333399479,-0.02245388663625747
2023-07,2023-07-03,2023-08-01,2023-07-03,101,96,6,1,3,NVDA,0.2091789813501892,0.09652723841335464,TSLA,0.20301168544876877,-0.06700736012159048,META,0.15004206157530783,0.12827772065385257,0.1874109094580886,0.05259919964853891
2023-07,2023-07-03,2023-09-01,2023-07-03,101,96,6,2,3,NVDA,0.2091789813501892,0.14372980644409283,TSLA,0.20301168544876877,-0.12440144345021587,META,0.15004206157530783,0.03622110112707122,0.1874109094580886,0.018516488040316064
2023-07,2023-07-03,2023-10-02,2023-07-03,101,96,6,3,3,NVDA,0.2091789813501892,0.055942775230278574,TSLA,0.20301168544876877,-0.10085054850279351,META,0.15004206157530783,0.07272215911861268,0.1874109094580886,0.009271461948699248
2023-08,2023-08-01,2023-09-01,2023-08-01,101,97,6,1,1,NVDA,0.14809840148591538,0.043047328308085664,,,,,,,0.14809840148591538,0.043047328308085664
2023-08,2023-08-01,2023-10-02,2023-08-01,101,97,6,2,1,NVDA,0.14809840148591538,-0.03701181490192673,,,,,,,0.14809840148591538,-0.03701181490192673
2023-08,2023-08-01,2023-11-01,2023-08-01,101,97,6,3,1,NVDA,0.14809840148591538,-0.08984684916613783,,,,,,,0.14809840148591538,-0.08984684916613783
2023-08,2023-08-01,2023-09-01,2023-08-01,101,97,6,1,2,NVDA,0.14809840148591538,0.043047328308085664,META,0.13350283121620435,-0.08159039023958858,,,,0.14080061635105987,-0.01927153096575146
2023-08,2023-08-01,2023-10-02,2023-08-01,101,97,6,2,2,NVDA,0.14809840148591538,-0.03701181490192673,META,0.13350283121620435,-0.04923926132569978,,,,0.14080061635105987,-0.043125538113813255
2023-08,2023-08-01,2023-11-01,2023-08-01,101,97,6,3,2,NVDA,0.14809840148591538,-0.08984684916613783,META,0.13350283121620435,-0.033652630300627484,,,,0.14080061635105987,-0.06174973973338266
2023-08,2023-08-01,2023-09-01,2023-08-01,101,97,6,1,3,NVDA,0.14809840148591538,0.043047328308085664,META,0.13350283121620435,-0.08159039023958858,TTD,0.09587743228651187,-0.11238203668649938,0.12582622166287719,-0.050308366206000765
2023-08,2023-08-01,2023-10-02,2023-08-01,101,97,6,2,3,NVDA,0.14809840148591538,-0.03701181490192673,META,0.13350283121620435,-0.04923926132569978,TTD,0.09587743228651187,-0.13037207212992863,0.12582622166287719,-0.07220771611918504
2023-08,2023-08-01,2023-11-01,2023-08-01,101,97,6,3,3,NVDA,0.14809840148591538,-0.08984684916613783,META,0.13350283121620435,-0.033652630300627484,TTD,0.09587743228651187,-0.21421432828203324,0.12582622166287719,-0.11257126924959952
2023-09,2023-09-01,2023-10-02,2023-09-01,101,97,6,1,1,NVDA,0.14130647992600928,-0.07675504364684527,,,,,,,0.14130647992600928,-0.07675504364684527
2023-09,2023-09-01,2023-11-01,2023-09-01,101,97,6,2,1,NVDA,0.14130647992600928,-0.12740953729279914,,,,,,,0.14130647992600928,-0.12740953729279914
2023-09,2023-09-01,2023-12-01,2023-09-01,101,97,6,3,1,NVDA,0.14130647992600928,-0.03587263794865747,,,,,,,0.14130647992600928,-0.03587263794865747
2023-09,2023-09-01,2023-10-02,2023-09-01,101,97,6,1,2,NVDA,0.14130647992600928,-0.07675504364684527,ADBE,0.09911321478639988,-0.07471460991133916,,,,0.12020984735620457,-0.07573482677909221
2023-09,2023-09-01,2023-11-01,2023-09-01,101,97,6,2,2,NVDA,0.14130647992600928,-0.12740953729279914,ADBE,0.09911321478639988,-0.03322032855012769,,,,0.12020984735620457,-0.08031493292146341
2023-09,2023-09-01,2023-12-01,2023-09-01,101,97,6,3,2,NVDA,0.14130647992600928,-0.03587263794865747,ADBE,0.09911321478639988,0.0874628412291647,,,,0.12020984735620457,0.025795101640253615
2023-09,2023-09-01,2023-10-02,2023-09-01,101,97,6,1,3,NVDA,0.14130647992600928,-0.07675504364684527,ADBE,0.09911321478639988,-0.07471460991133916,META,0.09780848333781854,0.03522516377232643,0.11274272601674257,-0.03874816326195266
2023-09,2023-09-01,2023-11-01,2023-09-01,101,97,6,2,3,NVDA,0.14130647992600928,-0.12740953729279914,ADBE,0.09911321478639988,-0.03322032855012769,META,0.09780848333781854,0.05219649209840793,0.11274272601674257,-0.03614445791483963
2023-09,2023-09-01,2023-12-01,2023-09-01,101,97,6,3,3,NVDA,0.14130647992600928,-0.03587263794865747,ADBE,0.09911321478639988,0.0874628412291647,META,0.09780848333781854,0.09595795761546122,0.11274272601674257,0.04918272029865615
2023-10,2023-10-02,2023-11-01,2023-10-02,101,97,6,1,1,NVDA,0.08980459966388198,-0.05486571391198347,,,,,,,0.08980459966388198,-0.05486571391198347
2023-10,2023-10-02,2023-12-01,2023-10-02,101,97,6,2,1,NVDA,0.08980459966388198,0.044281212062803554,,,,,,,0.08980459966388198,0.044281212062803554
2023-10,2023-10-02,2024-01-02,2023-10-02,101,97,6,3,1,NVDA,0.08980459966388198,0.07570518277051397,,,,,,,0.08980459966388198,0.07570518277051397
2023-10,2023-10-02,2023-11-01,2023-10-02,101,97,6,1,2,NVDA,0.08980459966388198,-0.05486571391198347,ZS,0.08212078800521493,-0.0263534434038718,,,,0.08596269383454845,-0.040609578657927636
2023-10,2023-10-02,2023-12-01,2023-10-02,101,97,6,2,2,NVDA,0.08980459966388198,0.044281212062803554,ZS,0.08212078800521493,0.23084094431314917,,,,0.08596269383454845,0.13756107818797636
2023-10,2023-10-02,2024-01-02,2023-10-02,101,97,6,3,2,NVDA,0.08980459966388198,0.07570518277051397,ZS,0.08212078800521493,0.31997014061056217,,,,0.08596269383454845,0.19783766169053807
2023-10,2023-10-02,2023-11-01,2023-10-02,101,97,6,1,3,NVDA,0.08980459966388198,-0.05486571391198347,ZS,0.08212078800521493,-0.0263534434038718,META,0.06557337984008217,0.016393852197563064,0.07916625583639303,-0.021608435039430735
2023-10,2023-10-02,2023-12-01,2023-10-02,101,97,6,2,3,NVDA,0.08980459966388198,0.044281212062803554,ZS,0.08212078800521493,0.23084094431314917,META,0.06557337984008217,0.0586662650488774,0.07916625583639303,0.11126280714161003
2023-10,2023-10-02,2024-01-02,2023-10-02,101,97,6,3,3,NVDA,0.08980459966388198,0.07570518277051397,ZS,0.08212078800521493,0.31997014061056217,META,0.06557337984008217,0.1286422783528347,0.07916625583639303,0.17477253391130362
2023-11,2023-11-01,2023-12-01,2023-11-01,101,97,6,1,1,ZS,0.11339433328906823,0.26415580271363903,,,,,,,0.11339433328906823,0.26415580271363903
2023-11,2023-11-01,2024-01-02,2023-11-01,101,97,6,2,1,ZS,0.11339433328906823,0.35569743627007977,,,,,,,0.11339433328906823,0.35569743627007977
2023-11,2023-11-01,2024-02-01,2023-11-01,101,97,6,3,1,ZS,0.11339433328906823,0.5196936280502236,,,,,,,0.11339433328906823,0.5196936280502236
2023-11,2023-11-01,2023-12-01,2023-11-01,101,97,6,1,2,ZS,0.11339433328906823,0.26415580271363903,CRWD,0.07745909829039745,0.3178020226300624,,,,0.09542671578973283,0.2909789126718507
2023-11,2023-11-01,2024-01-02,2023-11-01,101,97,6,2,2,ZS,0.11339433328906823,0.35569743627007977,CRWD,0.07745909829039745,0.38430048186458543,,,,0.09542671578973283,0.3699989590673326
2023-11,2023-11-01,2024-02-01,2023-11-01,101,97,6,3,2,ZS,0.11339433328906823,0.5196936280502236,CRWD,0.07745909829039745,0.6785533214023609,,,,0.09542671578973283,0.5991234747262922
2023-11,2023-11-01,2023-12-01,2023-11-01,101,97,6,1,3,ZS,0.11339433328906823,0.26415580271363903,CRWD,0.07745909829039745,0.3178020226300624,NVDA,0.07502827450416848,0.10490247516589823,0.08862723536121138,0.22895343350319988
2023-11,2023-11-01,2024-01-02,2023-11-01,101,97,6,2,3,ZS,0.11339433328906823,0.35569743627007977,CRWD,0.07745909829039745,0.38430048186458543,NVDA,0.07502827450416848,0.13815062960305946,0.08862723536121138,0.29271618257924154
2023-11,2023-11-01,2024-02-01,2023-11-01,101,97,6,3,3,ZS,0.11339433328906823,0.5196936280502236,CRWD,0.07745909829039745,0.6785533214023609,NVDA,0.07502827450416848,0.4892506089200275,0.08862723536121138,0.562499186124204
2023-12,2023-12-01,2024-01-02,2023-12-01,101,97,6,1,1,PDD,0.14184714336752363,0.0025469477958681708,,,,,,,0.14184714336752363,0.0025469477958681708
2023-12,2023-12-01,2024-02-01,2023-12-01,101,97,6,2,1,PDD,0.14184714336752363,-0.12858819704813285,,,,,,,0.14184714336752363,-0.12858819704813285
2023-12,2023-12-01,2024-03-01,2023-12-01,101,97,6,3,1,PDD,0.14184714336752363,-0.12679841162386307,,,,,,,0.14184714336752363,-0.12679841162386307
2023-12,2023-12-01,2024-01-02,2023-12-01,101,97,6,1,2,PDD,0.14184714336752363,0.0025469477958681708,CRWD,0.07604441752423051,0.05046164605348369,,,,0.10894578044587708,0.02650429692467593
2023-12,2023-12-01,2024-02-01,2023-12-01,101,97,6,2,2,PDD,0.14184714336752363,-0.12858819704813285,CRWD,0.07604441752423051,0.27375227278245706,,,,0.10894578044587708,0.07258203786716211
2023-12,2023-12-01,2024-03-01,2023-12-01,101,97,6,3,2,PDD,0.14184714336752363,-0.12679841162386307,CRWD,0.07604441752423051,0.3385525581308382,,,,0.10894578044587708,0.10587707325348755
2023-12,2023-12-01,2024-01-02,2023-12-01,101,97,6,1,3,PDD,0.14184714336752363,0.0025469477958681708,CRWD,0.07604441752423051,0.05046164605348369,ZS,0.07036823897404239,0.07241325267023035,0.09608659995526551,0.04180728217319407
2023-12,2023-12-01,2024-02-01,2023-12-01,101,97,6,2,3,PDD,0.14184714336752363,-0.12858819704813285,CRWD,0.07604441752423051,0.27375227278245706,ZS,0.07036823897404239,0.20214108481569015,0.09608659995526551,0.11576838685000479
2023-12,2023-12-01,2024-03-01,2023-12-01,101,97,6,3,3,PDD,0.14184714336752363,-0.12679841162386307,CRWD,0.07604441752423051,0.3385525581308382,ZS,0.07036823897404239,0.10705447194326045,0.09608659995526551,0.10626953948341185
2024-01,2024-01-02,2024-02-01,2024-01-02,101,97,6,1,1,PDD,0.136964535968886,-0.1308019989810012,,,,,,,0.136964535968886,-0.1308019989810012
2024-01,2024-01-02,2024-03-01,2024-01-02,101,97,6,2,1,PDD,0.136964535968886,-0.12901676046603217,,,,,,,0.136964535968886,-0.12901676046603217
2024-01,2024-01-02,2024-04-01,2024-01-02,101,97,6,3,1,PDD,0.136964535968886,-0.18181815324438377,,,,,,,0.136964535968886,-0.18181815324438377
2024-01,2024-01-02,2024-02-01,2024-01-02,101,97,6,1,2,PDD,0.136964535968886,-0.1308019989810012,CRWD,0.09671534574714143,0.21256428311101305,,,,0.11683994085801372,0.040881142065005927
2024-01,2024-01-02,2024-03-01,2024-01-02,101,97,6,2,2,PDD,0.136964535968886,-0.12901676046603217,CRWD,0.09671534574714143,0.2742517189082472,,,,0.11683994085801372,0.0726174792211075
2024-01,2024-01-02,2024-04-01,2024-01-02,101,97,6,3,2,PDD,0.136964535968886,-0.18181815324438377,CRWD,0.09671534574714143,0.29446310959523747,,,,0.11683994085801372,0.05632247817542685
2024-01,2024-01-02,2024-02-01,2024-01-02,101,97,6,1,3,PDD,0.136964535968886,-0.1308019989810012,CRWD,0.09671534574714143,0.21256428311101305,ZS,0.06824904188502985,0.12096813595173961,0.10064297453368576,0.06757680669391715
2024-01,2024-01-02,2024-03-01,2024-01-02,101,97,6,2,3,PDD,0.136964535968886,-0.12901676046603217,CRWD,0.09671534574714143,0.2742517189082472,ZS,0.06824904188502985,0.0323021178512819,0.10064297453368576,0.059179025431165634
2024-01,2024-01-02,2024-04-01,2024-01-02,101,97,6,3,3,PDD,0.136964535968886,-0.18181815324438377,CRWD,0.09671534574714143,0.29446310959523747,ZS,0.06824904188502985,-0.09530531948831289,0.10064297453368576,0.005779878954180269
2024-02,2024-02-01,2024-03-01,2024-02-01,101,97,6,1,1,CRWD,0.10930542029135822,0.05087353854672827,,,,,,,0.10930542029135822,0.05087353854672827
2024-02,2024-02-01,2024-04-01,2024-02-01,101,97,6,2,1,CRWD,0.10930542029135822,0.06754184303870558,,,,,,,0.10930542029135822,0.06754184303870558
2024-02,2024-02-01,2024-05-01,2024-02-01,101,97,6,3,1,CRWD,0.10930542029135822,-0.013127543641248574,,,,,,,0.10930542029135822,-0.013127543641248574
2024-02,2024-02-01,2024-03-01,2024-02-01,101,97,6,1,2,CRWD,0.10930542029135822,0.05087353854672827,MELI,0.07205683190661799,-0.0775219227044438,,,,0.0906811260989881,-0.013324192078857766
2024-02,2024-02-01,2024-04-01,2024-02-01,101,97,6,2,2,CRWD,0.10930542029135822,0.06754184303870558,MELI,0.07205683190661799,-0.12545477523598458,,,,0.0906811260989881,-0.0289564660986395
2024-02,2024-02-01,2024-05-01,2024-02-01,101,97,6,3,2,CRWD,0.10930542029135822,-0.013127543641248574,MELI,0.07205683190661799,-0.16688975143678464,,,,0.0906811260989881,-0.0900086475390166
2024-02,2024-02-01,2024-03-01,2024-02-01,101,97,6,1,3,CRWD,0.10930542029135822,0.05087353854672827,MELI,0.07205683190661799,-0.0775219227044438,PDD,0.07121228065424688,0.0020538916482506497,0.08419151095074102,-0.008198164169821628
2024-02,2024-02-01,2024-04-01,2024-02-01,101,97,6,2,3,CRWD,0.10930542029135822,0.06754184303870558,MELI,0.07205683190661799,-0.12545477523598458,PDD,0.07121228065424688,-0.05869336354153387,0.08419151095074102,-0.038868765246270955
2024-02,2024-02-01,2024-05-01,2024-02-01,101,97,6,3,3,CRWD,0.10930542029135822,-0.013127543641248574,MELI,0.07205683190661799,-0.16688975143678464,PDD,0.07121228065424688,-0.01658897649792046,0.08419151095074102,-0.06553542385865123
2024-03,2024-03-01,2024-04-01,2024-03-01,101,97,6,1,1,CRWD,0.12253449481954959,0.015861379966830347,,,,,,,0.12253449481954959,0.015861379966830347
2024-03,2024-03-01,2024-05-01,2024-03-01,101,97,6,2,1,CRWD,0.12253449481954959,-0.060902744088965455,,,,,,,0.12253449481954959,-0.060902744088965455
2024-03,2024-03-01,2024-06-03,2024-03-01,101,97,6,3,1,CRWD,0.12253449481954959,-0.018785770970915827,,,,,,,0.12253449481954959,-0.018785770970915827
2024-03,2024-03-01,2024-04-01,2024-03-01,101,97,6,1,2,CRWD,0.12253449481954959,0.015861379966830347,AMD,0.11228938241982568,-0.0952428104514873,,,,0.11741193861968763,-0.03969071524232848
2024-03,2024-03-01,2024-05-01,2024-03-01,101,97,6,2,2,CRWD,0.12253449481954959,-0.060902744088965455,AMD,0.11228938241982568,-0.2880477462149521,,,,0.11741193861968763,-0.17447524515195878
2024-03,2024-03-01,2024-06-03,2024-03-01,101,97,6,3,2,CRWD,0.12253449481954959,-0.018785770970915827,AMD,0.11228938241982568,-0.1929036540447575,,,,0.11741193861968763,-0.10584471250783667
2024-03,2024-03-01,2024-04-01,2024-03-01,101,97,6,1,3,CRWD,0.12253449481954959,0.015861379966830347,AMD,0.11228938241982568,-0.0952428104514873,NVDA,0.10288538329176561,0.09830262401211765,0.11256975351038029,0.006307064509153563
2024-03,2024-03-01,2024-05-01,2024-03-01,101,97,6,2,3,CRWD,0.12253449481954959,-0.060902744088965455,AMD,0.11228938241982568,-0.2880477462149521,NVDA,0.10288538329176561,0.009308394889607774,0.11256975351038029,-0.11321403180476992
2024-03,2024-03-01,2024-06-03,2024-03-01,101,97,6,3,3,CRWD,0.12253449481954959,-0.018785770970915827,AMD,0.11228938241982568,-0.1929036540447575,NVDA,0.10288538329176561,0.3977491941081548,0.11256975351038029,0.06201992303082715
2024-04,2024-04-01,2024-05-01,2024-04-01,101,98,6,1,1,NVDA,0.1320616612349261,-0.08102887781275825,,,,,,,0.1320616612349261,-0.08102887781275825
2024-04,2024-04-01,2024-06-03,2024-04-01,101,98,6,2,1,NVDA,0.1320616612349261,0.272644864492952,,,,,,,0.1320616612349261,0.272644864492952
2024-04,2024-04-01,2024-07-01,2024-04-01,101,98,6,3,1,NVDA,0.1320616612349261,0.3756761635652428,,,,,,,0.1320616612349261,0.3756761635652428
2024-04,2024-04-01,2024-05-01,2024-04-01,101,98,6,1,2,NVDA,0.1320616612349261,-0.08102887781275825,CRWD,0.11658784770388693,-0.07556555015242561,,,,0.12432475446940652,-0.07829721398259193
2024-04,2024-04-01,2024-06-03,2024-04-01,101,98,6,2,2,NVDA,0.1320616612349261,0.272644864492952,CRWD,0.11658784770388693,-0.03410617985977327,,,,0.12432475446940652,0.11926934231658937
2024-04,2024-04-01,2024-07-01,2024-04-01,101,98,6,3,2,NVDA,0.1320616612349261,0.3756761635652428,CRWD,0.11658784770388693,0.22704089111061765,,,,0.12432475446940652,0.3013585273379302
2024-04,2024-04-01,2024-05-01,2024-04-01,101,98,6,1,3,NVDA,0.1320616612349261,-0.08102887781275825,CRWD,0.11658784770388693,-0.07556555015242561,MU,0.11027086780895956,-0.11745790750407381,0.11964012558259086,-0.09135077848975255
2024-04,2024-04-01,2024-06-03,2024-04-01,101,98,6,2,3,NVDA,0.1320616612349261,0.272644864492952,CRWD,0.11658784770388693,-0.03410617985977327,MU,0.11027086780895956,0.031134290454912783,0.11964012558259086,0.0898909916960305
2024-04,2024-04-01,2024-07-01,2024-04-01,101,98,6,3,3,NVDA,0.1320616612349261,0.3756761635652428,CRWD,0.11658784770388693,0.22704089111061765,MU,0.11027086780895956,0.05808517162165816,0.11964012558259086,0.22026740876583953
2024-05,2024-05-01,2024-06-03,2024-05-01,101,98,6,1,1,NVDA,0.1277011339181303,0.384858385390753,,,,,,,0.1277011339181303,0.384858385390753
2024-05,2024-05-01,2024-07-01,2024-05-01,101,98,6,2,1,NVDA,0.1277011339181303,0.49697431219709953,,,,,,,0.1277011339181303,0.49697431219709953
2024-05,2024-05-01,2024-08-01,2024-05-01,101,98,6,3,1,NVDA,0.1277011339181303,0.3152417675567103,,,,,,,0.1277011339181303,0.3152417675567103
2024-05,2024-05-01,2024-06-03,2024-05-01,101,98,6,1,2,NVDA,0.1277011339181303,0.384858385390753,DASH,0.09634443780328229,-0.13055075717222053,,,,0.1120227858607063,0.12715381410926624
2024-05,2024-05-01,2024-07-01,2024-05-01,101,98,6,2,2,NVDA,0.1277011339181303,0.49697431219709953,DASH,0.09634443780328229,-0.14867407095839758,,,,0.1120227858607063,0.17415012061935098
2024-05,2024-05-01,2024-08-01,2024-05-01,101,98,6,3,2,NVDA,0.1277011339181303,0.3152417675567103,DASH,0.09634443780328229,-0.15110624725068533,,,,0.1120227858607063,0.08206776015301248
2024-05,2024-05-01,2024-06-03,2024-05-01,101,98,6,1,3,NVDA,0.1277011339181303,0.384858385390753,DASH,0.09634443780328229,-0.13055075717222053,CRWD,0.09533288669261536,0.04484836139489223,0.10645948613800932,0.09971866320447491
2024-05,2024-05-01,2024-07-01,2024-05-01,101,98,6,2,3,NVDA,0.1277011339181303,0.49697431219709953,DASH,0.09634443780328229,-0.14867407095839758,CRWD,0.09533288669261536,0.3273422375301338,0.10645948613800932,0.2252141595896119
2024-05,2024-05-01,2024-08-01,2024-05-01,101,98,6,3,3,NVDA,0.1277011339181303,0.3152417675567103,DASH,0.09634443780328229,-0.15110624725068533,CRWD,0.09533288669261536,-0.24106417760684917,0.10645948613800932,-0.025642885766941403
2024-06,2024-06-03,2024-07-01,2024-06-03,101,98,6,1,1,NVDA,0.1743604522889394,0.08095840555907219,,,,,,,0.1743604522889394,0.08095840555907219
2024-06,2024-06-03,2024-08-01,2024-06-03,101,98,6,2,1,NVDA,0.1743604522889394,-0.05026984604956519,,,,,,,0.1743604522889394,-0.05026984604956519
2024-06,2024-06-03,2024-09-03,2024-06-03,101,98,6,3,1,NVDA,0.1743604522889394,-0.06079237163134876,,,,,,,0.1743604522889394,-0.06079237163134876
2024-06,2024-06-03,2024-07-01,2024-06-03,101,98,6,1,2,NVDA,0.1743604522889394,0.08095840555907219,MRNA,0.1236693318070044,-0.21560011363059228,,,,0.14901489204797191,-0.06732085403576005
2024-06,2024-06-03,2024-08-01,2024-06-03,101,98,6,2,2,NVDA,0.1743604522889394,-0.05026984604956519,MRNA,0.1236693318070044,-0.3629414591869218,,,,0.14901489204797191,-0.20660565261824348
2024-06,2024-06-03,2024-09-03,2024-06-03,101,98,6,3,2,NVDA,0.1743604522889394,-0.06079237163134876,MRNA,0.1236693318070044,-0.5065620428402198,,,,0.14901489204797191,-0.28367720723578427
2024-06,2024-06-03,2024-07-01,2024-06-03,101,98,6,1,3,NVDA,0.1743604522889394,0.08095840555907219,MRNA,0.1236693318070044,-0.21560011363059228,CEG,0.10323523656620381,-0.015413389251774712,0.13375500688738254,-0.050018365774431604
2024-06,2024-06-03,2024-08-01,2024-06-03,101,98,6,2,3,NVDA,0.1743604522889394,-0.05026984604956519,MRNA,0.1236693318070044,-0.3629414591869218,CEG,0.10323523656620381,-0.14736372237646345,0.13375500688738254,-0.18685834253765013
2024-06,2024-06-03,2024-09-03,2024-06-03,101,98,6,3,3,NVDA,0.1743604522889394,-0.06079237163134876,MRNA,0.1236693318070044,-0.5065620428402198,CEG,0.10323523656620381,-0.14476552877004856,0.13375500688738254,-0.23737331441387235
2024-07,2024-07-01,2024-08-01,2024-07-01,101,98,6,1,1,ARM,0.21031663800921682,-0.2349682003688508,,,,,,,0.21031663800921682,-0.2349682003688508
2024-07,2024-07-01,2024-09-03,2024-07-01,101,98,6,2,1,ARM,0.21031663800921682,-0.22092805869642895,,,,,,,0.21031663800921682,-0.22092805869642895
2024-07,2024-07-01,2024-10-01,2024-07-01,101,98,6,3,1,ARM,0.21031663800921682,-0.1432349035933329,,,,,,,0.21031663800921682,-0.1432349035933329
2024-07,2024-07-01,2024-08-01,2024-07-01,101,98,6,1,2,ARM,0.21031663800921682,-0.2349682003688508,NVDA,0.18283827265676625,-0.1213999085753592,,,,0.19657745533299154,-0.178184054472105
2024-07,2024-07-01,2024-09-03,2024-07-01,101,98,6,2,2,ARM,0.21031663800921682,-0.22092805869642895,NVDA,0.18283827265676625,-0.13113434935279256,,,,0.19657745533299154,-0.17603120402461075
2024-07,2024-07-01,2024-10-01,2024-07-01,101,98,6,3,2,ARM,0.21031663800921682,-0.1432349035933329,NVDA,0.18283827265676625,-0.05864853158941696,,,,0.19657745533299154,-0.10094171759137494
2024-07,2024-07-01,2024-08-01,2024-07-01,101,98,6,1,3,ARM,0.21031663800921682,-0.2349682003688508,NVDA,0.18283827265676625,-0.1213999085753592,CEG,0.10710332693527051,-0.13401597349004635,0.16675274586708452,-0.1634613608114188
2024-07,2024-07-01,2024-09-03,2024-07-01,101,98,6,2,3,ARM,0.21031663800921682,-0.22092805869642895,NVDA,0.18283827265676625,-0.13113434935279256,CEG,0.10710332693527051,-0.1313771059916954,0.16675274586708452,-0.16114650468030564
2024-07,2024-07-01,2024-10-01,2024-07-01,101,98,6,3,3,ARM,0.21031663800921682,-0.1432349035933329,NVDA,0.18283827265676625,-0.05864853158941696,CEG,0.10710332693527051,0.2977553335096199,0.16675274586708452,0.03195729944229001
2024-08,2024-08-01,2024-09-03,2024-08-01,101,99,6,1,1,ARM,0.16728605451615539,0.01835236349546676,,,,,,,0.16728605451615539,0.01835236349546676
2024-08,2024-08-01,2024-10-01,2024-08-01,101,99,6,2,1,ARM,0.16728605451615539,0.11990782189674487,,,,,,,0.16728605451615539,0.11990782189674487
2024-08,2024-08-01,2024-11-01,2024-08-01,101,99,6,3,1,ARM,0.16728605451615539,0.16434855765140477,,,,,,,0.16728605451615539,0.16434855765140477
2024-08,2024-08-01,2024-09-03,2024-08-01,101,99,6,1,2,ARM,0.16728605451615539,0.01835236349546676,NVDA,0.1111911419270366,-0.011079489829837197,,,,0.13923859822159598,0.0036364368328147822
2024-08,2024-08-01,2024-10-01,2024-08-01,101,99,6,2,2,ARM,0.16728605451615539,0.11990782189674487,NVDA,0.1111911419270366,0.07142200142978772,,,,0.13923859822159598,0.0956649116632663
2024-08,2024-08-01,2024-11-01,2024-08-01,101,99,6,3,2,ARM,0.16728605451615539,0.16434855765140477,NVDA,0.1111911419270366,0.23991945271559856,,,,0.13923859822159598,0.20213400518350166
2024-08,2024-08-01,2024-09-03,2024-08-01,101,99,6,1,3,ARM,0.16728605451615539,0.01835236349546676,NVDA,0.1111911419270366,-0.011079489829837197,CEG,0.06686421909094635,0.0030472473135398914,0.1151138051780461,0.0034400403263898185
2024-08,2024-08-01,2024-10-01,2024-08-01,101,99,6,2,3,ARM,0.16728605451615539,0.11990782189674487,NVDA,0.1111911419270366,0.07142200142978772,CEG,0.06686421909094635,0.4985903824805751,0.1151138051780461,0.22997340193570256
2024-08,2024-08-01,2024-11-01,2024-08-01,101,99,6,3,3,ARM,0.16728605451615539,0.16434855765140477,NVDA,0.1111911419270366,0.23991945271559856,CEG,0.06686421909094635,0.4562185078730425,0.1151138051780461,0.28682883941334864
2024-09,2024-09-03,2024-10-01,2024-09-03,101,99,6,1,1,NVDA,0.0584351897906647,0.08342580663579202,,,,,,,0.0584351897906647,0.08342580663579202
2024-09,2024-09-03,2024-11-01,2024-09-03,101,99,6,2,1,NVDA,0.0584351897906647,0.25381103937489025,,,,,,,0.0584351897906647,0.25381103937489025
2024-09,2024-09-03,2024-12-02,2024-09-03,101,99,6,3,1,NVDA,0.0584351897906647,0.2837208900360264,,,,,,,0.0584351897906647,0.2837208900360264
2024-09,2024-09-03,2024-10-01,2024-09-03,101,99,6,1,2,NVDA,0.0584351897906647,0.08342580663579202,AZN,0.05028045635263978,-0.08224456086797216,,,,0.05435782307165224,0.0005906228839099303
2024-09,2024-09-03,2024-11-01,2024-09-03,101,99,6,2,2,NVDA,0.0584351897906647,0.25381103937489025,AZN,0.05028045635263978,-0.16682221543141107,,,,0.05435782307165224,0.04349441197173959
2024-09,2024-09-03,2024-12-02,2024-09-03,101,99,6,3,2,NVDA,0.0584351897906647,0.2837208900360264,AZN,0.05028045635263978,-0.21791881355650422,,,,0.05435782307165224,0.03290103823976109
2024-09,2024-09-03,2024-10-01,2024-09-03,101,99,6,1,3,NVDA,0.0584351897906647,0.08342580663579202,AZN,0.05028045635263978,-0.08224456086797216,XEL,0.04448052181243217,0.05382458306925053,0.05106538931857888,0.018335276279023465
2024-09,2024-09-03,2024-11-01,2024-09-03,101,99,6,2,3,NVDA,0.0584351897906647,0.25381103937489025,AZN,0.05028045635263978,-0.16682221543141107,XEL,0.04448052181243217,0.07592716276239253,0.05106538931857888,0.05430532890195724
2024-09,2024-09-03,2024-12-02,2024-09-03,101,99,6,3,3,NVDA,0.0584351897906647,0.2837208900360264,AZN,0.05028045635263978,-0.21791881355650422,XEL,0.04448052181243217,0.14868795375018862,0.05106538931857888,0.07149667674323694
2024-10,2024-10-01,2024-11-01,2024-10-01,101,99,6,1,1,CEG,0.07835980430160265,-0.02827448721337411,,,,,,,0.07835980430160265,-0.02827448721337411
2024-10,2024-10-01,2024-12-02,2024-10-01,101,99,6,2,1,CEG,0.07835980430160265,-0.058877561434084624,,,,,,,0.07835980430160265,-0.058877561434084624
2024-10,2024-10-01,2025-01-02,2024-10-01,101,99,6,3,1,CEG,0.07835980430160265,-0.0851979697059938,,,,,,,0.07835980430160265,-0.0851979697059938
2024-10,2024-10-01,2024-11-01,2024-10-01,101,99,6,1,2,CEG,0.07835980430160265,-0.02827448721337411,TSLA,0.07112437434730627,-0.035036019188628975,,,,0.07474208932445446,-0.03165525320100154
2024-10,2024-10-01,2024-12-02,2024-10-01,101,99,6,2,2,CEG,0.07835980430160265,-0.058877561434084624,TSLA,0.07112437434730627,0.38396252826353416,,,,0.07474208932445446,0.16254248341472477
2024-10,2024-10-01,2025-01-02,2024-10-01,101,99,6,3,2,CEG,0.07835980430160265,-0.0851979697059938,TSLA,0.07112437434730627,0.4699636265746827,,,,0.07474208932445446,0.19238282843434446
2024-10,2024-10-01,2024-11-01,2024-10-01,101,99,6,1,3,CEG,0.07835980430160265,-0.02827448721337411,TSLA,0.07112437434730627,-0.035036019188628975,PDD,0.05764850504879979,-0.17220545136061893,0.06904422789923624,-0.07850531925420734
2024-10,2024-10-01,2024-12-02,2024-10-01,101,99,6,2,3,CEG,0.07835980430160265,-0.058877561434084624,TSLA,0.07112437434730627,0.38396252826353416,PDD,0.05764850504879979,-0.320378990855937,0.06904422789923624,0.0015686586578375072
2024-10,2024-10-01,2025-01-02,2024-10-01,101,99,6,3,3,CEG,0.07835980430160265,-0.0851979697059938,TSLA,0.07112437434730627,0.4699636265746827,PDD,0.05764850504879979,-0.33472947132863673,0.06904422789923624,0.016678728513350727
2024-11,2024-11-01,2024-12-02,2024-11-01,101,99,6,1,1,NVDA,0.09567140856625429,0.023855150195557506,,,,,,,0.09567140856625429,0.023855150195557506
2024-11,2024-11-01,2025-01-02,2024-11-01,101,99,6,2,1,NVDA,0.09567140856625429,0.021562111539104256,,,,,,,0.09567140856625429,0.021562111539104256
2024-11,2024-11-01,2025-02-03,2024-11-01,101,99,6,3,1,NVDA,0.09567140856625429,-0.13834544147689187,,,,,,,0.09567140856625429,-0.13834544147689187
2024-11,2024-11-01,2024-12-02,2024-11-01,101,99,6,1,2,NVDA,0.09567140856625429,0.023855150195557506,ARM,0.0843790360317127,-0.008057671925887244,,,,0.09002522229898349,0.007898739134835131
2024-11,2024-11-01,2025-01-02,2024-11-01,101,99,6,2,2,NVDA,0.09567140856625429,0.021562111539104256,ARM,0.0843790360317127,-0.0938648514301017,,,,0.09002522229898349,-0.036151369945498724
2024-11,2024-11-01,2025-02-03,2024-11-01,101,99,6,3,2,NVDA,0.09567140856625429,-0.13834544147689187,ARM,0.0843790360317127,0.1001554890928451,,,,0.09002522229898349,-0.019094976192023383
2024-11,2024-11-01,2024-12-02,2024-11-01,101,99,6,1,3,NVDA,0.09567140856625429,0.023855150195557506,ARM,0.0843790360317127,-0.008057671925887244,CEG,0.07491992342388788,-0.031493537854069276,0.08499012267395162,-0.005232019861466338
2024-11,2024-11-01,2025-01-02,2024-11-01,101,99,6,2,3,NVDA,0.09567140856625429,0.021562111539104256,ARM,0.0843790360317127,-0.0938648514301017,CEG,0.07491992342388788,-0.058579796190983746,0.08499012267395162,-0.043627512027327064
2024-11,2024-11-01,2025-02-03,2024-11-01,101,99,6,3,3,NVDA,0.09567140856625429,-0.13834544147689187,ARM,0.0843790360317127,0.1001554890928451,CEG,0.07491992342388788,0.18864992450687246,0.08499012267395162,0.050153324040941895
2024-12,2024-12-02,2025-01-02,2024-12-02,101,99,6,1,1,APP,0.3169084283129297,0.003493944197426435,,,,,,,0.3169084283129297,0.003493944197426435
2024-12,2024-12-02,2025-02-03,2024-12-02,101,99,6,2,1,APP,0.3169084283129297,0.07296164411964301,,,,,,,0.3169084283129297,0.07296164411964301
2024-12,2024-12-02,2025-03-03,2024-12-02,101,99,6,3,1,APP,0.3169084283129297,-0.009542264995874294,,,,,,,0.3169084283129297,-0.009542264995874294
2024-12,2024-12-02,2025-01-02,2024-12-02,101,99,6,1,2,APP,0.3169084283129297,0.003493944197426435,TSLA,0.13654260681551542,0.06214120437137449,,,,0.22672551756422255,0.032817574284400464
2024-12,2024-12-02,2025-02-03,2024-12-02,101,99,6,2,2,APP,0.3169084283129297,0.07296164411964301,TSLA,0.13654260681551542,0.07446301103526376,,,,0.22672551756422255,0.07371232757745338
2024-12,2024-12-02,2025-03-03,2024-12-02,101,99,6,3,2,APP,0.3169084283129297,-0.009542264995874294,TSLA,0.13654260681551542,-0.2028620324968753,,,,0.22672551756422255,-0.10620214874637479
2024-12,2024-12-02,2025-01-02,2024-12-02,101,99,6,1,3,APP,0.3169084283129297,0.003493944197426435,TSLA,0.13654260681551542,0.06214120437137449,TEAM,0.09932557232654743,-0.08834814601239893,0.18425886915166415,-0.007570999147866002
2024-12,2024-12-02,2025-02-03,2024-12-02,101,99,6,2,3,APP,0.3169084283129297,0.07296164411964301,TSLA,0.13654260681551542,0.07446301103526376,TEAM,0.09932557232654743,0.17120501044723158,0.18425886915166415,0.10620988853404612
2024-12,2024-12-02,2025-03-03,2024-12-02,101,99,6,3,3,APP,0.3169084283129297,-0.009542264995874294,TSLA,0.13654260681551542,-0.2028620324968753,TEAM,0.09932557232654743,0.031367519876368766,0.18425886915166415,-0.0603455925387936
2025-01,2025-01-02,2025-02-03,2025-01-02,101,99,6,1,1,APP,0.3132182758750292,0.06922582873957994,,,,,,,0.3132182758750292,0.06922582873957994
2025-01,2025-01-02,2025-03-03,2025-01-02,101,99,6,2,1,APP,0.3132182758750292,-0.012990819993165759,,,,,,,0.3132182758750292,-0.012990819993165759
2025-01,2025-01-02,2025-04-01,2025-01-02,101,99,6,3,1,APP,0.3132182758750292,-0.17285969566175896,,,,,,,0.3132182758750292,-0.17285969566175896
2025-01,2025-01-02,2025-02-03,2025-01-02,101,99,6,1,2,APP,0.3132182758750292,0.06922582873957994,PLTR,0.2064403669603743,0.11371186520476684,,,,0.25982932141770176,0.09146884697217339
2025-01,2025-01-02,2025-03-03,2025-01-02,101,99,6,2,2,APP,0.3132182758750292,-0.012990819993165759,PLTR,0.2064403669603743,0.10945598431058046,,,,0.25982932141770176,0.04823258215870735
2025-01,2025-01-02,2025-04-01,2025-01-02,101,99,6,3,2,APP,0.3132182758750292,-0.17285969566175896,PLTR,0.2064403669603743,0.12621355972377923,,,,0.25982932141770176,-0.023323067968989863
2025-01,2025-01-02,2025-02-03,2025-01-02,101,99,6,1,3,APP,0.3132182758750292,0.06922582873957994,PLTR,0.2064403669603743,0.11371186520476684,MSTR,0.18371516382331232,0.15692805253079944,0.23445793555290528,0.11328858215838207
2025-01,2025-01-02,2025-03-03,2025-01-02,101,99,6,2,3,APP,0.3132182758750292,-0.012990819993165759,PLTR,0.2064403669603743,0.10945598431058046,MSTR,0.18371516382331232,-0.16362791239875618,0.23445793555290528,-0.022387582693780494
2025-01,2025-01-02,2025-04-01,2025-01-02,101,99,6,3,3,APP,0.3132182758750292,-0.17285969566175896,PLTR,0.2064403669603743,0.12621355972377923,MSTR,0.18371516382331232,0.020032595754861715,0.23445793555290528,-0.008871180061039338
2025-02,2025-02-03,2025-03-03,2025-02-03,101,99,6,1,1,APP,0.3438748391573379,-0.07689362389390075,,,,,,,0.3438748391573379,-0.07689362389390075
2025-02,2025-02-03,2025-04-01,2025-02-03,101,99,6,2,1,APP,0.3438748391573379,-0.22641196826185273,,,,,,,0.3438748391573379,-0.22641196826185273
2025-02,2025-02-03,2025-05-01,2025-02-03,101,99,6,3,1,APP,0.3438748391573379,-0.23519596002852017,,,,,,,0.3438748391573379,-0.23519596002852017
2025-02,2025-02-03,2025-03-03,2025-02-03,101,99,6,1,2,APP,0.3438748391573379,-0.07689362389390075,PLTR,0.22410434366100748,-0.0038213482563589363,,,,0.2839895914091727,-0.040357486075129845
2025-02,2025-02-03,2025-04-01,2025-02-03,101,99,6,2,2,APP,0.3438748391573379,-0.22641196826185273,PLTR,0.22410434366100748,0.011225250362860928,,,,0.2839895914091727,-0.1075933589494959
2025-02,2025-02-03,2025-05-01,2025-02-03,101,99,6,3,2,APP,0.3438748391573379,-0.23519596002852017,PLTR,0.22410434366100748,0.38762837249267035,,,,0.2839895914091727,0.07621620623207509
2025-02,2025-02-03,2025-03-03,2025-02-03,101,99,6,1,3,APP,0.3438748391573379,-0.07689362389390075,PLTR,0.22410434366100748,-0.0038213482563589363,MSTR,0.19207540303158388,-0.2770751078499083,0.25335152861664306,-0.119263360000056
2025-02,2025-02-03,2025-04-01,2025-02-03,101,99,6,2,3,APP,0.3438748391573379,-0.22641196826185273,PLTR,0.22410434366100748,0.011225250362860928,MSTR,0.19207540303158388,-0.11832668114190559,0.25335152861664306,-0.11117113301363246
2025-02,2025-02-03,2025-05-01,2025-02-03,101,99,6,3,3,APP,0.3438748391573379,-0.23519596002852017,PLTR,0.22410434366100748,0.38762837249267035,MSTR,0.19207540303158388,0.09942669085751943,0.25335152861664306,0.08395303444055653
2025-03,2025-03-03,2025-04-01,2025-03-03,101,99,6,1,1,APP,0.3021161856089825,-0.16197303825227471,,,,,,,0.3021161856089825,-0.16197303825227471
2025-03,2025-03-03,2025-05-01,2025-03-03,101,99,6,2,1,APP,0.3021161856089825,-0.17148872571152574,,,,,,,0.3021161856089825,-0.17148872571152574
2025-03,2025-03-03,2025-06-02,2025-03-03,101,99,6,3,1,APP,0.3021161856089825,0.19140928447613836,,,,,,,0.3021161856089825,0.19140928447613836
2025-03,2025-03-03,2025-04-01,2025-03-03,101,99,6,1,2,APP,0.3021161856089825,-0.16197303825227471,PLTR,0.19515712305351085,0.015104317476472007,,,,0.24863665433124668,-0.07343436038790135
2025-03,2025-03-03,2025-05-01,2025-03-03,101,99,6,2,2,APP,0.3021161856089825,-0.17148872571152574,PLTR,0.19515712305351085,0.39295132460815463,,,,0.24863665433124668,0.11073129944831445
2025-03,2025-03-03,2025-06-02,2025-03-03,101,99,6,3,2,APP,0.3021161856089825,0.19140928447613836,PLTR,0.19515712305351085,0.5828338070533214,,,,0.24863665433124668,0.3871215457647299
2025-03,2025-03-03,2025-04-01,2025-03-03,101,99,6,1,3,APP,0.3021161856089825,-0.16197303825227471,PLTR,0.19515712305351085,0.015104317476472007,MSTR,0.1777134883154329,0.2195918669169905,0.2249955989926421,0.024241048713729268
2025-03,2025-03-03,2025-05-01,2025-03-03,101,99,6,2,3,APP,0.3021161856089825,-0.17148872571152574,PLTR,0.19515712305351085,0.39295132460815463,MSTR,0.1777134883154329,0.5208034787509563,0.2249955989926421,0.2474220258825284
2025-03,2025-03-03,2025-06-02,2025-03-03,101,99,6,3,3,APP,0.3021161856089825,0.19140928447613836,PLTR,0.19515712305351085,0.5828338070533214,MSTR,0.1777134883154329,0.48362024442157536,0.2249955989926421,0.41928777865034506
2025-04,2025-04-01,2025-05-01,2025-04-01,101,99,6,1,1,APP,0.1947091697812655,-0.011354870300838371,,,,,,,0.1947091697812655,-0.011354870300838371
2025-04,2025-04-01,2025-06-02,2025-04-01,101,99,6,2,1,APP,0.1947091697812655,0.4216837152726276,,,,,,,0.1947091697812655,0.4216837152726276
2025-04,2025-04-01,2025-07-01,2025-04-01,101,99,6,3,1,APP,0.1947091697812655,0.190979794492673,,,,,,,0.1947091697812655,0.190979794492673
2025-04,2025-04-01,2025-05-01,2025-04-01,101,99,6,1,2,APP,0.1947091697812655,-0.011354870300838371,PLTR,0.16517151131556929,0.3722248054968402,,,,0.1799403405484174,0.18043496759800093
2025-04,2025-04-01,2025-06-02,2025-04-01,101,99,6,2,2,APP,0.1947091697812655,0.4216837152726276,PLTR,0.16517151131556929,0.5592819179295907,,,,0.1799403405484174,0.49048281660110915
2025-04,2025-04-01,2025-07-01,2025-04-01,101,99,6,3,2,APP,0.1947091697812655,0.190979794492673,PLTR,0.16517151131556929,0.5432214478605035,,,,0.1799403405484174,0.36710062117658826
2025-04,2025-04-01,2025-05-01,2025-04-01,101,99,6,1,3,APP,0.1947091697812655,-0.011354870300838371,PLTR,0.16517151131556929,0.3722248054968402,MSTR,0.1593061337181815,0.2469773864558471,0.17306227160500542,0.20261577388394966
2025-04,2025-04-01,2025-06-02,2025-04-01,101,99,6,2,3,APP,0.1947091697812655,0.4216837152726276,PLTR,0.16517151131556929,0.5592819179295907,MSTR,0.1593061337181815,0.21648912613038562,0.17306227160500542,0.3991515864442013
2025-04,2025-04-01,2025-07-01,2025-04-01,101,99,6,3,3,APP,0.1947091697812655,0.190979794492673,PLTR,0.16517151131556929,0.5432214478605035,MSTR,0.1593061337181815,0.21985491534767387,0.17306227160500542,0.3180187192336168
2025-05,2025-05-01,2025-06-02,2025-05-01,101,99,6,1,1,PLTR,0.20225012343313672,0.13631666741734993,,,,,,,0.20225012343313672,0.13631666741734993
2025-05,2025-05-01,2025-07-01,2025-05-01,101,99,6,2,1,PLTR,0.20225012343313672,0.12461270316546336,,,,,,,0.20225012343313672,0.12461270316546336
2025-05,2025-05-01,2025-08-01,2025-05-01,101,99,6,3,1,PLTR,0.20225012343313672,0.32762485648924655,,,,,,,0.20225012343313672,0.32762485648924655
2025-05,2025-05-01,2025-06-02,2025-05-01,101,99,6,1,2,PLTR,0.20225012343313672,0.13631666741734993,APP,0.15087255768322103,0.4380121568041677,,,,0.17656134055817888,0.2871644121107588
2025-05,2025-05-01,2025-07-01,2025-05-01,101,99,6,2,2,PLTR,0.20225012343313672,0.12461270316546336,APP,0.15087255768322103,0.20465853592489802,,,,0.17656134055817888,0.1646356195451807
2025-05,2025-05-01,2025-08-01,2025-05-01,101,99,6,3,2,PLTR,0.20225012343313672,0.32762485648924655,APP,0.15087255768322103,0.3566497072391379,,,,0.17656134055817888,0.34213728186419223
2025-05,2025-05-01,2025-06-02,2025-05-01,101,99,6,1,3,PLTR,0.20225012343313672,0.13631666741734993,APP,0.15087255768322103,0.4380121568041677,MSTR,0.13181084383740213,-0.02444972992823491,0.16164450831791996,0.18329303143109424
2025-05,2025-05-01,2025-07-01,2025-05-01,101,99,6,2,3,PLTR,0.20225012343313672,0.12461270316546336,APP,0.15087255768322103,0.20465853592489802,MSTR,0.13181084383740213,-0.0217505717447376,0.16164450831791996,0.10250688911520793
2025-05,2025-05-01,2025-08-01,2025-05-01,101,99,6,3,3,PLTR,0.20225012343313672,0.32762485648924655,APP,0.15087255768322103,0.3566497072391379,MSTR,0.13181084383740213,-0.03922956231987651,0.16164450831791996,0.21501500046950264
2025-06,2025-06-02,2025-07-01,2025-06-02,101,99,6,1,1,PLTR,0.1276810728947654,-0.010299914264645715,,,,,,,0.1276810728947654,-0.010299914264645715
2025-06,2025-06-02,2025-08-01,2025-06-02,101,99,6,2,1,PLTR,0.1276810728947654,0.16835816507620782,,,,,,,0.1276810728947654,0.16835816507620782
2025-06,2025-06-02,2025-09-02,2025-06-02,101,99,6,3,1,PLTR,0.1276810728947654,0.18971527056559334,,,,,,,0.1276810728947654,0.18971527056559334
2025-06,2025-06-02,2025-07-01,2025-06-02,101,99,6,1,2,PLTR,0.1276810728947654,-0.010299914264645715,AVGO,0.08825159970946077,0.06695796493617268,,,,0.10796633630211308,0.02832902533576348
2025-06,2025-06-02,2025-08-01,2025-06-02,101,99,6,2,2,PLTR,0.1276810728947654,0.16835816507620782,AVGO,0.08825159970946077,0.1632801632221812,,,,0.10796633630211308,0.1658191641491945
2025-06,2025-06-02,2025-09-02,2025-06-02,101,99,6,3,2,PLTR,0.1276810728947654,0.18971527056559334,AVGO,0.08825159970946077,0.20197010401598137,,,,0.10796633630211308,0.19584268729078735
2025-06,2025-06-02,2025-07-01,2025-06-02,101,99,6,1,3,PLTR,0.1276810728947654,-0.010299914264645715,AVGO,0.08825159970946077,0.06695796493617268,ZS,0.06694031162691776,0.04822980763245499,0.09429099474371465,0.03496261943466065
2025-06,2025-06-02,2025-08-01,2025-06-02,101,99,6,2,3,PLTR,0.1276810728947654,0.16835816507620782,AVGO,0.08825159970946077,0.1632801632221812,ZS,0.06694031162691776,-0.04403439519962793,0.09429099474371465,0.09586797769958703
2025-06,2025-06-02,2025-09-02,2025-06-02,101,99,6,3,3,PLTR,0.1276810728947654,0.18971527056559334,AVGO,0.08825159970946077,0.20197010401598137,ZS,0.06694031162691776,-0.06347631426590117,0.09429099474371465,0.10940302010522451
2025-07,2025-07-01,2025-08-01,2025-07-01,101,99,6,1,1,PLTR,0.10387273217907073,0.1805173930121562,,,,,,,0.10387273217907073,0.1805173930121562
2025-07,2025-07-01,2025-09-02,2025-07-01,101,99,6,2,1,PLTR,0.10387273217907073,0.2020967641743976,,,,,,,0.10387273217907073,0.2020967641743976
2025-07,2025-07-01,2025-10-01,2025-07-01,101,99,6,3,1,PLTR,0.10387273217907073,0.41528931216812603,,,,,,,0.10387273217907073,0.41528931216812603
2025-07,2025-07-01,2025-08-01,2025-07-01,101,99,6,1,2,PLTR,0.10387273217907073,0.1805173930121562,ZS,0.09644040653965473,-0.08801906047727459,,,,0.10015656935936273,0.0462491662674408
2025-07,2025-07-01,2025-09-02,2025-07-01,101,99,6,2,2,PLTR,0.10387273217907073,0.2020967641743976,ZS,0.09644040653965473,-0.10656644285918282,,,,0.10015656935936273,0.047765160657607386
2025-07,2025-07-01,2025-10-01,2025-07-01,101,99,6,3,2,PLTR,0.10387273217907073,0.41528931216812603,ZS,0.09644040653965473,-0.009078512555085405,,,,0.10015656935936273,0.20310539980652031
2025-07,2025-07-01,2025-08-01,2025-07-01,101,99,6,1,3,PLTR,0.10387273217907073,0.1805173930121562,ZS,0.09644040653965473,-0.08801906047727459,NFLX,0.068276623516624,-0.10435992529610205,0.0895299207451165,-0.003953864253740151
2025-07,2025-07-01,2025-09-02,2025-07-01,101,99,6,2,3,PLTR,0.10387273217907073,0.2020967641743976,ZS,0.09644040653965473,-0.10656644285918282,NFLX,0.068276623516624,-0.061448650742527255,0.0895299207451165,0.011360556857562506
2025-07,2025-07-01,2025-10-01,2025-07-01,101,99,6,3,3,PLTR,0.10387273217907073,0.41528931216812603,ZS,0.09644040653965473,-0.009078512555085405,NFLX,0.068276623516624,-0.09485160957458338,0.0895299207451165,0.10378639667948575
2025-08,2025-08-01,2025-09-02,2025-08-01,101,100,6,1,1,PLTR,0.11500698681363562,0.018279587653664775,,,,,,,0.11500698681363562,0.018279587653664775
2025-08,2025-08-01,2025-10-01,2025-08-01,101,100,6,2,1,PLTR,0.11500698681363562,0.19887205435994137,,,,,,,0.11500698681363562,0.19887205435994137
2025-08,2025-08-01,2025-11-03,2025-08-01,101,100,6,3,1,PLTR,0.11500698681363562,0.34297003265699266,,,,,,,0.11500698681363562,0.34297003265699266
2025-08,2025-08-01,2025-09-02,2025-08-01,101,100,6,1,2,PLTR,0.11500698681363562,0.018279587653664775,AMD,0.0802009765533721,-0.05463010943937863,,,,0.09760398168350387,-0.018175260892856926
2025-08,2025-08-01,2025-10-01,2025-08-01,101,100,6,2,2,PLTR,0.11500698681363562,0.19887205435994137,AMD,0.0802009765533721,-0.04478743493352744,,,,0.09760398168350387,0.07704230971320697
2025-08,2025-08-01,2025-11-03,2025-08-01,101,100,6,3,2,PLTR,0.11500698681363562,0.34297003265699266,AMD,0.0802009765533721,0.5122306261586838,,,,0.09760398168350387,0.4276003294078382
2025-08,2025-08-01,2025-09-02,2025-08-01,101,100,6,1,3,PLTR,0.11500698681363562,0.018279587653664775,AMD,0.0802009765533721,-0.05463010943937863,NVDA,0.07280547216274853,-0.016923831180986726,0.08933781184325208,-0.017758117655566858
2025-08,2025-08-01,2025-10-01,2025-08-01,101,100,6,2,3,PLTR,0.11500698681363562,0.19887205435994137,AMD,0.0802009765533721,-0.04478743493352744,NVDA,0.07280547216274853,0.07788722118449298,0.08933781184325208,0.07732394687030231
2025-08,2025-08-01,2025-11-03,2025-08-01,101,100,6,3,3,PLTR,0.11500698681363562,0.34297003265699266,AMD,0.0802009765533721,0.5122306261586838,NVDA,0.07280547216274853,0.1909491204679521,0.08933781184325208,0.34871659309454284
2025-09,2025-09-02,2025-10-01,2025-09-02,101,100,6,1,1,PLTR,0.11869047613197291,0.17735057139110544,,,,,,,0.11869047613197291,0.17735057139110544
2025-09,2025-09-02,2025-11-03,2025-09-02,101,100,6,2,1,PLTR,0.11869047613197291,0.3188617830899316,,,,,,,0.11869047613197291,0.3188617830899316
2025-09,2025-09-02,2025-12-01,2025-09-02,101,100,6,3,1,PLTR,0.11869047613197291,0.06620414665300323,,,,,,,0.11869047613197291,0.06620414665300323
2025-09,2025-09-02,2025-10-01,2025-09-02,101,100,6,1,2,PLTR,0.11869047613197291,0.17735057139110544,AMD,0.09449083267149185,0.010411453341309995,,,,0.10659065440173238,0.09388101236620772
2025-09,2025-09-02,2025-11-03,2025-09-02,101,100,6,2,2,PLTR,0.11869047613197291,0.3188617830899316,AMD,0.09449083267149185,0.5996179286627203,,,,0.10659065440173238,0.459239855876326
2025-09,2025-09-02,2025-12-01,2025-09-02,101,100,6,3,2,PLTR,0.11869047613197291,0.06620414665300323,AMD,0.09449083267149185,0.35386880600545023,,,,0.10659065440173238,0.21003647632922673
2025-09,2025-09-02,2025-10-01,2025-09-02,101,100,6,1,3,PLTR,0.11869047613197291,0.17735057139110544,AMD,0.09449083267149185,0.010411453341309995,AVGO,0.08732469340367073,0.11977341159910626,0.1001686674023785,0.10251181211050724
2025-09,2025-09-02,2025-11-03,2025-09-02,101,100,6,2,3,PLTR,0.11869047613197291,0.3188617830899316,AMD,0.09449083267149185,0.5996179286627203,AVGO,0.08732469340367073,0.21771444097515835,0.1001686674023785,0.37873138424260344
2025-09,2025-09-02,2025-12-01,2025-09-02,101,100,6,3,3,PLTR,0.11869047613197291,0.06620414665300323,AMD,0.09449083267149185,0.35386880600545023,AVGO,0.08732469340367073,0.29674578865190293,0.1001686674023785,0.23893958043678545
2025-10,2025-10-01,2025-11-03,2025-10-01,101,100,6,1,1,APP,0.18710392670593015,-0.10218865409636135,,,,,,,0.18710392670593015,-0.10218865409636135
2025-10,2025-10-01,2025-12-01,2025-10-01,101,100,6,2,1,APP,0.18710392670593015,-0.11433197024465813,,,,,,,0.18710392670593015,-0.11433197024465813
2025-10,2025-10-01,2026-01-02,2025-10-01,101,100,6,3,1,APP,0.18710392670593015,-0.1218168362848524,,,,,,,0.18710392670593015,-0.1218168362848524
2025-10,2025-10-01,2025-11-03,2025-10-01,101,100,6,1,2,APP,0.18710392670593015,-0.10218865409636135,MU,0.15097857759415848,0.2893055122512931,,,,0.1690412521500443,0.09355842907746587
2025-10,2025-10-01,2025-12-01,2025-10-01,101,100,6,2,2,APP,0.18710392670593015,-0.11433197024465813,MU,0.15097857759415848,0.3209477362955573,,,,0.1690412521500443,0.10330788302544958
2025-10,2025-10-01,2026-01-02,2025-10-01,101,100,6,3,2,APP,0.18710392670593015,-0.1218168362848524,MU,0.15097857759415848,0.733434567418108,,,,0.1690412521500443,0.3058088655666278
2025-10,2025-10-01,2025-11-03,2025-10-01,101,100,6,1,3,APP,0.18710392670593015,-0.10218865409636135,MU,0.15097857759415848,0.2893055122512931,PLTR,0.14573151845107848,0.12019462608458475,0.16127134091705572,0.10243716141317216
2025-10,2025-10-01,2025-12-01,2025-10-01,101,100,6,2,3,APP,0.18710392670593015,-0.11433197024465813,MU,0.15097857759415848,0.3209477362955573,PLTR,0.14573151845107848,-0.09440384830049098,0.16127134091705572,0.03740397258346939
2025-10,2025-10-01,2026-01-02,2025-10-01,101,100,6,3,3,APP,0.18710392670593015,-0.1218168362848524,MU,0.15097857759415848,0.733434567418108,PLTR,0.14573151845107848,-0.09240333398152589,0.16127134091705572,0.17307146571724322
2025-11,2025-11-03,2025-12-01,2025-11-03,102,101,6,1,1,MU,0.21975006050675353,0.024542068379908466,,,,,,,0.21975006050675353,0.024542068379908466
2025-11,2025-11-03,2026-01-02,2025-11-03,102,101,6,2,1,MU,0.21975006050675353,0.34447153986901724,,,,,,,0.21975006050675353,0.34447153986901724
2025-11,2025-11-03,2026-02-02,2025-11-03,102,101,6,3,1,MU,0.21975006050675353,0.8661136197806782,,,,,,,0.21975006050675353,0.8661136197806782
2025-11,2025-11-03,2025-12-01,2025-11-03,102,101,6,1,2,MU,0.21975006050675353,0.024542068379908466,WBD,0.19611695125293485,0.07088379806235978,,,,0.2079335058798442,0.047712933221134124
2025-11,2025-11-03,2026-01-02,2025-11-03,102,101,6,2,2,MU,0.21975006050675353,0.34447153986901724,WBD,0.19611695125293485,0.27904885858580686,,,,0.2079335058798442,0.31176019922741205
2025-11,2025-11-03,2026-02-02,2025-11-03,102,101,6,3,2,MU,0.21975006050675353,0.8661136197806782,WBD,0.19611695125293485,0.23463433501221087,,,,0.2079335058798442,0.5503739773964446
2025-11,2025-11-03,2025-12-01,2025-11-03,102,101,6,1,3,MU,0.21975006050675353,0.024542068379908466,WBD,0.19611695125293485,0.07088379806235978,AMD,0.19563562569530313,-0.15362988764618069,0.20383421248499714,-0.019401340401304146
2025-11,2025-11-03,2026-01-02,2025-11-03,102,101,6,2,3,MU,0.21975006050675353,0.34447153986901724,WBD,0.19611695125293485,0.27904885858580686,AMD,0.19563562569530313,-0.13934139621125996,0.20383421248499714,0.1613930007478547
2025-11,2025-11-03,2026-02-02,2025-11-03,102,101,6,3,3,MU,0.21975006050675353,0.8661136197806782,WBD,0.19611695125293485,0.23463433501221087,AMD,0.19563562569530313,-0.05153086824010367,0.20383421248499714,0.3497390288509285
2025-12,2025-12-01,2026-01-02,2025-12-01,101,100,6,1,1,MU,0.18010029432389385,0.31226582232490263,,,,,,,0.18010029432389385,0.31226582232490263
2025-12,2025-12-01,2026-02-02,2025-12-01,101,100,6,2,1,MU,0.18010029432389385,0.8214123923008188,,,,,,,0.18010029432389385,0.8214123923008188
2025-12,2025-12-01,2026-03-02,2025-12-01,101,100,6,3,1,MU,0.18010029432389385,0.7168623424640239,,,,,,,0.18010029432389385,0.7168623424640239
2025-12,2025-12-01,2026-01-02,2025-12-01,101,100,6,1,2,MU,0.18010029432389385,0.31226582232490263,WBD,0.17689098801998274,0.19438622649824167,,,,0.17849564117193828,0.25332602441157215
2025-12,2025-12-01,2026-02-02,2025-12-01,101,100,6,2,2,MU,0.18010029432389385,0.8214123923008188,WBD,0.17689098801998274,0.15291158316722941,,,,0.17849564117193828,0.4871619877340241
2025-12,2025-12-01,2026-03-02,2025-12-01,101,100,6,3,2,MU,0.18010029432389385,0.7168623424640239,WBD,0.17689098801998274,0.1939672810214823,,,,0.17849564117193828,0.4554148117427531
2025-12,2025-12-01,2026-01-02,2025-12-01,101,100,6,1,3,MU,0.18010029432389385,0.31226582232490263,WBD,0.17689098801998274,0.19438622649824167,INTC,0.14214252148994236,-0.015745995497303156,0.16637793461127295,0.1636353511086137
2025-12,2025-12-01,2026-02-02,2025-12-01,101,100,6,2,3,MU,0.18010029432389385,0.8214123923008188,WBD,0.17689098801998274,0.15291158316722941,INTC,0.14214252148994236,0.2199450992483969,0.16637793461127295,0.39808969157214835
2025-12,2025-12-01,2026-03-02,2025-12-01,101,100,6,3,3,MU,0.18010029432389385,0.7168623424640239,WBD,0.17689098801998274,0.1939672810214823,INTC,0.14214252148994236,0.13721574378352575,0.16637793461127295,0.349348455756344
2026-01,2026-01-02,2026-02-02,2026-01-02,101,100,6,1,1,WDC,0.20981851241681204,0.439691108580744,,,,,,,0.20981851241681204,0.439691108580744
2026-01,2026-01-02,2026-03-02,2026-01-02,101,100,6,2,1,WDC,0.20981851241681204,0.4388917968579611,,,,,,,0.20981851241681204,0.4388917968579611
2026-01,2026-01-02,2026-04-01,2026-01-02,101,100,6,3,1,WDC,0.20981851241681204,0.5869607534851684,,,,,,,0.20981851241681204,0.5869607534851684
2026-01,2026-01-02,2026-02-02,2026-01-02,101,100,6,1,2,WDC,0.20981851241681204,0.439691108580744,WBD,0.19362203276330134,-0.03472464970783329,,,,0.2017202725900567,0.20248322943645536
2026-01,2026-01-02,2026-03-02,2026-01-02,101,100,6,2,2,WDC,0.20981851241681204,0.4388917968579611,WBD,0.19362203276330134,-0.0003507621466698474,,,,0.2017202725900567,0.21927051735564562
2026-01,2026-01-02,2026-04-01,2026-01-02,101,100,6,3,2,WDC,0.20981851241681204,0.5869607534851684,WBD,0.19362203276330134,-0.035776936147842275,,,,0.2017202725900567,0.27559190866866307
2026-01,2026-01-02,2026-02-02,2026-01-02,101,100,6,1,3,WDC,0.20981851241681204,0.439691108580744,WBD,0.19362203276330134,-0.03472464970783329,MU,0.19359295004891997,0.38799042184446786,0.19901116507634445,0.2643189602391262
2026-01,2026-01-02,2026-03-02,2026-01-02,101,100,6,2,3,WDC,0.20981851241681204,0.4388917968579611,WBD,0.19362203276330134,-0.0003507621466698474,MU,0.19359295004891997,0.30831902595947347,0.19901116507634445,0.24895335355692158
2026-01,2026-01-02,2026-04-01,2026-01-02,101,100,6,3,3,WDC,0.20981851241681204,0.5869607534851684,WBD,0.19362203276330134,-0.035776936147842275,MU,0.19359295004891997,0.1667125696592029,0.19901116507634445,0.23929879566550968
2026-02,2026-02-02,2026-03-02,2026-02-02,101,100,6,1,1,MU,0.28019434407175364,-0.057400537230740345,,,,,,,0.28019434407175364,-0.057400537230740345
2026-02,2026-02-02,2026-04-01,2026-02-02,101,100,6,2,1,MU,0.28019434407175364,-0.1594231838366823,,,,,,,0.28019434407175364,-0.1594231838366823
2026-02,2026-02-02,2026-05-01,2026-02-02,101,100,6,3,1,MU,0.28019434407175364,0.2390082552862225,,,,,,,0.28019434407175364,0.2390082552862225
2026-02,2026-02-02,2026-03-02,2026-02-02,101,100,6,1,2,MU,0.28019434407175364,-0.057400537230740345,WDC,0.2499184388170014,-0.000555196679356329,,,,0.26505639144437754,-0.028977866955048337
2026-02,2026-02-02,2026-04-01,2026-02-02,101,100,6,2,2,MU,0.28019434407175364,-0.1594231838366823,WDC,0.2499184388170014,0.10229252929790178,,,,0.26505639144437754,-0.02856532726939026
2026-02,2026-02-02,2026-05-01,2026-02-02,101,100,6,3,2,MU,0.28019434407175364,0.2390082552862225,WDC,0.2499184388170014,0.5976260961205873,,,,0.26505639144437754,0.4183171757034049
2026-02,2026-02-02,2026-03-02,2026-02-02,101,100,6,1,3,MU,0.28019434407175364,-0.057400537230740345,WDC,0.2499184388170014,-0.000555196679356329,STX,0.2061004880670113,-0.12340922142286748,0.24540442365192214,-0.06045498511098805
2026-02,2026-02-02,2026-04-01,2026-02-02,101,100,6,2,3,MU,0.28019434407175364,-0.1594231838366823,WDC,0.2499184388170014,0.10229252929790178,STX,0.2061004880670113,-0.020999976611263182,0.24540442365192214,-0.026043543716681234
2026-02,2026-02-02,2026-05-01,2026-02-02,101,100,6,3,3,MU,0.28019434407175364,0.2390082552862225,WDC,0.2499184388170014,0.5976260961205873,STX,0.2061004880670113,0.6819448349437056,0.24540442365192214,0.5061930621168385
2026-03,2026-03-02,2026-04-01,2026-03-02,101,100,6,1,1,MU,0.24901555623620197,-0.10823541773110079,,,,,,,0.24901555623620197,-0.10823541773110079
2026-03,2026-03-02,2026-05-01,2026-03-02,101,100,6,2,1,MU,0.24901555623620197,0.31445890245486097,,,,,,,0.24901555623620197,0.31445890245486097
2026-03,2026-03-02,2026-06-01,2026-03-02,101,100,6,3,1,MU,0.24901555623620197,1.5103229355775212,,,,,,,0.24901555623620197,1.5103229355775212
2026-03,2026-03-02,2026-04-01,2026-03-02,101,100,6,1,2,MU,0.24901555623620197,-0.10823541773110079,WDC,0.2381559789245442,0.10290485841293862,,,,0.2435857675803731,-0.002665279659081088
2026-03,2026-03-02,2026-05-01,2026-03-02,101,100,6,2,2,MU,0.24901555623620197,0.31445890245486097,WDC,0.2381559789245442,0.5985135855551935,,,,0.2435857675803731,0.45648624400502724
2026-03,2026-03-02,2026-06-01,2026-03-02,101,100,6,3,2,MU,0.24901555623620197,1.5103229355775212,WDC,0.2381559789245442,1.0233318926322106,,,,0.2435857675803731,1.2668274141048659
2026-03,2026-03-02,2026-04-01,2026-03-02,101,100,6,1,3,MU,0.24901555623620197,-0.10823541773110079,WDC,0.2381559789245442,0.10290485841293862,WBD,0.1805543731793193,-0.03543860452216974,0.22257530278002183,-0.013589721280110637
2026-03,2026-03-02,2026-05-01,2026-03-02,101,100,6,2,3,MU,0.24901555623620197,0.31445890245486097,WDC,0.2381559789245442,0.5985135855551935,WBD,0.1805543731793193,-0.053684234619140736,0.22257530278002183,0.28642941779697123
2026-03,2026-03-02,2026-06-01,2026-03-02,101,100,6,3,3,MU,0.24901555623620197,1.5103229355775212,WDC,0.2381559789245442,1.0233318926322106,WBD,0.1805543731793193,-0.04385964912280704,0.22257530278002183,0.8299317263623083
2026-04,2026-04-01,2026-05-01,2026-04-01,101,100,6,1,1,WDC,0.15594566699956688,0.4493667095232743,,,,,,,0.15594566699956688,0.4493667095232743
2026-04,2026-04-01,2026-06-01,2026-04-01,101,100,6,2,1,WDC,0.15594566699956688,0.8345479913324083,,,,,,,0.15594566699956688,0.8345479913324083
2026-04,2026-04-01,2026-07-01,2026-04-01,101,100,6,3,1,WDC,0.15594566699956688,1.0102978930794646,,,,,,,0.15594566699956688,1.0102978930794646
2026-04,2026-04-01,2026-05-01,2026-04-01,101,100,6,1,2,WDC,0.15594566699956688,0.4493667095232743,MU,0.14141131163978848,0.4739976543030098,,,,0.1486784893196777,0.46168218191314203
2026-04,2026-04-01,2026-06-01,2026-04-01,101,100,6,2,2,WDC,0.15594566699956688,0.8345479913324083,MU,0.14141131163978848,1.8150063206037577,,,,0.1486784893196777,1.324777155968083
2026-04,2026-04-01,2026-07-01,2026-04-01,101,100,6,3,2,WDC,0.15594566699956688,1.0102978930794646,MU,0.14141131163978848,1.806252813363586,,,,0.1486784893196777,1.4082753532215253
2026-04,2026-04-01,2026-05-01,2026-04-01,101,100,6,1,3,WDC,0.15594566699956688,0.4493667095232743,MU,0.14141131163978848,0.4739976543030098,STX,0.10292154081010707,0.7180232837194189,0.13342617314982083,0.5471292158485677
2026-04,2026-04-01,2026-06-01,2026-04-01,101,100,6,2,3,WDC,0.15594566699956688,0.8345479913324083,MU,0.14141131163978848,1.8150063206037577,STX,0.10292154081010707,1.1773019643495517,0.13342617314982083,1.275618758761906
2026-04,2026-04-01,2026-07-01,2026-04-01,101,100,6,3,3,WDC,0.15594566699956688,1.0102978930794646,MU,0.14141131163978848,1.806252813363586,STX,0.10292154081010707,1.1644984231951732,0.13342617314982083,1.3270163765460745
2026-05,2026-05-01,2026-06-01,2026-05-01,101,100,6,1,1,SNDK,0.4174842364975964,0.48393433337062963,,,,,,,0.4174842364975964,0.48393433337062963
2026-05,2026-05-01,2026-07-01,2026-05-01,101,100,6,2,1,SNDK,0.4174842364975964,0.7120640022772746,,,,,,,0.4174842364975964,0.7120640022772746
2026-05,2026-05-01,2026-08-03,2026-05-01,101,100,6,3,1,SNDK,0.4174842364975964,0.08511375677917021,,,,,,,0.4174842364975964,0.08511375677917021
2026-05,2026-05-01,2026-06-01,2026-05-01,101,100,6,1,2,SNDK,0.4174842364975964,0.48393433337062963,STX,0.21694005615114062,0.26732971839346775,,,,0.3172121463243685,0.3756320258820487
2026-05,2026-05-01,2026-07-01,2026-05-01,101,100,6,2,2,SNDK,0.4174842364975964,0.7120640022772746,STX,0.21694005615114062,0.2598772343231357,,,,0.3172121463243685,0.48597061830020516
2026-05,2026-05-01,2026-08-03,2026-05-01,101,100,6,3,2,SNDK,0.4174842364975964,0.08511375677917021,STX,0.21694005615114062,0.1440614172877701,,,,0.3172121463243685,0.11458758703347016
2026-05,2026-05-01,2026-06-01,2026-05-01,101,100,6,1,3,SNDK,0.4174842364975964,0.48393433337062963,STX,0.21694005615114062,0.26732971839346775,INTC,0.21642297211442443,0.09747037559488292,0.2836157549210538,0.28291147578632675
2026-05,2026-05-01,2026-07-01,2026-05-01,101,100,6,2,3,SNDK,0.4174842364975964,0.7120640022772746,STX,0.21694005615114062,0.2598772343231357,INTC,0.21642297211442443,0.27504510280114847,0.2836157549210538,0.41566211313385293
2026-05,2026-05-01,2026-08-03,2026-05-01,101,100,6,3,3,SNDK,0.4174842364975964,0.08511375677917021,STX,0.21694005615114062,0.1440614172877701,INTC,0.21642297211442443,-0.08652883466094663,0.2836157549210538,0.0475487798019979
2026-06,2026-06-01,2026-07-01,2026-06-01,101,100,6,1,1,SNDK,0.49559579520256375,0.15373299463222745,,,,,,,0.49559579520256375,0.15373299463222745
2026-06,2026-06-01,2026-08-03,2026-06-01,101,100,6,2,1,SNDK,0.49559579520256375,-0.2687589117812058,,,,,,,0.49559579520256375,-0.2687589117812058
2026-06,2026-06-01,2026-09-01,2026-06-01,101,100,6,3,1,SNDK,0.49559579520256375,-0.12748735501625652,,,,,,,0.49559579520256375,-0.12748735501625652
2026-06,2026-06-01,2026-07-01,2026-06-01,101,100,6,1,2,SNDK,0.49559579520256375,0.15373299463222745,MU,0.3197324343165605,-0.0031095870641932866,,,,0.4076641147595621,0.07531170378401708
2026-06,2026-06-01,2026-08-03,2026-06-01,101,100,6,2,2,SNDK,0.49559579520256375,-0.2687589117812058,MU,0.3197324343165605,-0.19881455099043666,,,,0.4076641147595621,-0.23378673138582123
2026-06,2026-06-01,2026-09-01,2026-06-01,101,100,6,3,2,SNDK,0.49559579520256375,-0.12748735501625652,MU,0.3197324343165605,-0.09842248646231944,,,,0.4076641147595621,-0.11295492073928798
2026-06,2026-06-01,2026-07-01,2026-06-01,101,100,6,1,3,SNDK,0.49559579520256375,0.15373299463222745,MU,0.3197324343165605,-0.0031095870641932866,STX,0.25863929215548204,-0.005880461857849628,0.35798917389153545,0.04824764857006151
2026-06,2026-06-01,2026-08-03,2026-06-01,101,100,6,2,3,SNDK,0.49559579520256375,-0.2687589117812058,MU,0.3197324343165605,-0.19881455099043666,STX,0.25863929215548204,-0.09726616468992688,0.35798917389153545,-0.1882798758205231
2026-06,2026-06-01,2026-09-01,2026-06-01,101,100,6,3,3,SNDK,0.49559579520256375,-0.12748735501625652,MU,0.3197324343165605,-0.09842248646231944,STX,0.25863929215548204,-0.11292978285929167,0.35798917389153545,-0.11294654144595588
2026-07,2026-07-01,2026-08-03,2026-07-01,101,100,6,1,1,SNDK,0.4696168819811391,-0.36619556550700005,,,,,,,0.4696168819811391,-0.36619556550700005
2026-07,2026-07-01,2026-09-01,2026-07-01,101,100,6,2,1,SNDK,0.4696168819811391,-0.24374820773685835,,,,,,,0.4696168819811391,-0.24374820773685835
2026-07,2026-07-01,2026-08-03,2026-07-01,101,100,6,1,2,SNDK,0.4696168819811391,-0.36619556550700005,MU,0.2671698660850445,-0.1963154238286826,,,,0.3683933740330918,-0.28125549466784133
2026-07,2026-07-01,2026-09-01,2026-07-01,101,100,6,2,2,SNDK,0.4696168819811391,-0.24374820773685835,MU,0.2671698660850445,-0.09561020766308015,,,,0.3683933740330918,-0.16967920769996925
2026-07,2026-07-01,2026-08-03,2026-07-01,101,100,6,1,3,SNDK,0.4696168819811391,-0.36619556550700005,MU,0.2671698660850445,-0.1963154238286826,INTC,0.2601077528719851,-0.2835773704536042,0.3322981669793896,-0.28202945326309564
2026-07,2026-07-01,2026-09-01,2026-07-01,101,100,6,2,3,SNDK,0.4696168819811391,-0.24374820773685835,MU,0.2671698660850445,-0.09561020766308015,INTC,0.2601077528719851,-0.29955909642547063,0.3322981669793896,-0.21297250394180303
2026-08,2026-08-03,2026-09-01,2026-08-03,101,100,6,1,1,ALAB,0.20824480798397707,-0.12814198939446397,,,,,,,0.20824480798397707,-0.12814198939446397
2026-08,2026-08-03,2026-09-01,2026-08-03,101,100,6,1,2,ALAB,0.20824480798397707,-0.12814198939446397,ARM,0.2069343053966416,-0.01773609251935071,,,,0.20758955669030932,-0.07293904095690734
2026-08,2026-08-03,2026-09-01,2026-08-03,101,100,6,1,3,ALAB,0.20824480798397707,-0.12814198939446397,ARM,0.2069343053966416,-0.01773609251935071,MRVL,0.19612751393687358,0.08571576383003965,0.2037688757724974,-0.02005410602792501
