momentum_window,top_n,holding_months,trades,avg_return,median_return,win_rate,best_return,worst_return,avg_available_universe_size
3,1,1,126,0.020051624900576322,0.002049689191952586,0.5079365079365079,0.8128573411078648,-0.35241120487373445,91.23809523809524
3,1,2,125,0.07421636827582913,0.016223397745782853,0.552,1.1214598983019939,-0.38944539127890654,91.16
3,1,3,124,0.13396372395810996,0.0607814567005045,0.5403225806451613,1.510322902206923,-0.5065620428402198,91.08064516129032
3,2,1,126,0.029705644674764303,0.006481264320727126,0.5317460317460317,0.5836950213407026,-0.24591729456506517,91.23809523809524
3,2,2,125,0.07171053383770952,0.02590798125020144,0.576,1.0059249709094564,-0.33450250298786166,91.16
3,2,3,124,0.10784240510648914,0.053972839073245626,0.6935483870967742,1.2668273852121414,-0.28367725817872896,91.08064516129032
3,3,1,126,0.032752696438780135,0.007888167898373488,0.5555555555555556,0.5097421736849992,-0.22715366514980442,91.23809523809524
3,3,2,125,0.07017140097081566,0.03478699067424843,0.624,1.2161336971920145,-0.31407339671468104,91.16
3,3,3,124,0.0969303036252758,0.05556327477073353,0.717741935483871,1.1170130615230354,-0.2918788865876221,91.08064516129032
