momentum_window,top_n,holding_months,trades,avg_return,median_return,win_rate,best_return,worst_return,avg_available_universe_size
3,1,1,125,0.02256193847943869,0.0034894651874148863,0.512,0.8128573411078648,-0.35241120487373445,92.216
3,1,2,123,0.07348754840193703,0.012248768891172546,0.5447154471544715,1.1214598983019939,-0.38944539127890654,92.1869918699187
3,1,3,122,0.12944912896683988,0.06078170454161136,0.5409836065573771,1.510322902206923,-0.5065620428402198,92.11475409836065
3,2,1,125,0.02953986688582852,0.006878649608563658,0.536,0.5836950086459661,-0.24591729456506517,92.216
3,2,2,123,0.06939318093142352,0.02586463119960347,0.5691056910569106,1.0059249865567905,-0.33450250298786166,92.1869918699187
3,2,3,122,0.09995123089265212,0.05198029061744164,0.6885245901639344,1.2668273852121414,-0.28367722495004605,92.11475409836065
3,3,1,125,0.03192325864319573,0.00805444407944067,0.56,0.5097421652218416,-0.22715374646997424,92.216
3,3,2,123,0.06652766505831618,0.03427229332231944,0.6260162601626016,1.2161337076235705,-0.3140734032768619,92.1869918699187
3,3,3,122,0.08798371755793928,0.04755204129048355,0.7213114754098361,0.9693711143046736,-0.2918788720966105,92.11475409836065
