momentum_window,top_n,holding_months,trades,avg_return,median_return,win_rate,best_return,worst_return,avg_available_universe_size
3,1,1,125,0.022561932848207598,0.003489655600651176,0.512,0.8128573411078648,-0.35241120487373445,92.216
3,1,2,123,0.0734875602389126,0.012248768891172546,0.5447154471544715,1.1214598983019939,-0.38944539127890654,92.1869918699187
3,1,3,122,0.12944914106345623,0.060781575758004025,0.5409836065573771,1.510322902206923,-0.5065620428402198,92.11475409836065
3,2,1,125,0.029539874252485086,0.006878618702005623,0.536,0.5836950213407026,-0.24591729456506517,92.216
3,2,2,123,0.06939318248839367,0.02586463119960347,0.5691056910569106,1.0059249709094564,-0.33450250298786166,92.1869918699187
3,2,3,122,0.09995123345002367,0.05198037296922642,0.6885245901639344,1.2668273852121414,-0.28367722495004605,92.11475409836065
3,3,1,125,0.03192326531171539,0.008054475756377966,0.56,0.5097421736849992,-0.22715376443172083,92.216
3,3,2,123,0.06652766855345281,0.03427247884939003,0.6260162601626016,1.2161336971920145,-0.3140734308690752,92.1869918699187
3,3,3,122,0.08798372192390053,0.047552187335178187,0.7213114754098361,0.9693711143046736,-0.29187885827536914,92.11475409836065
