decision_month,decision_date,sell_date,universe_asof_date,raw_universe_size,available_universe_size,momentum_window,holding_months,top_n,stock_1,mom_1,stock_1_return,stock_2,mom_2,stock_2_return,stock_3,mom_3,stock_3_return,avg_momentum,holding_return
2016-01,2016-01-04,2016-02-01,2016-01-04,104,73,3,1,1,TCOM,0.16665571106494928,-0.0720760301197626,,,,,,,0.16665571106494928,-0.0720760301197626
2016-01,2016-01-04,2016-03-01,2016-01-04,104,73,3,2,1,TCOM,0.16665571106494928,-0.07362364738158089,,,,,,,0.16665571106494928,-0.07362364738158089
2016-01,2016-01-04,2016-04-01,2016-01-04,104,73,3,3,1,TCOM,0.16665571106494928,-0.008622535887117921,,,,,,,0.16665571106494928,-0.008622535887117921
2016-01,2016-01-04,2016-02-01,2016-01-04,104,73,3,1,2,TCOM,0.16665571106494928,-0.0720760301197626,ADSK,0.12940803699479583,-0.2099154295993556,,,,0.14803187402987256,-0.1409957298595591
2016-01,2016-01-04,2016-03-01,2016-01-04,104,73,3,2,2,TCOM,0.16665571106494928,-0.07362364738158089,ADSK,0.12940803699479583,-0.09948598679119203,,,,0.14803187402987256,-0.08655481708638646
2016-01,2016-01-04,2016-04-01,2016-01-04,104,73,3,3,2,TCOM,0.16665571106494928,-0.008622535887117921,ADSK,0.12940803699479583,-0.04211574958862818,,,,0.14803187402987256,-0.02536914273787305
2016-01,2016-01-04,2016-02-01,2016-01-04,104,73,3,1,3,TCOM,0.16665571106494928,-0.0720760301197626,ADSK,0.12940803699479583,-0.2099154295993556,KLAC,0.12721554405665225,-0.022856039118200888,0.14109309737213246,-0.10161583294577303
2016-01,2016-01-04,2016-03-01,2016-01-04,104,73,3,2,3,TCOM,0.16665571106494928,-0.07362364738158089,ADSK,0.12940803699479583,-0.09948598679119203,KLAC,0.12721554405665225,0.012431281878055866,0.14109309737213246,-0.05355945076490568
2016-01,2016-01-04,2016-04-01,2016-01-04,104,73,3,3,3,TCOM,0.16665571106494928,-0.008622535887117921,ADSK,0.12940803699479583,-0.04211574958862818,KLAC,0.12721554405665225,0.07216747852229699,0.14109309737213246,0.007143064348850296
2016-02,2016-02-01,2016-03-01,2016-02-01,105,74,3,1,1,DLTR,0.07494766907651036,0.0006098489914132532,,,,,,,0.07494766907651036,0.0006098489914132532
2016-02,2016-02-01,2016-04-01,2016-02-01,105,74,3,2,1,DLTR,0.07494766907651036,0.016223397745782853,,,,,,,0.07494766907651036,0.016223397745782853
2016-02,2016-02-01,2016-05-02,2016-02-01,105,74,3,3,1,DLTR,0.07494766907651036,-0.01341798070837219,,,,,,,0.07494766907651036,-0.01341798070837219
2016-02,2016-02-01,2016-03-01,2016-02-01,105,74,3,1,2,DLTR,0.07494766907651036,0.0006098489914132532,ROST,0.039423606112075106,-0.009337571060318184,,,,0.05718563759429274,-0.004363861034452465
2016-02,2016-02-01,2016-04-01,2016-02-01,105,74,3,2,2,DLTR,0.07494766907651036,0.016223397745782853,ROST,0.039423606112075106,0.035592878321012655,,,,0.05718563759429274,0.025908138033397754
2016-02,2016-02-01,2016-05-02,2016-02-01,105,74,3,3,2,DLTR,0.07494766907651036,-0.01341798070837219,ROST,0.039423606112075106,0.017049702032490233,,,,0.05718563759429274,0.0018158606620590212
2016-02,2016-02-01,2016-03-01,2016-02-01,105,74,3,1,3,DLTR,0.07494766907651036,0.0006098489914132532,ROST,0.039423606112075106,-0.009337571060318184,META,0.03901364733745697,-0.04579015907277528,0.05112830750868081,-0.018172627047226737
2016-02,2016-02-01,2016-04-01,2016-02-01,105,74,3,2,3,DLTR,0.07494766907651036,0.016223397745782853,ROST,0.039423606112075106,0.035592878321012655,META,0.03901364733745697,0.008428275101147964,0.05112830750868081,0.020081517055981157
2016-02,2016-02-01,2016-05-02,2016-02-01,105,74,3,3,3,DLTR,0.07494766907651036,-0.01341798070837219,ROST,0.039423606112075106,0.017049702032490233,META,0.03901364733745697,0.030237252581086116,0.05112830750868081,0.011289657968401387
2016-03,2016-03-01,2016-04-01,2016-03-01,105,74,3,1,1,MAT,0.1005608110875078,0.061667005038054556,,,,,,,0.1005608110875078,0.061667005038054556
2016-03,2016-03-01,2016-05-02,2016-03-01,105,74,3,2,1,MAT,0.1005608110875078,-0.029129246427991196,,,,,,,0.1005608110875078,-0.029129246427991196
2016-03,2016-03-01,2016-06-01,2016-03-01,105,74,3,3,1,MAT,0.1005608110875078,-0.001369925593599386,,,,,,,0.1005608110875078,-0.001369925593599386
2016-03,2016-03-01,2016-04-01,2016-03-01,105,74,3,1,2,MAT,0.1005608110875078,0.061667005038054556,FAST,0.05039352021863508,0.04775160321172045,,,,0.07547716565307144,0.0547093041248875
2016-03,2016-03-01,2016-05-02,2016-03-01,105,74,3,2,2,MAT,0.1005608110875078,-0.029129246427991196,FAST,0.05039352021863508,0.013523141767400437,,,,0.07547716565307144,-0.007803052330295379
2016-03,2016-03-01,2016-06-01,2016-03-01,105,74,3,3,2,MAT,0.1005608110875078,-0.001369925593599386,FAST,0.05039352021863508,-0.0032896422793387003,,,,0.07547716565307144,-0.002329783936469043
2016-03,2016-03-01,2016-04-01,2016-03-01,105,74,3,1,3,MAT,0.1005608110875078,0.061667005038054556,FAST,0.05039352021863508,0.04775160321172045,PYPL,0.03787687631606943,0.003821662936365433,0.06294373587407077,0.03774675706204681
2016-03,2016-03-01,2016-05-02,2016-03-01,105,74,3,2,3,MAT,0.1005608110875078,-0.029129246427991196,FAST,0.05039352021863508,0.013523141767400437,PYPL,0.03787687631606943,-0.005859955236384828,0.06294373587407077,-0.007155353298991862
2016-03,2016-03-01,2016-06-01,2016-03-01,105,74,3,3,3,MAT,0.1005608110875078,-0.001369925593599386,FAST,0.05039352021863508,-0.0032896422793387003,PYPL,0.03787687631606943,-0.023949172904991545,0.06294373587407077,-0.009536246925976544
2016-04,2016-04-01,2016-05-02,2016-04-01,105,75,3,1,1,MAT,0.08621240669586738,-0.08552234461010788,,,,,,,0.08621240669586738,-0.08552234461010788
2016-04,2016-04-01,2016-06-01,2016-04-01,105,75,3,2,1,MAT,0.08621240669586738,-0.05937542594101275,,,,,,,0.08621240669586738,-0.05937542594101275
2016-04,2016-04-01,2016-07-01,2016-04-01,105,75,3,3,1,MAT,0.08621240669586738,-0.06764994986666784,,,,,,,0.08621240669586738,-0.06764994986666784
2016-04,2016-04-01,2016-05-02,2016-04-01,105,75,3,1,2,MAT,0.08621240669586738,-0.08552234461010788,FAST,0.07225730734333362,-0.032668488732823575,,,,0.07923485701960051,-0.05909541667146573
2016-04,2016-04-01,2016-06-01,2016-04-01,105,75,3,2,2,MAT,0.08621240669586738,-0.05937542594101275,FAST,0.07225730734333362,-0.0487150249492343,,,,0.07923485701960051,-0.054045225445123524
2016-04,2016-04-01,2016-07-01,2016-04-01,105,75,3,3,2,MAT,0.08621240669586738,-0.06764994986666784,FAST,0.07225730734333362,-0.0682594892670142,,,,0.07923485701960051,-0.06795471956684102
2016-04,2016-04-01,2016-05-02,2016-04-01,105,75,3,1,3,MAT,0.08621240669586738,-0.08552234461010788,FAST,0.07225730734333362,-0.032668488732823575,AMAT,0.0549410410052511,-0.05182046287134401,0.07113691834815071,-0.05667043207142516
2016-04,2016-04-01,2016-06-01,2016-04-01,105,75,3,2,3,MAT,0.08621240669586738,-0.05937542594101275,FAST,0.07225730734333362,-0.0487150249492343,AMAT,0.0549410410052511,0.1431804906687859,0.07113691834815071,0.01169667992617962
2016-04,2016-04-01,2016-07-01,2016-04-01,105,75,3,3,3,MAT,0.08621240669586738,-0.06764994986666784,FAST,0.07225730734333362,-0.0682594892670142,AMAT,0.0549410410052511,0.12020446696108267,0.07113691834815071,-0.005234990724199788
2016-05,2016-05-02,2016-06-01,2016-05-02,107,77,3,1,1,ADSK,0.08859783967183699,-0.05002443780765986,,,,,,,0.08859783967183699,-0.05002443780765986
2016-05,2016-05-02,2016-07-01,2016-05-02,107,77,3,2,1,ADSK,0.08859783967183699,-0.11455106569416018,,,,,,,0.08859783967183699,-0.11455106569416018
2016-05,2016-05-02,2016-08-01,2016-05-02,107,77,3,3,1,ADSK,0.08859783967183699,-0.026560164278756515,,,,,,,0.08859783967183699,-0.026560164278756515
2016-05,2016-05-02,2016-06-01,2016-05-02,107,77,3,1,2,ADSK,0.08859783967183699,-0.05002443780765986,BKNG,0.08043500360278633,-0.058001521682171986,,,,0.08451642163731166,-0.05401297974491592
2016-05,2016-05-02,2016-07-01,2016-05-02,107,77,3,2,2,ADSK,0.08859783967183699,-0.11455106569416018,BKNG,0.08043500360278633,-0.06583682480930564,,,,0.08451642163731166,-0.09019394525173291
2016-05,2016-05-02,2016-08-01,2016-05-02,107,77,3,3,2,ADSK,0.08859783967183699,-0.026560164278756515,BKNG,0.08043500360278633,-0.00044968277179580074,,,,0.08451642163731166,-0.013504923525276158
2016-05,2016-05-02,2016-06-01,2016-05-02,107,77,3,1,3,ADSK,0.08859783967183699,-0.05002443780765986,BKNG,0.08043500360278633,-0.058001521682171986,TSLA,0.07963781381025632,-0.09197691351014481,0.0828902190282932,-0.06666762433332556
2016-05,2016-05-02,2016-07-01,2016-05-02,107,77,3,2,3,ADSK,0.08859783967183699,-0.11455106569416018,BKNG,0.08043500360278633,-0.06583682480930564,TSLA,0.07963781381025632,-0.10463196988282475,0.0828902190282932,-0.09500662012876353
2016-05,2016-05-02,2016-08-01,2016-05-02,107,77,3,3,3,ADSK,0.08859783967183699,-0.026560164278756515,BKNG,0.08043500360278633,-0.00044968277179580074,TSLA,0.07963781381025632,-0.048759377451850994,0.0828902190282932,-0.02525640816746777
2016-06,2016-06-01,2016-07-01,2016-06-01,107,77,3,1,1,NVDA,0.13444077181527433,-0.003204787213298421,,,,,,,0.13444077181527433,-0.003204787213298421
2016-06,2016-06-01,2016-08-01,2016-06-01,107,77,3,2,1,NVDA,0.13444077181527433,0.21192019439214227,,,,,,,0.13444077181527433,0.21192019439214227
2016-06,2016-06-01,2016-09-01,2016-06-01,107,77,3,3,1,NVDA,0.13444077181527433,0.3515561927136226,,,,,,,0.13444077181527433,0.3515561927136226
2016-06,2016-06-01,2016-07-01,2016-06-01,107,77,3,1,2,NVDA,0.13444077181527433,-0.003204787213298421,ULTA,0.12046490451272714,0.029829360469239452,,,,0.12745283816400074,0.013312286627970515
2016-06,2016-06-01,2016-08-01,2016-06-01,107,77,3,2,2,NVDA,0.13444077181527433,0.21192019439214227,ULTA,0.12046490451272714,0.10093804034024756,,,,0.12745283816400074,0.15642911736619491
2016-06,2016-06-01,2016-09-01,2016-06-01,107,77,3,3,2,NVDA,0.13444077181527433,0.3515561927136226,ULTA,0.12046490451272714,0.03735005860334484,,,,0.12745283816400074,0.19445312565848372
2016-06,2016-06-01,2016-07-01,2016-06-01,107,77,3,1,3,NVDA,0.13444077181527433,-0.003204787213298421,ULTA,0.12046490451272714,0.029829360469239452,NTES,0.09314213879404647,0.04774126262982703,0.11601593837401598,0.024788611961922686
2016-06,2016-06-01,2016-08-01,2016-06-01,107,77,3,2,3,NVDA,0.13444077181527433,0.21192019439214227,ULTA,0.12046490451272714,0.10093804034024756,NTES,0.09314213879404647,0.15071532227967088,0.11601593837401598,0.15452451900402023
2016-06,2016-06-01,2016-09-01,2016-06-01,107,77,3,3,3,NVDA,0.13444077181527433,0.3515561927136226,ULTA,0.12046490451272714,0.03735005860334484,NTES,0.09314213879404647,0.23005442505894802,0.11601593837401598,0.20632022545863848
2016-07,2016-07-01,2016-08-01,2016-07-01,104,76,3,1,1,NVDA,0.09876683101520838,0.21581662797519274,,,,,,,0.09876683101520838,0.21581662797519274
2016-07,2016-07-01,2016-09-01,2016-07-01,104,76,3,2,1,NVDA,0.09876683101520838,0.35590156872355894,,,,,,,0.09876683101520838,0.35590156872355894
2016-07,2016-07-01,2016-10-03,2016-07-01,104,76,3,3,1,NVDA,0.09876683101520838,0.46969842560078745,,,,,,,0.09876683101520838,0.46969842560078745
2016-07,2016-07-01,2016-08-01,2016-07-01,104,76,3,1,2,NVDA,0.09876683101520838,0.21581662797519274,NTES,0.09724272462900463,0.09828195502330339,,,,0.09800477782210651,0.15704929149924807
2016-07,2016-07-01,2016-09-01,2016-07-01,104,76,3,2,2,NVDA,0.09876683101520838,0.35590156872355894,NTES,0.09724272462900463,0.17400590100986912,,,,0.09800477782210651,0.26495373486671403
2016-07,2016-07-01,2016-10-03,2016-07-01,104,76,3,3,2,NVDA,0.09876683101520838,0.46969842560078745,NTES,0.09724272462900463,0.3314206073594319,,,,0.09800477782210651,0.4005595164801097
2016-07,2016-07-01,2016-08-01,2016-07-01,104,76,3,1,3,NVDA,0.09876683101520838,0.21581662797519274,NTES,0.09724272462900463,0.09828195502330339,ULTA,0.07940157522374254,0.06904899258126362,0.09180371028931851,0.1277158585265866
2016-07,2016-07-01,2016-09-01,2016-07-01,104,76,3,2,3,NVDA,0.09876683101520838,0.35590156872355894,NTES,0.09724272462900463,0.17400590100986912,ULTA,0.07940157522374254,0.007302858534426138,0.09180371028931851,0.17907010942261806
2016-07,2016-07-01,2016-10-03,2016-07-01,104,76,3,3,3,NVDA,0.09876683101520838,0.46969842560078745,NTES,0.09724272462900463,0.3314206073594319,ULTA,0.07940157522374254,-0.025190773985687365,0.09180371028931851,0.2586427529915107
2016-08,2016-08-01,2016-09-01,2016-08-01,104,77,3,1,1,STX,0.18465013626691026,0.039469661532069544,,,,,,,0.18465013626691026,0.039469661532069544
2016-08,2016-08-01,2016-10-03,2016-08-01,104,77,3,2,1,STX,0.18465013626691026,0.20525714242880877,,,,,,,0.18465013626691026,0.20525714242880877
2016-08,2016-08-01,2016-11-01,2016-08-01,104,77,3,3,1,STX,0.18465013626691026,0.05777729153909594,,,,,,,0.18465013626691026,0.05777729153909594
2016-08,2016-08-01,2016-09-01,2016-08-01,104,77,3,1,2,STX,0.18465013626691026,0.039469661532069544,NVDA,0.1720889956167987,0.11521880645904803,,,,0.1783695659418545,0.07734423399555879
2016-08,2016-08-01,2016-10-03,2016-08-01,104,77,3,2,2,STX,0.18465013626691026,0.20525714242880877,NVDA,0.1720889956167987,0.20881586234628702,,,,0.1783695659418545,0.2070365023875479
2016-08,2016-08-01,2016-11-01,2016-08-01,104,77,3,3,2,STX,0.18465013626691026,0.05777729153909594,NVDA,0.1720889956167987,0.21941212138166533,,,,0.1783695659418545,0.13859470646038063
2016-08,2016-08-01,2016-09-01,2016-08-01,104,77,3,1,3,STX,0.18465013626691026,0.039469661532069544,NVDA,0.1720889956167987,0.11521880645904803,NTES,0.13848697533524387,0.06894763738967091,0.16507536907298428,0.07454536846026283
2016-08,2016-08-01,2016-10-03,2016-08-01,104,77,3,2,3,STX,0.18465013626691026,0.20525714242880877,NVDA,0.1720889956167987,0.20881586234628702,NTES,0.13848697533524387,0.2122757742397594,0.16507536907298428,0.20878292633828507
2016-08,2016-08-01,2016-11-01,2016-08-01,104,77,3,3,3,STX,0.18465013626691026,0.05777729153909594,NVDA,0.1720889956167987,0.21941212138166533,NTES,0.13848697533524387,0.23292148825105485,0.16507536907298428,0.17003696705727203
2016-09,2016-09-01,2016-10-03,2016-09-01,104,77,3,1,1,STX,0.14445376547967884,0.15949237099655766,,,,,,,0.14445376547967884,0.15949237099655766
2016-09,2016-09-01,2016-11-01,2016-09-01,104,77,3,2,1,STX,0.14445376547967884,0.01761247170989355,,,,,,,0.14445376547967884,0.01761247170989355
2016-09,2016-09-01,2016-12-01,2016-09-01,104,77,3,3,1,STX,0.14445376547967884,0.1504363606426129,,,,,,,0.14445376547967884,0.1504363606426129
2016-09,2016-09-01,2016-10-03,2016-09-01,104,77,3,1,2,STX,0.14445376547967884,0.15949237099655766,NTAP,0.12832450789623528,0.01231029167323383,,,,0.13638913668795705,0.08590133133489575
2016-09,2016-09-01,2016-11-01,2016-09-01,104,77,3,2,2,STX,0.14445376547967884,0.01761247170989355,NTAP,0.12832450789623528,-0.047483811146248,,,,0.13638913668795705,-0.014935669718177225
2016-09,2016-09-01,2016-12-01,2016-09-01,104,77,3,3,2,STX,0.14445376547967884,0.1504363606426129,NTAP,0.12832450789623528,0.020162570408798652,,,,0.13638913668795705,0.08529946552570578
2016-09,2016-09-01,2016-10-03,2016-09-01,104,77,3,1,3,STX,0.14445376547967884,0.15949237099655766,NTAP,0.12832450789623528,0.01231029167323383,EBAY,0.1100804145049525,0.013071737474463774,0.12761956262695553,0.06162480004808509
2016-09,2016-09-01,2016-11-01,2016-09-01,104,77,3,2,3,STX,0.14445376547967884,0.01761247170989355,NTAP,0.12832450789623528,-0.047483811146248,EBAY,0.1100804145049525,-0.11671344672741069,0.12761956262695553,-0.04886159538792171
2016-09,2016-09-01,2016-12-01,2016-09-01,104,77,3,3,3,STX,0.14445376547967884,0.1504363606426129,NTAP,0.12832450789623528,0.020162570408798652,EBAY,0.1100804145049525,-0.14752575035010995,0.12761956262695553,0.0076910602337672
2016-10,2016-10-03,2016-11-01,2016-10-03,104,77,3,1,1,STX,0.18284174628106906,-0.12236380577883532,,,,,,,0.18284174628106906,-0.12236380577883532
2016-10,2016-10-03,2016-12-01,2016-10-03,104,77,3,2,1,STX,0.18284174628106906,-0.0078103233625949064,,,,,,,0.18284174628106906,-0.0078103233625949064
2016-10,2016-10-03,2017-01-03,2016-10-03,104,77,3,3,1,STX,0.18284174628106906,0.04839455204605514,,,,,,,0.18284174628106906,0.04839455204605514
2016-10,2016-10-03,2016-11-01,2016-10-03,104,77,3,1,2,STX,0.18284174628106906,-0.12236380577883532,NTAP,0.14279891904804906,-0.0590669711760502,,,,0.16282033266455906,-0.09071538847744276
2016-10,2016-10-03,2016-12-01,2016-10-03,104,77,3,2,2,STX,0.18284174628106906,-0.0078103233625949064,NTAP,0.14279891904804906,0.00775679038349586,,,,0.16282033266455906,-2.676648954952343e-05
2016-10,2016-10-03,2017-01-03,2016-10-03,104,77,3,3,2,STX,0.18284174628106906,0.04839455204605514,NTAP,0.14279891904804906,0.011453609018674982,,,,0.16282033266455906,0.02992408053236506
2016-10,2016-10-03,2016-11-01,2016-10-03,104,77,3,1,3,STX,0.18284174628106906,-0.12236380577883532,NTAP,0.14279891904804906,-0.0590669711760502,NVDA,0.1383208375170811,0.00876581733036752,0.1546538342820664,-0.057554986541506
2016-10,2016-10-03,2016-12-01,2016-10-03,104,77,3,2,3,STX,0.18284174628106906,-0.0078103233625949064,NTAP,0.14279891904804906,0.00775679038349586,NVDA,0.1383208375170811,0.28226766630008115,0.1546538342820664,0.0940713777736607
2016-10,2016-10-03,2017-01-03,2016-10-03,104,77,3,3,3,STX,0.18284174628106906,0.04839455204605514,NTAP,0.14279891904804906,0.011453609018674982,NVDA,0.1383208375170811,0.4925160952508325,0.1546538342820664,0.1841214187718542
2016-11,2016-11-01,2016-12-01,2016-11-01,104,77,3,1,1,AKAM,0.11052146695166565,-0.06740088480812745,,,,,,,0.11052146695166565,-0.06740088480812745
2016-11,2016-11-01,2017-01-03,2016-11-01,104,77,3,2,1,AKAM,0.11052146695166565,-0.0077826547896073794,,,,,,,0.11052146695166565,-0.0077826547896073794
2016-11,2016-11-01,2017-02-01,2016-11-01,104,77,3,3,1,AKAM,0.11052146695166565,0.008810550478192791,,,,,,,0.11052146695166565,0.008810550478192791
2016-11,2016-11-01,2016-12-01,2016-11-01,104,77,3,1,2,AKAM,0.11052146695166565,-0.06740088480812745,NFLX,0.09573710173248018,-0.049310608710287473,,,,0.10312928434207291,-0.05835574675920746
2016-11,2016-11-01,2017-01-03,2016-11-01,104,77,3,2,2,AKAM,0.11052146695166565,-0.0077826547896073794,NFLX,0.09573710173248018,0.03398213094311964,,,,0.10312928434207291,0.013099738076756129
2016-11,2016-11-01,2017-02-01,2016-11-01,104,77,3,3,2,AKAM,0.11052146695166565,0.008810550478192791,NFLX,0.09573710173248018,0.1417680580514631,,,,0.10312928434207291,0.07528930426482794
2016-11,2016-11-01,2016-12-01,2016-11-01,104,77,3,1,3,AKAM,0.11052146695166565,-0.06740088480812745,NFLX,0.09573710173248018,-0.049310608710287473,NTAP,0.08797907325197758,0.0710186161102957,0.0980792139787078,-0.015230959136039742
2016-11,2016-11-01,2017-01-03,2016-11-01,104,77,3,2,3,AKAM,0.11052146695166565,-0.0077826547896073794,NFLX,0.09573710173248018,0.03398213094311964,NTAP,0.08797907325197758,0.0749475021435555,0.0980792139787078,0.03371565943235592
2016-11,2016-11-01,2017-02-01,2016-11-01,104,77,3,3,3,AKAM,0.11052146695166565,0.008810550478192791,NFLX,0.09573710173248018,0.1417680580514631,NTAP,0.08797907325197758,0.156069691041955,0.0980792139787078,0.10221609985720363
2016-12,2016-12-01,2017-01-03,2016-12-01,104,77,3,1,1,NVDA,0.12127270343664727,0.16396610043003923,,,,,,,0.12127270343664727,0.16396610043003923
2016-12,2016-12-01,2017-02-01,2016-12-01,104,77,3,2,1,NVDA,0.12127270343664727,0.3002055804455981,,,,,,,0.12127270343664727,0.3002055804455981
2016-12,2016-12-01,2017-03-01,2016-12-01,104,77,3,3,1,NVDA,0.12127270343664727,0.17434643477313472,,,,,,,0.12127270343664727,0.17434643477313472
2016-12,2016-12-01,2017-01-03,2016-12-01,104,77,3,1,2,NVDA,0.12127270343664727,0.16396610043003923,WDC,0.11014484964195774,0.13501494951237225,,,,0.1157087765393025,0.14949052497120574
2016-12,2016-12-01,2017-02-01,2016-12-01,104,77,3,2,2,NVDA,0.12127270343664727,0.3002055804455981,WDC,0.11014484964195774,0.29407746504092325,,,,0.1157087765393025,0.29714152274326067
2016-12,2016-12-01,2017-03-01,2016-12-01,104,77,3,3,2,NVDA,0.12127270343664727,0.17434643477313472,WDC,0.11014484964195774,0.2803452522586205,,,,0.1157087765393025,0.2273458435158776
2016-12,2016-12-01,2017-01-03,2016-12-01,104,77,3,1,3,NVDA,0.12127270343664727,0.16396610043003923,WDC,0.11014484964195774,0.13501494951237225,CSX,0.09652917362643317,-0.01993443175944709,0.10931557556834605,0.09301553939432146
2016-12,2016-12-01,2017-02-01,2016-12-01,104,77,3,2,3,NVDA,0.12127270343664727,0.3002055804455981,WDC,0.11014484964195774,0.29407746504092325,CSX,0.09652917362643317,0.2859091576060746,0.10931557556834605,0.2933974010308653
2016-12,2016-12-01,2017-03-01,2016-12-01,104,77,3,3,3,NVDA,0.12127270343664727,0.17434643477313472,WDC,0.11014484964195774,0.2803452522586205,CSX,0.09652917362643317,0.34886891397520303,0.10931557556834605,0.26785353366898607
2017-01,2017-01-03,2017-02-01,2017-01-03,104,79,3,1,1,NVDA,0.14795237754099286,0.11704763563580056,,,,,,,0.14795237754099286,0.11704763563580056
2017-01,2017-01-03,2017-03-01,2017-01-03,104,79,3,2,1,NVDA,0.14795237754099286,0.008918072733613336,,,,,,,0.14795237754099286,0.008918072733613336
2017-01,2017-01-03,2017-04-03,2017-01-03,104,79,3,3,1,NVDA,0.14795237754099286,0.06378595636127771,,,,,,,0.14795237754099286,0.06378595636127771
2017-01,2017-01-03,2017-02-01,2017-01-03,104,79,3,1,2,NVDA,0.14795237754099286,0.11704763563580056,MU,0.08875872338985287,0.09756071539071565,,,,0.11835555046542287,0.1073041755132581
2017-01,2017-01-03,2017-03-01,2017-01-03,104,79,3,2,2,NVDA,0.14795237754099286,0.008918072733613336,MU,0.08875872338985287,0.08869175658174178,,,,0.11835555046542287,0.048804914657677556
2017-01,2017-01-03,2017-04-03,2017-01-03,104,79,3,3,2,NVDA,0.14795237754099286,0.06378595636127771,MU,0.08875872338985287,0.27006659612417594,,,,0.11835555046542287,0.16692627624272682
2017-01,2017-01-03,2017-02-01,2017-01-03,104,79,3,1,3,NVDA,0.14795237754099286,0.11704763563580056,MU,0.08875872338985287,0.09756071539071565,AKAM,0.0881487950459453,0.01672335738525277,0.10828663199226368,0.07711056947058965
2017-01,2017-01-03,2017-03-01,2017-01-03,104,79,3,2,3,NVDA,0.14795237754099286,0.008918072733613336,MU,0.08875872338985287,0.08869175658174178,AKAM,0.0881487950459453,-0.06200974760445255,0.10828663199226368,0.011866693903634188
2017-01,2017-01-03,2017-04-03,2017-01-03,104,79,3,3,3,NVDA,0.14795237754099286,0.06378595636127771,MU,0.08875872338985287,0.27006659612417594,AKAM,0.0881487950459453,-0.14015097326437498,0.10828663199226368,0.0645671930736929
2017-02,2017-02-01,2017-03-01,2017-02-01,104,79,3,1,1,NVDA,0.1840463169761372,-0.09679941969586836,,,,,,,0.1840463169761372,-0.09679941969586836
2017-02,2017-02-01,2017-04-03,2017-02-01,104,79,3,2,1,NVDA,0.1840463169761372,-0.04768075915062242,,,,,,,0.1840463169761372,-0.04768075915062242
2017-02,2017-02-01,2017-05-01,2017-02-01,104,79,3,3,1,NVDA,0.1840463169761372,-0.06297020269768527,,,,,,,0.1840463169761372,-0.06297020269768527
2017-02,2017-02-01,2017-03-01,2017-02-01,104,79,3,1,2,NVDA,0.1840463169761372,-0.09679941969586836,CSX,0.16751023800095857,0.048961278482795745,,,,0.17577827748854788,-0.023919070606536308
2017-02,2017-02-01,2017-04-03,2017-02-01,104,79,3,2,2,NVDA,0.1840463169761372,-0.04768075915062242,CSX,0.16751023800095857,-0.006673553856511916,,,,0.17577827748854788,-0.027177156503567168
2017-02,2017-02-01,2017-05-01,2017-02-01,104,79,3,3,2,NVDA,0.1840463169761372,-0.06297020269768527,CSX,0.16751023800095857,0.09820117341964374,,,,0.17577827748854788,0.017615485360979233
2017-02,2017-02-01,2017-03-01,2017-02-01,104,79,3,1,3,NVDA,0.1840463169761372,-0.09679941969586836,CSX,0.16751023800095857,0.048961278482795745,MU,0.13537937315342022,-0.008080608830661862,0.16231197604350533,-0.018639583347911493
2017-02,2017-02-01,2017-04-03,2017-02-01,104,79,3,2,3,NVDA,0.1840463169761372,-0.04768075915062242,CSX,0.16751023800095857,-0.006673553856511916,MU,0.13537937315342022,0.15717206193194588,0.16231197604350533,0.03427258297493718
2017-02,2017-02-01,2017-05-01,2017-02-01,104,79,3,3,3,NVDA,0.1840463169761372,-0.06297020269768527,CSX,0.16751023800095857,0.09820117341964374,MU,0.13537937315342022,0.14303060133076206,0.16231197604350533,0.05942052401757351
2017-03,2017-03-01,2017-04-03,2017-03-01,104,79,3,1,1,NTES,0.12036122853733551,-0.05737338870124986,,,,,,,0.12036122853733551,-0.05737338870124986
2017-03,2017-03-01,2017-05-01,2017-03-01,104,79,3,2,1,NTES,0.12036122853733551,-0.10830203303599006,,,,,,,0.12036122853733551,-0.10830203303599006
2017-03,2017-03-01,2017-06-01,2017-03-01,104,79,3,3,1,NTES,0.12036122853733551,-0.042764880878616296,,,,,,,0.12036122853733551,-0.042764880878616296
2017-03,2017-03-01,2017-04-03,2017-03-01,104,79,3,1,2,NTES,0.12036122853733551,-0.05737338870124986,TSLA,0.11493107936312537,0.19398450502309683,,,,0.11764615395023044,0.06830555816092349
2017-03,2017-03-01,2017-05-01,2017-03-01,104,79,3,2,2,NTES,0.12036122853733551,-0.10830203303599006,TSLA,0.11493107936312537,0.2912167209530976,,,,0.11764615395023044,0.09145734395855376
2017-03,2017-03-01,2017-06-01,2017-03-01,104,79,3,3,2,NTES,0.12036122853733551,-0.042764880878616296,TSLA,0.11493107936312537,0.361371176376889,,,,0.11764615395023044,0.15930314774913634
2017-03,2017-03-01,2017-04-03,2017-03-01,104,79,3,1,3,NTES,0.12036122853733551,-0.05737338870124986,TSLA,0.11493107936312537,0.19398450502309683,CSX,0.11369708763254956,-0.05303802292852722,0.11632979851100349,0.02785769779777325
2017-03,2017-03-01,2017-05-01,2017-03-01,104,79,3,2,3,NTES,0.12036122853733551,-0.10830203303599006,TSLA,0.11493107936312537,0.2912167209530976,CSX,0.11369708763254956,0.046941575391675094,0.11632979851100349,0.07661875443626087
2017-03,2017-03-01,2017-06-01,2017-03-01,104,79,3,3,3,NTES,0.12036122853733551,-0.042764880878616296,TSLA,0.11493107936312537,0.361371176376889,CSX,0.11369708763254956,0.11346711116377661,0.11632979851100349,0.14402446888734977
2017-04,2017-04-03,2017-05-01,2017-04-03,104,79,3,1,1,TSLA,0.1152461199739548,0.08143507350467649,,,,,,,0.1152461199739548,0.08143507350467649
2017-04,2017-04-03,2017-06-01,2017-04-03,104,79,3,2,1,TSLA,0.1152461199739548,0.1401916613235732,,,,,,,0.1152461199739548,0.1401916613235732
2017-04,2017-04-03,2017-07-03,2017-04-03,104,79,3,3,1,TSLA,0.1152461199739548,0.18122738769200386,,,,,,,0.1152461199739548,0.18122738769200386
2017-04,2017-04-03,2017-05-01,2017-04-03,104,79,3,1,2,TSLA,0.1152461199739548,0.08143507350467649,INCY,0.10877583786102892,-0.10482243592702267,,,,0.11201097891749186,-0.01169368121117309
2017-04,2017-04-03,2017-06-01,2017-04-03,104,79,3,2,2,TSLA,0.1152461199739548,0.1401916613235732,INCY,0.10877583786102892,-0.06670520652735112,,,,0.11201097891749186,0.036743227398111034
2017-04,2017-04-03,2017-07-03,2017-04-03,104,79,3,3,2,TSLA,0.1152461199739548,0.18122738769200386,INCY,0.10877583786102892,-0.09132256089883639,,,,0.11201097891749186,0.044952413396583735
2017-04,2017-04-03,2017-05-01,2017-04-03,104,79,3,1,3,TSLA,0.1152461199739548,0.08143507350467649,INCY,0.10877583786102892,-0.10482243592702267,CSX,0.10266255724285618,0.10557931653116004,0.10889483835927997,0.027397318036271285
2017-04,2017-04-03,2017-06-01,2017-04-03,104,79,3,2,3,TSLA,0.1152461199739548,0.1401916613235732,INCY,0.10877583786102892,-0.06670520652735112,CSX,0.10266255724285618,0.17583085501197138,0.10889483835927997,0.08310576993606449
2017-04,2017-04-03,2017-07-03,2017-04-03,104,79,3,3,3,TSLA,0.1152461199739548,0.18122738769200386,INCY,0.10877583786102892,-0.09132256089883639,CSX,0.10266255724285618,0.17367739712991836,0.10889483835927997,0.08786074130769528
2017-05,2017-05-01,2017-06-01,2017-05-01,104,79,3,1,1,IDXX,0.10260742566818044,0.02760645202716927,,,,,,,0.10260742566818044,0.02760645202716927
2017-05,2017-05-01,2017-07-03,2017-05-01,104,79,3,2,1,IDXX,0.10260742566818044,-0.026934517305301275,,,,,,,0.10260742566818044,-0.026934517305301275
2017-05,2017-05-01,2017-08-01,2017-05-01,104,79,3,3,1,IDXX,0.10260742566818044,-0.05527394666776764,,,,,,,0.10260742566818044,-0.05527394666776764
2017-05,2017-05-01,2017-06-01,2017-05-01,104,79,3,1,2,IDXX,0.10260742566818044,0.02760645202716927,TSLA,0.092849698383671,0.054332053082466025,,,,0.09772856202592572,0.04096925255481765
2017-05,2017-05-01,2017-07-03,2017-05-01,104,79,3,2,2,IDXX,0.10260742566818044,-0.026934517305301275,TSLA,0.092849698383671,0.09227767494531514,,,,0.09772856202592572,0.03267157882000693
2017-05,2017-05-01,2017-08-01,2017-05-01,104,79,3,3,2,IDXX,0.10260742566818044,-0.05527394666776764,TSLA,0.092849698383671,-0.010098171472791906,,,,0.09772856202592572,-0.03268605907027977
2017-05,2017-05-01,2017-06-01,2017-05-01,104,79,3,1,3,IDXX,0.10260742566818044,0.02760645202716927,TSLA,0.092849698383671,0.054332053082466025,WYNN,0.0899812628749912,0.06534291846992568,0.09514612897561421,0.04909380785985366
2017-05,2017-05-01,2017-07-03,2017-05-01,104,79,3,2,3,IDXX,0.10260742566818044,-0.026934517305301275,TSLA,0.092849698383671,0.09227767494531514,WYNN,0.0899812628749912,0.04476833619917375,0.09514612897561421,0.036703831279729204
2017-05,2017-05-01,2017-08-01,2017-05-01,104,79,3,3,3,IDXX,0.10260742566818044,-0.05527394666776764,TSLA,0.092849698383671,-0.010098171472791906,WYNN,0.0899812628749912,0.02076438717827722,0.09514612897561421,-0.014869243654094108
2017-06,2017-06-01,2017-07-03,2017-06-01,104,79,3,1,1,NVDA,0.13115574799128013,-0.034843267965641966,,,,,,,0.13115574799128013,-0.034843267965641966
2017-06,2017-06-01,2017-08-01,2017-06-01,104,79,3,2,1,NVDA,0.13115574799128013,0.13944315394310292,,,,,,,0.13115574799128013,0.13944315394310292
2017-06,2017-06-01,2017-09-01,2017-06-01,104,79,3,3,1,NVDA,0.13115574799128013,0.18183751459568298,,,,,,,0.13115574799128013,0.18183751459568298
2017-06,2017-06-01,2017-07-03,2017-06-01,104,79,3,1,2,NVDA,0.13115574799128013,-0.034843267965641966,TSLA,0.10991721053674645,0.035990200385078275,,,,0.12053647926401329,0.0005734662097181542
2017-06,2017-06-01,2017-08-01,2017-06-01,104,79,3,2,2,NVDA,0.13115574799128013,0.13944315394310292,TSLA,0.10991721053674645,-0.06110999316286403,,,,0.12053647926401329,0.03916658039011944
2017-06,2017-06-01,2017-09-01,2017-06-01,104,79,3,3,2,NVDA,0.13115574799128013,0.18183751459568298,TSLA,0.10991721053674645,0.044157778978100914,,,,0.12053647926401329,0.11299764678689195
2017-06,2017-06-01,2017-07-03,2017-06-01,104,79,3,1,3,NVDA,0.13115574799128013,-0.034843267965641966,TSLA,0.10991721053674645,0.035990200385078275,JD,0.09598912334614836,-0.03549269200407845,0.11235402729139164,-0.011448586528214047
2017-06,2017-06-01,2017-08-01,2017-06-01,104,79,3,2,3,NVDA,0.13115574799128013,0.13944315394310292,TSLA,0.10991721053674645,-0.06110999316286403,JD,0.09598912334614836,0.1305533177615288,0.11235402729139164,0.06962882618058923
2017-06,2017-06-01,2017-09-01,2017-06-01,104,79,3,3,3,NVDA,0.13115574799128013,0.18183751459568298,TSLA,0.10991721053674645,0.044157778978100914,JD,0.09598912334614836,0.04219397108571976,0.11235402729139164,0.08939642155316789
2017-07,2017-07-03,2017-08-01,2017-07-03,104,80,3,1,1,NVDA,0.10141369432535297,0.1805783621706536,,,,,,,0.10141369432535297,0.1805783621706536
2017-07,2017-07-03,2017-09-01,2017-07-03,104,80,3,2,1,NVDA,0.10141369432535297,0.2245032079967002,,,,,,,0.10141369432535297,0.2245032079967002
2017-07,2017-07-03,2017-10-02,2017-07-03,104,80,3,3,1,NVDA,0.10141369432535297,0.2858506555519855,,,,,,,0.10141369432535297,0.2858506555519855
2017-07,2017-07-03,2017-08-01,2017-07-03,104,80,3,1,2,NVDA,0.10141369432535297,0.1805783621706536,REGN,0.08559090897394565,-0.03225144686288306,,,,0.09350230164964932,0.07416345765388527
2017-07,2017-07-03,2017-09-01,2017-07-03,104,80,3,2,2,NVDA,0.10141369432535297,0.2245032079967002,REGN,0.08559090897394565,0.033358597773065934,,,,0.09350230164964932,0.12893090288488307
2017-07,2017-07-03,2017-10-02,2017-07-03,104,80,3,3,2,NVDA,0.10141369432535297,0.2858506555519855,REGN,0.08559090897394565,-0.05226258848080512,,,,0.09350230164964932,0.1167940335355902
2017-07,2017-07-03,2017-08-01,2017-07-03,104,80,3,1,3,NVDA,0.10141369432535297,0.1805783621706536,REGN,0.08559090897394565,-0.03225144686288306,PYPL,0.0759793414427491,0.1223757262599443,0.08766131491401591,0.09023421385590495
2017-07,2017-07-03,2017-09-01,2017-07-03,104,80,3,2,3,NVDA,0.10141369432535297,0.2245032079967002,REGN,0.08559090897394565,0.033358597773065934,PYPL,0.0759793414427491,0.16247400814361024,0.08766131491401591,0.14011193797112545
2017-07,2017-07-03,2017-10-02,2017-07-03,104,80,3,3,3,NVDA,0.10141369432535297,0.2858506555519855,REGN,0.08559090897394565,-0.05226258848080512,PYPL,0.0759793414427491,0.21392104895876818,0.08766131491401591,0.1491697053433162
2017-08,2017-08-01,2017-09-01,2017-08-01,104,80,3,1,1,NVDA,0.16695813372861712,0.03720620945930686,,,,,,,0.16695813372861712,0.03720620945930686
2017-08,2017-08-01,2017-10-02,2017-08-01,104,80,3,2,1,NVDA,0.16695813372861712,0.08917010234523914,,,,,,,0.16695813372861712,0.08917010234523914
2017-08,2017-08-01,2017-11-01,2017-08-01,104,80,3,3,1,NVDA,0.16695813372861712,0.2607602345239082,,,,,,,0.16695813372861712,0.2607602345239082
2017-08,2017-08-01,2017-09-01,2017-08-01,104,80,3,1,2,NVDA,0.16695813372861712,0.03720620945930686,JD,0.09224390950188081,-0.07815584217713722,,,,0.12960102161524897,-0.020474816358915182
2017-08,2017-08-01,2017-10-02,2017-08-01,104,80,3,2,2,NVDA,0.16695813372861712,0.08917010234523914,JD,0.09224390950188081,-0.14160268850232083,,,,0.12960102161524897,-0.026216293078540842
2017-08,2017-08-01,2017-11-01,2017-08-01,104,80,3,3,2,NVDA,0.16695813372861712,0.2607602345239082,JD,0.09224390950188081,-0.16882550456493506,,,,0.12960102161524897,0.04596736497948656
2017-08,2017-08-01,2017-09-01,2017-08-01,104,80,3,1,3,NVDA,0.16695813372861712,0.03720620945930686,JD,0.09224390950188081,-0.07815584217713722,BIDU,0.0848663805620592,0.03120564315455998,0.11468947459751905,-0.0032479965210901276
2017-08,2017-08-01,2017-10-02,2017-08-01,104,80,3,2,3,NVDA,0.16695813372861712,0.08917010234523914,JD,0.09224390950188081,-0.14160268850232083,BIDU,0.0848663805620592,0.10226060036028617,0.11468947459751905,0.01660933806773483
2017-08,2017-08-01,2017-11-01,2017-08-01,104,80,3,3,3,NVDA,0.16695813372861712,0.2607602345239082,JD,0.09224390950188081,-0.16882550456493506,BIDU,0.0848663805620592,0.08789887427204568,0.11468947459751905,0.05994453474367293
2017-09,2017-09-01,2017-10-02,2017-09-01,104,80,3,1,1,GILD,0.09331774660503538,0.003489637445770688,,,,,,,0.09331774660503538,0.003489637445770688
2017-09,2017-09-01,2017-11-01,2017-09-01,104,80,3,2,1,GILD,0.09331774660503538,-0.10092070838053657,,,,,,,0.09331774660503538,-0.10092070838053657
2017-09,2017-09-01,2017-12-01,2017-09-01,104,80,3,3,1,GILD,0.09331774660503538,-0.09479305986692288,,,,,,,0.09331774660503538,-0.09479305986692288
2017-09,2017-09-01,2017-10-02,2017-09-01,104,80,3,1,2,GILD,0.09331774660503538,0.003489637445770688,BIIB,0.08357369586796033,-0.01507740005186875,,,,0.08844572123649785,-0.005793881303049031
2017-09,2017-09-01,2017-11-01,2017-09-01,104,80,3,2,2,GILD,0.09331774660503538,-0.10092070838053657,BIIB,0.08357369586796033,-0.01644808142634524,,,,0.08844572123649785,-0.058684394903440906
2017-09,2017-09-01,2017-12-01,2017-09-01,104,80,3,3,2,GILD,0.09331774660503538,-0.09479305986692288,BIIB,0.08357369586796033,-0.005171189718729874,,,,0.08844572123649785,-0.04998212479282638
2017-09,2017-09-01,2017-10-02,2017-09-01,104,80,3,1,3,GILD,0.09331774660503538,0.003489637445770688,BIIB,0.08357369586796033,-0.01507740005186875,BIDU,0.08193937671249825,0.06890474046317485,0.08627693972849798,0.019105659285692262
2017-09,2017-09-01,2017-11-01,2017-09-01,104,80,3,2,3,GILD,0.09331774660503538,-0.10092070838053657,BIIB,0.08357369586796033,-0.01644808142634524,BIDU,0.08193937671249825,0.054977619152718704,0.08627693972849798,-0.020797056884721037
2017-09,2017-09-01,2017-12-01,2017-09-01,104,80,3,3,3,GILD,0.09331774660503538,-0.09479305986692288,BIIB,0.08357369586796033,-0.005171189718729874,BIDU,0.08193937671249825,0.010445357380268527,0.08627693972849798,-0.029839630735128075
2017-10,2017-10-02,2017-11-01,2017-10-02,104,80,3,1,1,BIDU,0.1178842220240343,-0.013029338147028113,,,,,,,0.1178842220240343,-0.013029338147028113
2017-10,2017-10-02,2017-12-01,2017-10-02,104,80,3,2,1,BIDU,0.1178842220240343,-0.05469091947106053,,,,,,,0.1178842220240343,-0.05469091947106053
2017-10,2017-10-02,2018-01-02,2017-10-02,104,80,3,3,1,BIDU,0.1178842220240343,-0.02521415658756343,,,,,,,0.1178842220240343,-0.02521415658756343
2017-10,2017-10-02,2017-11-01,2017-10-02,104,80,3,1,2,BIDU,0.1178842220240343,-0.013029338147028113,MU,0.11672146083712527,0.10922278029764532,,,,0.11730284143057979,0.0480967210753086
2017-10,2017-10-02,2017-12-01,2017-10-02,104,80,3,2,2,BIDU,0.1178842220240343,-0.05469091947106053,MU,0.11672146083712527,0.04948751467840484,,,,0.11730284143057979,-0.002601702396327843
2017-10,2017-10-02,2018-01-02,2017-10-02,104,80,3,3,2,BIDU,0.1178842220240343,-0.02521415658756343,MU,0.11672146083712527,0.09147718773007574,,,,0.11730284143057979,0.033131515571256154
2017-10,2017-10-02,2017-11-01,2017-10-02,104,80,3,1,3,BIDU,0.1178842220240343,-0.013029338147028113,MU,0.11672146083712527,0.10922278029764532,LRCX,0.10250363691652686,0.09126068586027314,0.11236977325922881,0.06248470933696345
2017-10,2017-10-02,2017-12-01,2017-10-02,104,80,3,2,3,BIDU,0.1178842220240343,-0.05469091947106053,MU,0.11672146083712527,0.04948751467840484,LRCX,0.10250363691652686,0.010002254217988726,0.11236977325922881,0.0015996164751110136
2017-10,2017-10-02,2018-01-02,2017-10-02,104,80,3,3,3,BIDU,0.1178842220240343,-0.02521415658756343,MU,0.11672146083712527,0.09147718773007574,LRCX,0.10250363691652686,0.020731638238473238,0.11236977325922881,0.028998223126995182
2017-11,2017-11-01,2017-12-01,2017-11-01,104,80,3,1,1,MU,0.16228027385390384,-0.05385326255489564,,,,,,,0.16228027385390384,-0.05385326255489564
2017-11,2017-11-01,2018-01-02,2017-11-01,104,80,3,2,1,MU,0.16228027385390384,-0.015998222253249983,,,,,,,0.16228027385390384,-0.015998222253249983
2017-11,2017-11-01,2018-02-01,2017-11-01,104,80,3,3,1,MU,0.16228027385390384,-0.0425867660822703,,,,,,,0.16228027385390384,-0.0425867660822703
2017-11,2017-11-01,2017-12-01,2017-11-01,104,80,3,1,2,MU,0.16228027385390384,-0.05385326255489564,ALGN,0.11913961459128013,0.08137906203160572,,,,0.14070994422259198,0.013762899738355039
2017-11,2017-11-01,2018-01-02,2017-11-01,104,80,3,2,2,MU,0.16228027385390384,-0.015998222253249983,ALGN,0.11913961459128013,-0.043966809811580077,,,,0.14070994422259198,-0.02998251603241503
2017-11,2017-11-01,2018-02-01,2017-11-01,104,80,3,3,2,MU,0.16228027385390384,-0.0425867660822703,ALGN,0.11913961459128013,0.08776339920753018,,,,0.14070994422259198,0.02258831656262994
2017-11,2017-11-01,2017-12-01,2017-11-01,104,80,3,1,3,MU,0.16228027385390384,-0.05385326255489564,ALGN,0.11913961459128013,0.08137906203160572,INTC,0.09387208775684071,-0.03779044477888094,0.1250973254006749,-0.0034215484340569535
2017-11,2017-11-01,2018-01-02,2017-11-01,104,80,3,2,3,MU,0.16228027385390384,-0.015998222253249983,ALGN,0.11913961459128013,-0.043966809811580077,INTC,0.09387208775684071,0.00894131660373243,0.1250973254006749,-0.01700790515369921
2017-11,2017-11-01,2018-02-01,2017-11-01,104,80,3,3,3,MU,0.16228027385390384,-0.0425867660822703,ALGN,0.11913961459128013,0.08776339920753018,INTC,0.09387208775684071,0.02617006037761782,0.1250973254006749,0.0237822311676259
2017-12,2017-12-01,2018-01-02,2017-12-01,104,80,3,1,1,ALGN,0.13259264725480788,-0.11591298208391076,,,,,,,0.13259264725480788,-0.11591298208391076
2017-12,2017-12-01,2018-02-01,2017-12-01,104,80,3,2,1,ALGN,0.13259264725480788,0.005903884585974906,,,,,,,0.13259264725480788,0.005903884585974906
2017-12,2017-12-01,2018-03-01,2017-12-01,104,80,3,3,1,ALGN,0.13259264725480788,-0.03353408126441526,,,,,,,0.13259264725480788,-0.03353408126441526
2017-12,2017-12-01,2018-01-02,2017-12-01,104,80,3,1,2,ALGN,0.13259264725480788,-0.11591298208391076,MU,0.0942233915766784,0.04000969279233191,,,,0.11340801941574313,-0.03795164464578943
2017-12,2017-12-01,2018-02-01,2017-12-01,104,80,3,2,2,ALGN,0.13259264725480788,0.005903884585974906,MU,0.0942233915766784,0.011907768664983776,,,,0.11340801941574313,0.00890582662547934
2017-12,2017-12-01,2018-03-01,2017-12-01,104,80,3,3,2,ALGN,0.13259264725480788,-0.03353408126441526,MU,0.0942233915766784,0.13407952803815326,,,,0.11340801941574313,0.050272723386869
2017-12,2017-12-01,2018-01-02,2017-12-01,104,80,3,1,3,ALGN,0.13259264725480788,-0.11591298208391076,MU,0.0942233915766784,0.04000969279233191,ROST,0.0925678410582345,0.06298678673702485,0.1064612932965736,-0.004305500851518003
2017-12,2017-12-01,2018-02-01,2017-12-01,104,80,3,2,3,ALGN,0.13259264725480788,0.005903884585974906,MU,0.0942233915766784,0.011907768664983776,ROST,0.0925678410582345,0.08279433543284531,0.1064612932965736,0.033535329561268
2017-12,2017-12-01,2018-03-01,2017-12-01,104,80,3,3,3,ALGN,0.13259264725480788,-0.03353408126441526,MU,0.0942233915766784,0.13407952803815326,ROST,0.0925678410582345,0.02931488674541982,0.1064612932965736,0.04328677783971927
2018-01,2018-01-02,2018-02-01,2018-01-02,103,82,3,1,1,NTES,0.09567399903759995,-0.09274619170862186,,,,,,,0.09567399903759995,-0.09274619170862186
2018-01,2018-01-02,2018-03-01,2018-01-02,103,82,3,2,1,NTES,0.09567399903759995,-0.17643472419507178,,,,,,,0.09567399903759995,-0.17643472419507178
2018-01,2018-01-02,2018-04-02,2018-01-02,103,82,3,3,1,NTES,0.09567399903759995,-0.2071588313373518,,,,,,,0.09567399903759995,-0.2071588313373518
2018-01,2018-01-02,2018-02-01,2018-01-02,103,82,3,1,2,NTES,0.09567399903759995,-0.09274619170862186,QCOM,0.08712954502596156,0.024540013759839274,,,,0.09140177203178075,-0.034103088974391293
2018-01,2018-01-02,2018-03-01,2018-01-02,103,82,3,2,2,NTES,0.09567399903759995,-0.17643472419507178,QCOM,0.08712954502596156,0.004870745971903512,,,,0.09140177203178075,-0.08578198911158413
2018-01,2018-01-02,2018-04-02,2018-01-02,103,82,3,3,2,NTES,0.09567399903759995,-0.2071588313373518,QCOM,0.08712954502596156,-0.16760963440430954,,,,0.09140177203178075,-0.18738423287083067
2018-01,2018-01-02,2018-02-01,2018-01-02,103,82,3,1,3,NTES,0.09567399903759995,-0.09274619170862186,QCOM,0.08712954502596156,0.024540013759839274,STX,0.08429040284332519,0.26811085549397906,0.0890313156356289,0.06663489251506549
2018-01,2018-01-02,2018-03-01,2018-01-02,103,82,3,2,3,NTES,0.09567399903759995,-0.17643472419507178,QCOM,0.08712954502596156,0.004870745971903512,STX,0.08429040284332519,0.2578617576910025,0.0890313156356289,0.028765926489278077
2018-01,2018-01-02,2018-04-02,2018-01-02,103,82,3,3,3,NTES,0.09567399903759995,-0.2071588313373518,QCOM,0.08712954502596156,-0.16760963440430954,STX,0.08429040284332519,0.3593923191042381,0.0890313156356289,-0.00512538221247442
2018-02,2018-02-01,2018-03-01,2018-02-01,103,82,3,1,1,MELI,0.1661677100388732,0.017478073044944642,,,,,,,0.1661677100388732,0.017478073044944642
2018-02,2018-02-01,2018-04-02,2018-02-01,103,82,3,2,1,MELI,0.1661677100388732,-0.08332452409145019,,,,,,,0.1661677100388732,-0.08332452409145019
2018-02,2018-02-01,2018-05-01,2018-02-01,103,82,3,3,1,MELI,0.1661677100388732,-0.1037596823774124,,,,,,,0.1661677100388732,-0.1037596823774124
2018-02,2018-02-01,2018-03-01,2018-02-01,103,82,3,1,2,MELI,0.1661677100388732,0.017478073044944642,STX,0.14676007620576326,-0.008082178114455218,,,,0.15646389312231823,0.004697947465244712
2018-02,2018-02-01,2018-04-02,2018-02-01,103,82,3,2,2,MELI,0.1661677100388732,-0.08332452409145019,STX,0.14676007620576326,0.07198224288893207,,,,0.15646389312231823,-0.0056711406012590615
2018-02,2018-02-01,2018-05-01,2018-02-01,103,82,3,3,2,MELI,0.1661677100388732,-0.1037596823774124,STX,0.14676007620576326,0.006270868570008137,,,,0.15646389312231823,-0.04874440690370213
2018-02,2018-02-01,2018-03-01,2018-02-01,103,82,3,1,3,MELI,0.1661677100388732,0.017478073044944642,STX,0.14676007620576326,-0.008082178114455218,NFLX,0.11270304338594732,0.09552192216877775,0.1418769432101946,0.03497260569975572
2018-02,2018-02-01,2018-04-02,2018-02-01,103,82,3,2,3,MELI,0.1661677100388732,-0.08332452409145019,STX,0.14676007620576326,0.07198224288893207,NFLX,0.11270304338594732,0.05741877092402525,0.1418769432101946,0.015358829907169044
2018-02,2018-02-01,2018-05-01,2018-02-01,103,82,3,3,3,MELI,0.1661677100388732,-0.1037596823774124,STX,0.14676007620576326,0.006270868570008137,NFLX,0.11270304338594732,0.18195193570665702,0.1418769432101946,0.028154373966417585
2018-03,2018-03-01,2018-04-02,2018-03-01,103,82,3,1,1,NFLX,0.16336523416942353,-0.034780820423310765,,,,,,,0.16336523416942353,-0.034780820423310765
2018-03,2018-03-01,2018-05-01,2018-03-01,103,82,3,2,1,NFLX,0.16336523416942353,0.07889391511835364,,,,,,,0.16336523416942353,0.07889391511835364
2018-03,2018-03-01,2018-06-01,2018-03-01,103,82,3,3,1,NFLX,0.16336523416942353,0.23947107610419005,,,,,,,0.16336523416942353,0.23947107610419005
2018-03,2018-03-01,2018-04-02,2018-03-01,103,82,3,1,2,NFLX,0.16336523416942353,-0.034780820423310765,MELI,0.1247312947452522,-0.09907102649861432,,,,0.14404826445733787,-0.06692592346096254
2018-03,2018-03-01,2018-05-01,2018-03-01,103,82,3,2,2,NFLX,0.16336523416942353,0.07889391511835364,MELI,0.1247312947452522,-0.11915515295532231,,,,0.14404826445733787,-0.020130618918484333
2018-03,2018-03-01,2018-06-01,2018-03-01,103,82,3,3,2,NFLX,0.16336523416942353,0.23947107610419005,MELI,0.1247312947452522,-0.23021433415488535,,,,0.14404826445733787,0.004628370974652352
2018-03,2018-03-01,2018-04-02,2018-03-01,103,82,3,1,3,NFLX,0.16336523416942353,-0.034780820423310765,MELI,0.1247312947452522,-0.09907102649861432,STX,0.12467558315146658,0.08071678846458474,0.13759070402204746,-0.01771168615244678
2018-03,2018-03-01,2018-05-01,2018-03-01,103,82,3,2,3,NFLX,0.16336523416942353,0.07889391511835364,MELI,0.1247312947452522,-0.11915515295532231,STX,0.12467558315146658,0.014469995767572241,0.13759070402204746,-0.008597080689798808
2018-03,2018-03-01,2018-06-01,2018-03-01,103,82,3,3,3,NFLX,0.16336523416942353,0.23947107610419005,MELI,0.1247312947452522,-0.23021433415488535,STX,0.12467558315146658,0.08352389968318596,0.13759070402204746,0.030926880544163555
2018-04,2018-04-02,2018-05-01,2018-04-02,103,82,3,1,1,NFLX,0.12634606255896516,0.11777090421215841,,,,,,,0.12634606255896516,0.11777090421215841
2018-04,2018-04-02,2018-06-01,2018-04-02,103,82,3,2,1,NFLX,0.12634606255896516,0.28413432133391514,,,,,,,0.12634606255896516,0.28413432133391514
2018-04,2018-04-02,2018-07-02,2018-04-02,103,82,3,3,1,NFLX,0.12634606255896516,0.4206001550975458,,,,,,,0.12634606255896516,0.4206001550975458
2018-04,2018-04-02,2018-05-01,2018-04-02,103,82,3,1,2,NFLX,0.12634606255896516,0.11777090421215841,STX,0.11358182194803619,-0.06129893918936147,,,,0.11996394225350068,0.028235982511398472
2018-04,2018-04-02,2018-06-01,2018-04-02,103,82,3,2,2,NFLX,0.12634606255896516,0.28413432133391514,STX,0.11358182194803619,0.002597453142732631,,,,0.11996394225350068,0.14336588723832389
2018-04,2018-04-02,2018-07-02,2018-04-02,103,82,3,3,2,NFLX,0.12634606255896516,0.4206001550975458,STX,0.11358182194803619,0.00834633741628954,,,,0.11996394225350068,0.21447324625691766
2018-04,2018-04-02,2018-05-01,2018-04-02,103,82,3,1,3,NFLX,0.12634606255896516,0.11777090421215841,STX,0.11358182194803619,-0.06129893918936147,WDAY,0.06763401509102358,0.003034213424579324,0.10252063319934164,0.01983539281579209
2018-04,2018-04-02,2018-06-01,2018-04-02,103,82,3,2,3,NFLX,0.12634606255896516,0.28413432133391514,STX,0.11358182194803619,0.002597453142732631,WDAY,0.06763401509102358,0.008383927416702575,0.10252063319934164,0.09837190063111678
2018-04,2018-04-02,2018-07-02,2018-04-02,103,82,3,3,3,NFLX,0.12634606255896516,0.4206001550975458,STX,0.11358182194803619,0.00834633741628954,WDAY,0.06763401509102358,-0.007824942065273954,0.10252063319934164,0.14037385014952045
2018-05,2018-05-01,2018-06-01,2018-05-01,103,82,3,1,1,NFLX,0.05950400198587513,0.14883498621662095,,,,,,,0.05950400198587513,0.14883498621662095
2018-05,2018-05-01,2018-07-02,2018-05-01,103,82,3,2,1,NFLX,0.05950400198587513,0.2709224669779995,,,,,,,0.05950400198587513,0.2709224669779995
2018-05,2018-05-01,2018-08-01,2018-05-01,103,82,3,3,1,NFLX,0.05950400198587513,0.08005111182962232,,,,,,,0.05950400198587513,0.08005111182962232
2018-05,2018-05-01,2018-06-01,2018-05-01,103,82,3,1,2,NFLX,0.05950400198587513,0.14883498621662095,ULTA,0.053553828235325986,-0.021825877133807237,,,,0.056528915110600556,0.06350455454140685
2018-05,2018-05-01,2018-07-02,2018-05-01,103,82,3,2,2,NFLX,0.05950400198587513,0.2709224669779995,ULTA,0.053553828235325986,-0.07214109880818032,,,,0.056528915110600556,0.09939068408490959
2018-05,2018-05-01,2018-08-01,2018-05-01,103,82,3,3,2,NFLX,0.05950400198587513,0.08005111182962232,ULTA,0.053553828235325986,-0.05035510080225847,,,,0.056528915110600556,0.014848005513681928
2018-05,2018-05-01,2018-06-01,2018-05-01,103,82,3,1,3,NFLX,0.05950400198587513,0.14883498621662095,ULTA,0.053553828235325986,-0.021825877133807237,AMZN,0.048785034904271295,0.03746545517772848,0.0539476217084908,0.05482485475351406
2018-05,2018-05-01,2018-07-02,2018-05-01,103,82,3,2,3,NFLX,0.05950400198587513,0.2709224669779995,ULTA,0.053553828235325986,-0.07214109880818032,AMZN,0.048785034904271295,0.08312166286915113,0.0539476217084908,0.0939676770129901
2018-05,2018-05-01,2018-08-01,2018-05-01,103,82,3,3,3,NFLX,0.05950400198587513,0.08005111182962232,ULTA,0.053553828235325986,-0.05035510080225847,AMZN,0.048785034904271295,0.13582469124111007,0.0539476217084908,0.05517356742282464
2018-06,2018-06-01,2018-07-02,2018-06-01,103,82,3,1,1,ALGN,0.11641715210283525,0.02158576516994115,,,,,,,0.11641715210283525,0.02158576516994115
2018-06,2018-06-01,2018-08-01,2018-06-01,103,82,3,2,1,ALGN,0.11641715210283525,0.06187521719575617,,,,,,,0.11641715210283525,0.06187521719575617
2018-06,2018-06-01,2018-09-04,2018-06-01,103,82,3,3,1,ALGN,0.11641715210283525,0.15683446158311543,,,,,,,0.11641715210283525,0.15683446158311543
2018-06,2018-06-01,2018-07-02,2018-06-01,103,82,3,1,2,ALGN,0.11641715210283525,0.02158576516994115,MU,0.08043800885789243,-0.07252296494846788,,,,0.09842758048036385,-0.025468599889263366
2018-06,2018-06-01,2018-08-01,2018-06-01,103,82,3,2,2,ALGN,0.11641715210283525,0.06187521719575617,MU,0.08043800885789243,-0.10980592577319481,,,,0.09842758048036385,-0.02396535428871932
2018-06,2018-06-01,2018-09-04,2018-06-01,103,82,3,3,2,ALGN,0.11641715210283525,0.15683446158311543,MU,0.08043800885789243,-0.11593452948461513,,,,0.09842758048036385,0.020449966049250146
2018-06,2018-06-01,2018-07-02,2018-06-01,103,82,3,1,3,ALGN,0.11641715210283525,0.02158576516994115,MU,0.08043800885789243,-0.07252296494846788,NFLX,0.07727502333515619,0.10627068484695168,0.09137672809862796,0.018444495022808316
2018-06,2018-06-01,2018-08-01,2018-06-01,103,82,3,2,3,ALGN,0.11641715210283525,0.06187521719575617,MU,0.08043800885789243,-0.10980592577319481,NFLX,0.07727502333515619,-0.059872719069533065,0.09137672809862796,-0.0359344758823239
2018-06,2018-06-01,2018-09-04,2018-06-01,103,82,3,3,3,ALGN,0.11641715210283525,0.15683446158311543,MU,0.08043800885789243,-0.11593452948461513,NFLX,0.07727502333515619,0.010196443184030679,0.09137672809862796,0.01703212509417699
2018-07,2018-07-02,2018-08-01,2018-07-02,103,82,3,1,1,ALGN,0.12749484871898376,0.03943814939425372,,,,,,,0.12749484871898376,0.03943814939425372
2018-07,2018-07-02,2018-09-04,2018-07-02,103,82,3,2,1,ALGN,0.12749484871898376,0.1323909367420324,,,,,,,0.12749484871898376,0.1323909367420324
2018-07,2018-07-02,2018-10-01,2018-07-02,103,82,3,3,1,ALGN,0.12749484871898376,0.15058184559242593,,,,,,,0.12749484871898376,0.15058184559242593
2018-07,2018-07-02,2018-08-01,2018-07-02,103,82,3,1,2,ALGN,0.12749484871898376,0.03943814939425372,NFLX,0.12429219175857702,-0.15018331968135812,,,,0.1258935202387804,-0.0553725851435522
2018-07,2018-07-02,2018-09-04,2018-07-02,103,82,3,2,2,ALGN,0.12749484871898376,0.1323909367420324,NFLX,0.12429219175857702,-0.08684514827961165,,,,0.1258935202387804,0.022772894231210372
2018-07,2018-07-02,2018-10-01,2018-07-02,103,82,3,3,2,ALGN,0.12749484871898376,0.15058184559242593,NFLX,0.12429219175857702,-0.04206638213076219,,,,0.1258935202387804,0.05425773173083187
2018-07,2018-07-02,2018-08-01,2018-07-02,103,82,3,1,3,ALGN,0.12749484871898376,0.03943814939425372,NFLX,0.12429219175857702,-0.15018331968135812,TSLA,0.10303219729562323,-0.1021577426377136,0.11827307925772801,-0.070967637641606
2018-07,2018-07-02,2018-09-04,2018-07-02,103,82,3,2,3,ALGN,0.12749484871898376,0.1323909367420324,NFLX,0.12429219175857702,-0.08684514827961165,TSLA,0.10303219729562323,-0.1376428985244902,0.11827307925772801,-0.03069903668735648
2018-07,2018-07-02,2018-10-01,2018-07-02,103,82,3,3,3,ALGN,0.12749484871898376,0.15058184559242593,NFLX,0.12429219175857702,-0.04206638213076219,TSLA,0.10303219729562323,-0.07273105299087368,0.11827307925772801,0.011928136823596688
2018-08,2018-08-01,2018-09-04,2018-08-01,103,83,3,1,1,ALGN,0.12876018126533784,0.0894259917263458,,,,,,,0.12876018126533784,0.0894259917263458
2018-08,2018-08-01,2018-10-01,2018-08-01,103,83,3,2,1,ALGN,0.12876018126533784,0.10692670483851563,,,,,,,0.12876018126533784,0.10692670483851563
2018-08,2018-08-01,2018-11-01,2018-08-01,103,83,3,3,1,ALGN,0.12876018126533784,-0.3470455499643573,,,,,,,0.12876018126533784,-0.3470455499643573
2018-08,2018-08-01,2018-09-04,2018-08-01,103,83,3,1,2,ALGN,0.12876018126533784,0.0894259917263458,ILMN,0.1017929103352948,0.0921325428537958,,,,0.11527654580031632,0.0907792672900708
2018-08,2018-08-01,2018-10-01,2018-08-01,103,83,3,2,2,ALGN,0.12876018126533784,0.10692670483851563,ILMN,0.1017929103352948,0.13399134805179758,,,,0.11527654580031632,0.1204590264451566
2018-08,2018-08-01,2018-11-01,2018-08-01,103,83,3,3,2,ALGN,0.12876018126533784,-0.3470455499643573,ILMN,0.1017929103352948,-0.03245358951221833,,,,0.11527654580031632,-0.18974956973828783
2018-08,2018-08-01,2018-09-04,2018-08-01,103,83,3,1,3,ALGN,0.12876018126533784,0.0894259917263458,ILMN,0.1017929103352948,0.0921325428537958,QCOM,0.08976692804615889,0.09739270012483403,0.10677333988226384,0.09298374490165855
2018-08,2018-08-01,2018-10-01,2018-08-01,103,83,3,2,3,ALGN,0.12876018126533784,0.10692670483851563,ILMN,0.1017929103352948,0.13399134805179758,QCOM,0.08976692804615889,0.13847807570740422,0.10677333988226384,0.12646537619923914
2018-08,2018-08-01,2018-11-01,2018-08-01,103,83,3,3,3,ALGN,0.12876018126533784,-0.3470455499643573,ILMN,0.1017929103352948,-0.03245358951221833,QCOM,0.08976692804615889,-0.0009305264392226453,0.10677333988226384,-0.12680988863859943
2018-09,2018-09-04,2018-10-01,2018-09-04,103,83,3,1,1,REGN,0.09651394333077727,-0.024013972897539038,,,,,,,0.09651394333077727,-0.024013972897539038
2018-09,2018-09-04,2018-11-01,2018-09-04,103,83,3,2,1,REGN,0.09651394333077727,-0.12086248262215438,,,,,,,0.09651394333077727,-0.12086248262215438
2018-09,2018-09-04,2018-12-03,2018-09-04,103,83,3,3,1,REGN,0.09651394333077727,-0.052781442928024225,,,,,,,0.09651394333077727,-0.052781442928024225
2018-09,2018-09-04,2018-10-01,2018-09-04,103,83,3,1,2,REGN,0.09651394333077727,-0.024013972897539038,ILMN,0.08676800346574402,0.03832758713390483,,,,0.09164097339826065,0.007156807118182895
2018-09,2018-09-04,2018-11-01,2018-09-04,103,83,3,2,2,REGN,0.09651394333077727,-0.12086248262215438,ILMN,0.08676800346574402,-0.1140760186858496,,,,0.09164097339826065,-0.11746925065400199
2018-09,2018-09-04,2018-12-03,2018-09-04,103,83,3,3,2,REGN,0.09651394333077727,-0.052781442928024225,ILMN,0.08676800346574402,-0.007818445277948283,,,,0.09164097339826065,-0.030299944102986254
2018-09,2018-09-04,2018-10-01,2018-09-04,103,83,3,1,3,REGN,0.09651394333077727,-0.024013972897539038,ILMN,0.08676800346574402,0.03832758713390483,ORLY,0.08195021932086662,0.005817668501833628,0.08841072203912931,0.0067104275793998065
2018-09,2018-09-04,2018-11-01,2018-09-04,103,83,3,2,3,REGN,0.09651394333077727,-0.12086248262215438,ILMN,0.08676800346574402,-0.1140760186858496,ORLY,0.08195021932086662,-0.06739773744667732,0.08841072203912931,-0.10077874625156043
2018-09,2018-09-04,2018-12-03,2018-09-04,103,83,3,3,3,REGN,0.09651394333077727,-0.052781442928024225,ILMN,0.08676800346574402,-0.007818445277948283,ORLY,0.08195021932086662,0.007446582393349166,0.08841072203912931,-0.01771776860420778
2018-10,2018-10-01,2018-11-01,2018-10-01,103,83,3,1,1,ILMN,0.09627481121519559,-0.14677796074014937,,,,,,,0.09627481121519559,-0.14677796074014937
2018-10,2018-10-01,2018-12-03,2018-10-01,103,83,3,2,1,ILMN,0.09627481121519559,-0.04444265276552062,,,,,,,0.09627481121519559,-0.04444265276552062
2018-10,2018-10-01,2019-01-02,2018-10-01,103,83,3,3,1,ILMN,0.09627481121519559,-0.19648609538755946,,,,,,,0.09627481121519559,-0.19648609538755946
2018-10,2018-10-01,2018-11-01,2018-10-01,103,83,3,1,2,ILMN,0.09627481121519559,-0.14677796074014937,QCOM,0.09341907177226087,-0.12245172315681518,,,,0.09484694149372823,-0.13461484194848228
2018-10,2018-10-01,2018-12-03,2018-10-01,103,83,3,2,2,ILMN,0.09627481121519559,-0.04444265276552062,QCOM,0.09341907177226087,-0.18539923043810824,,,,0.09484694149372823,-0.11492094160181443
2018-10,2018-10-01,2019-01-02,2018-10-01,103,83,3,3,2,ILMN,0.09627481121519559,-0.19648609538755946,QCOM,0.09341907177226087,-0.20078299258123733,,,,0.09484694149372823,-0.1986345439843984
2018-10,2018-10-01,2018-11-01,2018-10-01,103,83,3,1,3,ILMN,0.09627481121519559,-0.14677796074014937,QCOM,0.09341907177226087,-0.12245172315681518,ORLY,0.08139385195366107,-0.0727919266496534,0.09036257831370585,-0.11400720351553932
2018-10,2018-10-01,2018-12-03,2018-10-01,103,83,3,2,3,ILMN,0.09627481121519559,-0.04444265276552062,QCOM,0.09341907177226087,-0.18539923043810824,ORLY,0.08139385195366107,0.0016194922226229203,0.09036257831370585,-0.07607413032700198
2018-10,2018-10-01,2019-01-02,2018-10-01,103,83,3,3,3,ILMN,0.09627481121519559,-0.19648609538755946,QCOM,0.09341907177226087,-0.20078299258123733,ORLY,0.08139385195366107,-0.013389997771781292,0.09036257831370585,-0.13688636191352602
2018-11,2018-11-01,2018-12-03,2018-11-01,103,83,3,1,1,TTWO,0.05271384852367478,-0.1974245896722231,,,,,,,0.05271384852367478,-0.1974245896722231
2018-11,2018-11-01,2019-01-02,2018-11-01,103,83,3,2,1,TTWO,0.05271384852367478,-0.1931580235708097,,,,,,,0.05271384852367478,-0.1931580235708097
2018-11,2018-11-01,2019-02-01,2018-11-01,103,83,3,3,1,TTWO,0.05271384852367478,-0.1858661549391435,,,,,,,0.05271384852367478,-0.1858661549391435
2018-11,2018-11-01,2018-12-03,2018-11-01,103,83,3,1,2,TTWO,0.05271384852367478,-0.1974245896722231,TMUS,0.05219983280833688,-0.015679439261481853,,,,0.052456840666005825,-0.10655201446685247
2018-11,2018-11-01,2019-01-02,2018-11-01,103,83,3,2,2,TTWO,0.05271384852367478,-0.1931580235708097,TMUS,0.05219983280833688,-0.052555082019005384,,,,0.052456840666005825,-0.12285655279490754
2018-11,2018-11-01,2019-02-01,2018-11-01,103,83,3,3,2,TTWO,0.05271384852367478,-0.1858661549391435,TMUS,0.05219983280833688,0.010888493015232426,,,,0.052456840666005825,-0.08748883096195553
2018-11,2018-11-01,2018-12-03,2018-11-01,103,83,3,1,3,TTWO,0.05271384852367478,-0.1974245896722231,TMUS,0.05219983280833688,-0.015679439261481853,ULTA,0.04958240925127644,0.12287956229107566,0.05149869686109603,-0.030074822214209762
2018-11,2018-11-01,2019-01-02,2018-11-01,103,83,3,2,3,TTWO,0.05271384852367478,-0.1931580235708097,TMUS,0.05219983280833688,-0.052555082019005384,ULTA,0.04958240925127644,-0.09151862930631016,0.05149869686109603,-0.11241057829870842
2018-11,2018-11-01,2019-02-01,2018-11-01,103,83,3,3,3,TTWO,0.05271384852367478,-0.1858661549391435,TMUS,0.05219983280833688,0.010888493015232426,ULTA,0.04958240925127644,0.06744814918919073,0.05149869686109603,-0.03584317091157344
2018-12,2018-12-03,2019-01-02,2018-12-03,103,84,3,1,1,SBUX,0.0835471585692058,-0.0471112206886134,,,,,,,0.0835471585692058,-0.0471112206886134
2018-12,2018-12-03,2019-02-01,2018-12-03,103,84,3,2,1,SBUX,0.0835471585692058,0.009036952140761167,,,,,,,0.0835471585692058,0.009036952140761167
2018-12,2018-12-03,2019-03-01,2018-12-03,103,84,3,3,1,SBUX,0.0835471585692058,0.05510760320254393,,,,,,,0.0835471585692058,0.05510760320254393
2018-12,2018-12-03,2019-01-02,2018-12-03,103,84,3,1,2,SBUX,0.0835471585692058,-0.0471112206886134,TSLA,0.07487520401547691,-0.13492697962583466,,,,0.07921118129234136,-0.09101910015722403
2018-12,2018-12-03,2019-02-01,2018-12-03,103,84,3,2,2,SBUX,0.0835471585692058,0.009036952140761167,TSLA,0.07487520401547691,-0.12909703352709823,,,,0.07921118129234136,-0.06003004069316853
2018-12,2018-12-03,2019-03-01,2018-12-03,103,84,3,3,2,SBUX,0.0835471585692058,0.05510760320254393,TSLA,0.07487520401547691,-0.177689734019583,,,,0.07921118129234136,-0.06129106540851953
2018-12,2018-12-03,2019-01-02,2018-12-03,103,84,3,1,3,SBUX,0.0835471585692058,-0.0471112206886134,TSLA,0.07487520401547691,-0.13492697962583466,NTES,0.06594376988106039,-0.02387846166330898,0.07478871082191436,-0.06863888732591901
2018-12,2018-12-03,2019-02-01,2018-12-03,103,84,3,2,3,SBUX,0.0835471585692058,0.009036952140761167,TSLA,0.07487520401547691,-0.12909703352709823,NTES,0.06594376988106039,0.06131004655619621,0.07478871082191436,-0.019583344943380283
2018-12,2018-12-03,2019-03-01,2018-12-03,103,84,3,3,3,SBUX,0.0835471585692058,0.05510760320254393,TSLA,0.07487520401547691,-0.177689734019583,NTES,0.06594376988106039,-0.07639372588877658,0.07478871082191436,-0.06632528556860522
2019-01,2019-01-02,2019-02-01,2019-01-02,103,88,3,1,1,SBUX,0.055077983352574855,0.05892416203069417,,,,,,,0.055077983352574855,0.05892416203069417
2019-01,2019-01-02,2019-03-01,2019-01-02,103,88,3,2,1,SBUX,0.055077983352574855,0.1072725653932316,,,,,,,0.055077983352574855,0.1072725653932316
2019-01,2019-01-02,2019-04-01,2019-01-02,103,88,3,3,1,SBUX,0.055077983352574855,0.15587689678897454,,,,,,,0.055077983352574855,0.15587689678897454
2019-01,2019-01-02,2019-02-01,2019-01-02,103,88,3,1,2,SBUX,0.055077983352574855,0.05892416203069417,WDAY,0.038057494459648046,0.16476769225199517,,,,0.04656773890611145,0.11184592714134467
2019-01,2019-01-02,2019-03-01,2019-01-02,103,88,3,2,2,SBUX,0.055077983352574855,0.1072725653932316,WDAY,0.038057494459648046,0.1840490352164319,,,,0.04656773890611145,0.14566080030483175
2019-01,2019-01-02,2019-04-01,2019-01-02,103,88,3,3,2,SBUX,0.055077983352574855,0.15587689678897454,WDAY,0.038057494459648046,0.2066482619987675,,,,0.04656773890611145,0.18126257939387103
2019-01,2019-01-02,2019-02-01,2019-01-02,103,88,3,1,3,SBUX,0.055077983352574855,0.05892416203069417,WDAY,0.038057494459648046,0.16476769225199517,DLTR,0.03523690097165599,0.0601974306674562,0.04279079292795963,0.09462976165004851
2019-01,2019-01-02,2019-03-01,2019-01-02,103,88,3,2,3,SBUX,0.055077983352574855,0.1072725653932316,WDAY,0.038057494459648046,0.1840490352164319,DLTR,0.03523690097165599,0.056578989416389724,0.04279079292795963,0.11596686334201774
2019-01,2019-01-02,2019-04-01,2019-01-02,103,88,3,3,3,SBUX,0.055077983352574855,0.15587689678897454,WDAY,0.038057494459648046,0.2066482619987675,DLTR,0.03523690097165599,0.1372807531952689,0.04279079292795963,0.16660197066100366
2019-02,2019-02-01,2019-03-01,2019-02-01,103,88,3,1,1,WDAY,0.11121546448651627,0.016553809907929207,,,,,,,0.11121546448651627,0.016553809907929207
2019-02,2019-02-01,2019-04-01,2019-02-01,103,88,3,2,1,WDAY,0.11121546448651627,0.035956156773029546,,,,,,,0.11121546448651627,0.035956156773029546
2019-02,2019-02-01,2019-05-01,2019-02-01,103,88,3,3,1,WDAY,0.11121546448651627,0.08126408317524536,,,,,,,0.11121546448651627,0.08126408317524536
2019-02,2019-02-01,2019-03-01,2019-02-01,103,88,3,1,2,WDAY,0.11121546448651627,0.016553809907929207,AMD,0.08947580143094173,-0.033863725661169575,,,,0.100345632958729,-0.008654957876620184
2019-02,2019-02-01,2019-04-01,2019-02-01,103,88,3,2,2,WDAY,0.11121546448651627,0.035956156773029546,AMD,0.08947580143094173,0.07547941102382105,,,,0.100345632958729,0.0557177838984253
2019-02,2019-02-01,2019-05-01,2019-02-01,103,88,3,3,2,WDAY,0.11121546448651627,0.08126408317524536,AMD,0.08947580143094173,0.09383921728202571,,,,0.100345632958729,0.08755165022863554
2019-02,2019-02-01,2019-03-01,2019-02-01,103,88,3,1,3,WDAY,0.11121546448651627,0.016553809907929207,AMD,0.08947580143094173,-0.033863725661169575,INCY,0.07777147647747518,0.06331403902474042,0.0928209141316444,0.015334707757166685
2019-02,2019-02-01,2019-04-01,2019-02-01,103,88,3,2,3,WDAY,0.11121546448651627,0.035956156773029546,AMD,0.08947580143094173,0.07547941102382105,INCY,0.07777147647747518,0.03654123065853665,0.0928209141316444,0.04932559948512908
2019-02,2019-02-01,2019-05-01,2019-02-01,103,88,3,3,3,WDAY,0.11121546448651627,0.08126408317524536,AMD,0.08947580143094173,0.09383921728202571,INCY,0.07777147647747518,-0.048359799751391375,0.0928209141316444,0.04224783356862657
2019-03,2019-03-01,2019-04-01,2019-03-01,103,88,3,1,1,INCY,0.09941198648928277,-0.025178646555592654,,,,,,,0.09941198648928277,-0.025178646555592654
2019-03,2019-03-01,2019-05-01,2019-03-01,103,88,3,2,1,INCY,0.09941198648928277,-0.10502432459046407,,,,,,,0.09941198648928277,-0.10502432459046407
2019-03,2019-03-01,2019-06-03,2019-03-01,103,88,3,3,1,INCY,0.09941198648928277,-0.0976522716247954,,,,,,,0.09941198648928277,-0.0976522716247954
2019-03,2019-03-01,2019-04-01,2019-03-01,103,88,3,1,2,INCY,0.09941198648928277,-0.025178646555592654,JD,0.09693720256453746,0.08806118650346573,,,,0.09817459452691012,0.031441269973936536
2019-03,2019-03-01,2019-05-01,2019-03-01,103,88,3,2,2,INCY,0.09941198648928277,-0.10502432459046407,JD,0.09693720256453746,0.051165932224849886,,,,0.09817459452691012,-0.02692919618280709
2019-03,2019-03-01,2019-06-03,2019-03-01,103,88,3,3,2,INCY,0.09941198648928277,-0.0976522716247954,JD,0.09693720256453746,-0.10337630064850656,,,,0.09817459452691012,-0.10051428613665098
2019-03,2019-03-01,2019-04-01,2019-03-01,103,88,3,1,3,INCY,0.09941198648928277,-0.025178646555592654,JD,0.09693720256453746,0.08806118650346573,MELI,0.0895580916562639,0.1471746713029094,0.09530242690336138,0.0700190704169275
2019-03,2019-03-01,2019-05-01,2019-03-01,103,88,3,2,3,INCY,0.09941198648928277,-0.10502432459046407,JD,0.09693720256453746,0.051165932224849886,MELI,0.0895580916562639,0.07326630782183541,0.09530242690336138,0.0064693051520737415
2019-03,2019-03-01,2019-06-03,2019-03-01,103,88,3,3,3,INCY,0.09941198648928277,-0.0976522716247954,JD,0.09693720256453746,-0.10337630064850656,MELI,0.0895580916562639,0.25934372749055035,0.09530242690336138,0.01943838507241613
2019-04,2019-04-01,2019-05-01,2019-04-01,103,90,3,1,1,MELI,0.20311614683158127,-0.06442642548682875,,,,,,,0.20311614683158127,-0.06442642548682875
2019-04,2019-04-01,2019-06-03,2019-04-01,103,90,3,2,1,MELI,0.20311614683158127,0.09777853276715409,,,,,,,0.20311614683158127,0.09777853276715409
2019-04,2019-04-01,2019-07-01,2019-04-01,103,90,3,3,1,MELI,0.20311614683158127,0.19532534610071672,,,,,,,0.20311614683158127,0.19532534610071672
2019-04,2019-04-01,2019-05-01,2019-04-01,103,90,3,1,2,MELI,0.20311614683158127,-0.06442642548682875,TCOM,0.18508047693708107,-0.03651244542155163,,,,0.1940983118843312,-0.05046943545419019
2019-04,2019-04-01,2019-06-03,2019-04-01,103,90,3,2,2,MELI,0.20311614683158127,0.09777853276715409,TCOM,0.18508047693708107,-0.2485062762776875,,,,0.1940983118843312,-0.07536387175526671
2019-04,2019-04-01,2019-07-01,2019-04-01,103,90,3,3,2,MELI,0.20311614683158127,0.19532534610071672,TCOM,0.18508047693708107,-0.1445009642044096,,,,0.1940983118843312,0.025412190948153557
2019-04,2019-04-01,2019-05-01,2019-04-01,103,90,3,1,3,MELI,0.20311614683158127,-0.06442642548682875,TCOM,0.18508047693708107,-0.03651244542155163,CDNS,0.14498377536470683,0.05771601369805923,0.17772679971112307,-0.01440761907010705
2019-04,2019-04-01,2019-06-03,2019-04-01,103,90,3,2,3,MELI,0.20311614683158127,0.09777853276715409,TCOM,0.18508047693708107,-0.2485062762776875,CDNS,0.14498377536470683,-0.047839539241106066,0.17772679971112307,-0.06618909425054649
2019-04,2019-04-01,2019-07-01,2019-04-01,103,90,3,3,3,MELI,0.20311614683158127,0.19532534610071672,TCOM,0.18508047693708107,-0.1445009642044096,CDNS,0.14498377536470683,0.13194436758797878,0.17772679971112307,0.06092291649476197
2019-05,2019-05-01,2019-06-03,2019-05-01,103,90,3,1,1,QCOM,0.2218537326339408,-0.22820405947970857,,,,,,,0.2218537326339408,-0.22820405947970857
2019-05,2019-05-01,2019-07-01,2019-05-01,103,90,3,2,1,QCOM,0.2218537326339408,-0.09426226882170297,,,,,,,0.2218537326339408,-0.09426226882170297
2019-05,2019-05-01,2019-08-01,2019-05-01,103,90,3,3,1,QCOM,0.2218537326339408,-0.1681045561873542,,,,,,,0.2218537326339408,-0.1681045561873542
2019-05,2019-05-01,2019-06-03,2019-05-01,103,90,3,1,2,QCOM,0.2218537326339408,-0.22820405947970857,CDNS,0.12219915397151875,-0.09979574060726815,,,,0.17202644330272976,-0.16399990004348836
2019-05,2019-05-01,2019-07-01,2019-05-01,103,90,3,2,2,QCOM,0.2218537326339408,-0.09426226882170297,CDNS,0.12219915397151875,0.07017796169162405,,,,0.17202644330272976,-0.01204215356503946
2019-05,2019-05-01,2019-08-01,2019-05-01,103,90,3,3,2,QCOM,0.2218537326339408,-0.1681045561873542,CDNS,0.12219915397151875,0.06565509104013678,,,,0.17202644330272976,-0.05122473257360871
2019-05,2019-05-01,2019-06-03,2019-05-01,103,90,3,1,3,QCOM,0.2218537326339408,-0.22820405947970857,CDNS,0.12219915397151875,-0.09979574060726815,MELI,0.10709060991254009,0.17337488218218078,0.15038116550599986,-0.05154163930159864
2019-05,2019-05-01,2019-07-01,2019-05-01,103,90,3,2,3,QCOM,0.2218537326339408,-0.09426226882170297,CDNS,0.12219915397151875,0.07017796169162405,MELI,0.10709060991254009,0.27763906406047023,0.15038116550599986,0.08451825231013044
2019-05,2019-05-01,2019-08-01,2019-05-01,103,90,3,3,3,QCOM,0.2218537326339408,-0.1681045561873542,CDNS,0.12219915397151875,0.06565509104013678,MELI,0.10709060991254009,0.2923689435534049,0.15038116550599986,0.0633064928020625
2019-06,2019-06-03,2019-07-01,2019-06-03,103,90,3,1,1,QCOM,0.11494512913981862,0.17354560140302278,,,,,,,0.11494512913981862,0.17354560140302278
2019-06,2019-06-03,2019-08-01,2019-06-03,103,90,3,2,1,QCOM,0.11494512913981862,0.07786968049072596,,,,,,,0.11494512913981862,0.07786968049072596
2019-06,2019-06-03,2019-09-03,2019-06-03,103,90,3,3,1,QCOM,0.11494512913981862,0.13721308605048654,,,,,,,0.11494512913981862,0.13721308605048654
2019-06,2019-06-03,2019-07-01,2019-06-03,103,90,3,1,2,QCOM,0.11494512913981862,0.17354560140302278,MELI,0.08537437599942048,0.08885837208683411,,,,0.10015975256961955,0.13120198674492844
2019-06,2019-06-03,2019-08-01,2019-06-03,103,90,3,2,2,QCOM,0.11494512913981862,0.07786968049072596,MELI,0.08537437599942048,0.10141180212578371,,,,0.10015975256961955,0.08964074130825483
2019-06,2019-06-03,2019-09-03,2019-06-03,103,90,3,3,2,QCOM,0.11494512913981862,0.13721308605048654,MELI,0.08537437599942048,0.021502505492165813,,,,0.10015975256961955,0.07935779577132618
2019-06,2019-06-03,2019-07-01,2019-06-03,103,90,3,1,3,QCOM,0.11494512913981862,0.17354560140302278,MELI,0.08537437599942048,0.08885837208683411,TTWO,0.06274056834273052,0.09447855049132703,0.08768669116065654,0.1189608413270613
2019-06,2019-06-03,2019-08-01,2019-06-03,103,90,3,2,3,QCOM,0.11494512913981862,0.07786968049072596,MELI,0.08537437599942048,0.10141180212578371,TTWO,0.06274056834273052,0.15243041048664074,0.08768669116065654,0.11057063103438347
2019-06,2019-06-03,2019-09-03,2019-06-03,103,90,3,3,3,QCOM,0.11494512913981862,0.13721308605048654,MELI,0.08537437599942048,0.021502505492165813,TTWO,0.06274056834273052,0.24266170320351033,0.08768669116065654,0.13379243158205423
2019-07,2019-07-01,2019-08-01,2019-07-01,103,90,3,1,1,QCOM,0.14645781113537182,-0.08152722893589504,,,,,,,0.14645781113537182,-0.08152722893589504
2019-07,2019-07-01,2019-09-03,2019-07-01,103,90,3,2,1,QCOM,0.14645781113537182,-0.030959611036076584,,,,,,,0.14645781113537182,-0.030959611036076584
2019-07,2019-07-01,2019-10-01,2019-07-01,103,90,3,3,1,QCOM,0.14645781113537182,-0.018715015316544625,,,,,,,0.14645781113537182,-0.018715015316544625
2019-07,2019-07-01,2019-08-01,2019-07-01,103,90,3,1,2,QCOM,0.14645781113537182,-0.08152722893589504,HAS,0.0822318624243246,0.08495807211390205,,,,0.11434483677984822,0.0017154215890035074
2019-07,2019-07-01,2019-09-03,2019-07-01,103,90,3,2,2,QCOM,0.14645781113537182,-0.030959611036076584,HAS,0.0822318624243246,0.03355842958111488,,,,0.11434483677984822,0.0012994092725191475
2019-07,2019-07-01,2019-10-01,2019-07-01,103,90,3,3,2,QCOM,0.14645781113537182,-0.018715015316544625,HAS,0.0822318624243246,0.10640582369762064,,,,0.11434483677984822,0.043845404190538007
2019-07,2019-07-01,2019-08-01,2019-07-01,103,90,3,1,3,QCOM,0.14645781113537182,-0.08152722893589504,HAS,0.0822318624243246,0.08495807211390205,IDXX,0.07657870870345114,-0.04233300868829426,0.10175612742104918,-0.012967388503429081
2019-07,2019-07-01,2019-09-03,2019-07-01,103,90,3,2,3,QCOM,0.14645781113537182,-0.030959611036076584,HAS,0.0822318624243246,0.03355842958111488,IDXX,0.07657870870345114,0.021130721133542307,0.10175612742104918,0.007909846559526867
2019-07,2019-07-01,2019-10-01,2019-07-01,103,90,3,3,3,QCOM,0.14645781113537182,-0.018715015316544625,HAS,0.0822318624243246,0.10640582369762064,IDXX,0.07657870870345114,-0.03990574146788284,0.10175612742104918,0.015928355637731057
2019-08,2019-08-01,2019-09-03,2019-08-01,103,90,3,1,1,MELI,0.09125407920531343,-0.07255169817445994,,,,,,,0.09125407920531343,-0.07255169817445994
2019-08,2019-08-01,2019-10-01,2019-08-01,103,90,3,2,1,MELI,0.09125407920531343,-0.12135049572978007,,,,,,,0.09125407920531343,-0.12135049572978007
2019-08,2019-08-01,2019-11-01,2019-08-01,103,90,3,3,1,MELI,0.09125407920531343,-0.2178146852073758,,,,,,,0.09125407920531343,-0.2178146852073758
2019-08,2019-08-01,2019-09-03,2019-08-01,103,90,3,1,2,MELI,0.09125407920531343,-0.07255169817445994,SBUX,0.07505688367232839,0.018418549354944025,,,,0.08315548143882091,-0.02706657440975796
2019-08,2019-08-01,2019-10-01,2019-08-01,103,90,3,2,2,MELI,0.09125407920531343,-0.12135049572978007,SBUX,0.07505688367232839,-0.08955884599776942,,,,0.08315548143882091,-0.10545467086377475
2019-08,2019-08-01,2019-11-01,2019-08-01,103,90,3,3,2,MELI,0.09125407920531343,-0.2178146852073758,SBUX,0.07505688367232839,-0.1242883961984731,,,,0.08315548143882091,-0.17105154070292444
2019-08,2019-08-01,2019-09-03,2019-08-01,103,90,3,1,3,MELI,0.09125407920531343,-0.07255169817445994,SBUX,0.07505688367232839,0.018418549354944025,TTWO,0.07236318723831303,0.07829652176461344,0.07955805003865161,0.00805445764836584
2019-08,2019-08-01,2019-10-01,2019-08-01,103,90,3,2,3,MELI,0.09125407920531343,-0.12135049572978007,SBUX,0.07505688367232839,-0.08955884599776942,TTWO,0.07236318723831303,0.006633949206477308,0.07955805003865161,-0.06809179750702406
2019-08,2019-08-01,2019-11-01,2019-08-01,103,90,3,3,3,MELI,0.09125407920531343,-0.2178146852073758,SBUX,0.07505688367232839,-0.1242883961984731,TTWO,0.07236318723831303,-0.04258801812634194,0.07955805003865161,-0.12823036651073028
2019-09,2019-09-03,2019-10-01,2019-09-03,103,90,3,1,1,WDC,0.1692291278969961,0.019488445466390614,,,,,,,0.1692291278969961,0.019488445466390614
2019-09,2019-09-03,2019-11-01,2019-09-03,103,90,3,2,1,WDC,0.1692291278969961,-0.05502172282138118,,,,,,,0.1692291278969961,-0.05502172282138118
2019-09,2019-09-03,2019-12-02,2019-09-03,103,90,3,3,1,WDC,0.1692291278969961,-0.1485892257569713,,,,,,,0.1692291278969961,-0.1485892257569713
2019-09,2019-09-03,2019-10-01,2019-09-03,103,90,3,1,2,WDC,0.1692291278969961,0.019488445466390614,KLAC,0.14063033485748008,0.055759452017479116,,,,0.1549297313772381,0.037623948741934865
2019-09,2019-09-03,2019-11-01,2019-09-03,103,90,3,2,2,WDC,0.1692291278969961,-0.05502172282138118,KLAC,0.14063033485748008,0.15000363939445993,,,,0.1549297313772381,0.047490958286539375
2019-09,2019-09-03,2019-12-02,2019-09-03,103,90,3,3,2,WDC,0.1692291278969961,-0.1485892257569713,KLAC,0.14063033485748008,0.07943012872703625,,,,0.1549297313772381,-0.03457954851496753
2019-09,2019-09-03,2019-10-01,2019-09-03,103,90,3,1,3,WDC,0.1692291278969961,0.019488445466390614,KLAC,0.14063033485748008,0.055759452017479116,MU,0.11529068249016212,-0.05979108271304834,0.1417167150815461,0.005152271590273798
2019-09,2019-09-03,2019-11-01,2019-09-03,103,90,3,2,3,WDC,0.1692291278969961,-0.05502172282138118,KLAC,0.14063033485748008,0.15000363939445993,MU,0.11529068249016212,0.07535023304814303,0.1417167150815461,0.05677738320707393
2019-09,2019-09-03,2019-12-02,2019-09-03,103,90,3,3,3,WDC,0.1692291278969961,-0.1485892257569713,KLAC,0.14063033485748008,0.07943012872703625,MU,0.11529068249016212,0.031118213718416055,0.1417167150815461,-0.012680294437173
2019-10,2019-10-01,2019-11-01,2019-10-01,103,90,3,1,1,KLAC,0.0939126840113808,0.08926672377584421,,,,,,,0.0939126840113808,0.08926672377584421
2019-10,2019-10-01,2019-12-02,2019-10-01,103,90,3,2,1,KLAC,0.0939126840113808,0.022420520758137163,,,,,,,0.0939126840113808,0.022420520758137163
2019-10,2019-10-01,2020-01-02,2019-10-01,103,90,3,3,1,KLAC,0.0939126840113808,0.15896749340481708,,,,,,,0.0939126840113808,0.15896749340481708
2019-10,2019-10-01,2019-11-01,2019-10-01,103,90,3,1,2,KLAC,0.0939126840113808,0.08926672377584421,LRCX,0.06588040460912932,0.20777820280900783,,,,0.07989654431025506,0.14852246329242602
2019-10,2019-10-01,2019-12-02,2019-10-01,103,90,3,2,2,KLAC,0.0939126840113808,0.022420520758137163,LRCX,0.06588040460912932,0.14128232051415068,,,,0.07989654431025506,0.08185142063614392
2019-10,2019-10-01,2020-01-02,2019-10-01,103,90,3,3,2,KLAC,0.0939126840113808,0.15896749340481708,LRCX,0.06588040460912932,0.29855311630600134,,,,0.07989654431025506,0.2287603048554092
2019-10,2019-10-01,2019-11-01,2019-10-01,103,90,3,1,3,KLAC,0.0939126840113808,0.08926672377584421,LRCX,0.06588040460912932,0.20777820280900783,JBHT,0.060785000389138956,0.10598624625476383,0.07352602966988302,0.13434372427987196
2019-10,2019-10-01,2019-12-02,2019-10-01,103,90,3,2,3,KLAC,0.0939126840113808,0.022420520758137163,LRCX,0.06588040460912932,0.14128232051415068,JBHT,0.060785000389138956,0.05680630791754826,0.07352602966988302,0.07350304972994537
2019-10,2019-10-01,2020-01-02,2019-10-01,103,90,3,3,3,KLAC,0.0939126840113808,0.15896749340481708,LRCX,0.06588040460912932,0.29855311630600134,JBHT,0.060785000389138956,0.08638786389093189,0.07352602966988302,0.18130282453391677
2019-11,2019-11-01,2019-12-02,2019-11-01,103,90,3,1,1,TSLA,0.11003239723075815,0.06881367125383675,,,,,,,0.11003239723075815,0.06881367125383675
2019-11,2019-11-01,2020-01-02,2019-11-01,103,90,3,2,1,TSLA,0.11003239723075815,0.3732725058894282,,,,,,,0.11003239723075815,0.3732725058894282
2019-11,2019-11-01,2020-02-03,2019-11-01,103,90,3,3,1,TSLA,0.11003239723075815,1.489547143643243,,,,,,,0.11003239723075815,1.489547143643243
2019-11,2019-11-01,2019-12-02,2019-11-01,103,90,3,1,2,TSLA,0.11003239723075815,0.06881367125383675,LRCX,0.1100188299566008,-0.0550563689096254,,,,0.11002561359367947,0.0068786511721056764
2019-11,2019-11-01,2020-01-02,2019-11-01,103,90,3,2,2,TSLA,0.11003239723075815,0.3732725058894282,LRCX,0.1100188299566008,0.075158595581434,,,,0.11002561359367947,0.2242155507354311
2019-11,2019-11-01,2020-02-03,2019-11-01,103,90,3,3,2,TSLA,0.11003239723075815,1.489547143643243,LRCX,0.1100188299566008,0.11323606290856159,,,,0.11002561359367947,0.8013916032759023
2019-11,2019-11-01,2019-12-02,2019-11-01,103,90,3,1,3,TSLA,0.11003239723075815,0.06881367125383675,LRCX,0.1100188299566008,-0.0550563689096254,ALGN,0.10462604229609833,0.06730464992941099,0.10822575649448575,0.027020650757874114
2019-11,2019-11-01,2020-01-02,2019-11-01,103,90,3,2,3,TSLA,0.11003239723075815,0.3732725058894282,LRCX,0.1100188299566008,0.075158595581434,ALGN,0.10462604229609833,0.10364139139920558,0.10822575649448575,0.18402416429002258
2019-11,2019-11-01,2020-02-03,2019-11-01,103,90,3,3,3,TSLA,0.11003239723075815,1.489547143643243,LRCX,0.1100188299566008,0.11323606290856159,ALGN,0.10462604229609833,-0.015639605270859613,0.10822575649448575,0.5290478670936484
2019-12,2019-12-02,2020-01-02,2019-12-02,103,91,3,1,1,ALGN,0.16732120351417726,0.03404533229776319,,,,,,,0.16732120351417726,0.03404533229776319
2019-12,2019-12-02,2020-02-03,2019-12-02,103,91,3,2,1,ALGN,0.16732120351417726,-0.07771375792821311,,,,,,,0.16732120351417726,-0.07771375792821311
2019-12,2019-12-02,2020-03-02,2019-12-02,103,91,3,3,1,ALGN,0.16732120351417726,-0.16082232159414023,,,,,,,0.16732120351417726,-0.16082232159414023
2019-12,2019-12-02,2020-01-02,2019-12-02,103,91,3,1,2,ALGN,0.16732120351417726,0.03404533229776319,TSLA,0.14557096176614212,0.28485679293232424,,,,0.1564460826401597,0.15945106261504371
2019-12,2019-12-02,2020-02-03,2019-12-02,103,91,3,2,2,ALGN,0.16732120351417726,-0.07771375792821311,TSLA,0.14557096176614212,1.3292620693396717,,,,0.1564460826401597,0.6257741557057293
2019-12,2019-12-02,2020-03-02,2019-12-02,103,91,3,3,2,ALGN,0.16732120351417726,-0.16082232159414023,TSLA,0.14557096176614212,1.2206229967734785,,,,0.1564460826401597,0.5299003375896691
2019-12,2019-12-02,2020-01-02,2019-12-02,103,91,3,1,3,ALGN,0.16732120351417726,0.03404533229776319,TSLA,0.14557096176614212,0.28485679293232424,BIIB,0.11300890451668266,0.006327081956481573,0.14196702326566735,0.10840973572885633
2019-12,2019-12-02,2020-02-03,2019-12-02,103,91,3,2,3,ALGN,0.16732120351417726,-0.07771375792821311,TSLA,0.14557096176614212,1.3292620693396717,BIIB,0.11300890451668266,-0.06723897081693464,0.14196702326566735,0.39476978019817466
2019-12,2019-12-02,2020-03-02,2019-12-02,103,91,3,3,3,ALGN,0.16732120351417726,-0.16082232159414023,TSLA,0.14557096176614212,1.2206229967734785,BIIB,0.11300890451668266,0.1214131749426679,0.14196702326566735,0.39373795004066875
2020-01,2020-01-02,2020-02-03,2020-01-02,103,90,3,1,1,TSLA,0.21136893887726615,0.8128573411078648,,,,,,,0.21136893887726615,0.8128573411078648
2020-01,2020-01-02,2020-03-02,2020-01-02,103,90,3,2,1,TSLA,0.21136893887726615,0.7283038926894965,,,,,,,0.21136893887726615,0.7283038926894965
2020-01,2020-01-02,2020-04-01,2020-01-02,103,90,3,3,1,TSLA,0.21136893887726615,0.11923023547882572,,,,,,,0.21136893887726615,0.11923023547882572
2020-01,2020-01-02,2020-02-03,2020-01-02,103,90,3,1,2,TSLA,0.21136893887726615,0.8128573411078648,AMD,0.1969848306782437,-0.021995886963757094,,,,0.20417688477775492,0.39543072707205384
2020-01,2020-01-02,2020-03-02,2020-01-02,103,90,3,2,2,TSLA,0.21136893887726615,0.7283038926894965,AMD,0.1969848306782437,-0.03340121060314938,,,,0.20417688477775492,0.34745134104317354
2020-01,2020-01-02,2020-04-01,2020-01-02,103,90,3,3,2,TSLA,0.21136893887726615,0.11923023547882572,AMD,0.1969848306782437,-0.11079427282622445,,,,0.20417688477775492,0.004217981326300635
2020-01,2020-01-02,2020-02-03,2020-01-02,103,90,3,1,3,TSLA,0.21136893887726615,0.8128573411078648,AMD,0.1969848306782437,-0.021995886963757094,SWKS,0.17065244232716478,-0.05457357798770135,0.19300207062755823,0.24542929205213546
2020-01,2020-01-02,2020-03-02,2020-01-02,103,90,3,2,3,TSLA,0.21136893887726615,0.7283038926894965,AMD,0.1969848306782437,-0.03340121060314938,SWKS,0.17065244232716478,-0.1396873553096244,0.19300207062755823,0.1850717755922409
2020-01,2020-01-02,2020-04-01,2020-01-02,103,90,3,3,3,TSLA,0.21136893887726615,0.11923023547882572,AMD,0.1969848306782437,-0.11079427282622445,SWKS,0.17065244232716478,-0.3197202368732308,0.19300207062755823,-0.10376142474020984
2020-02,2020-02-03,2020-03-02,2020-02-03,103,90,3,1,1,TSLA,0.3888426017646753,-0.04664098299466646,,,,,,,0.3888426017646753,-0.04664098299466646
2020-02,2020-02-03,2020-04-01,2020-02-03,103,90,3,2,1,TSLA,0.3888426017646753,-0.38261538285475516,,,,,,,0.3888426017646753,-0.38261538285475516
2020-02,2020-02-03,2020-05-01,2020-02-03,103,90,3,3,1,TSLA,0.3888426017646753,-0.10087181971623349,,,,,,,0.3888426017646753,-0.10087181971623349
2020-02,2020-02-03,2020-03-02,2020-02-03,103,90,3,1,2,TSLA,0.3888426017646753,-0.04664098299466646,AMD,0.11860512714255018,-0.011661836067318854,,,,0.2537238644536127,-0.029151409530992656
2020-02,2020-02-03,2020-04-01,2020-02-03,103,90,3,2,2,TSLA,0.3888426017646753,-0.38261538285475516,AMD,0.11860512714255018,-0.09079551371904782,,,,0.2537238644536127,-0.2367054482869015
2020-02,2020-02-03,2020-05-01,2020-02-03,103,90,3,3,2,TSLA,0.3888426017646753,-0.10087181971623349,AMD,0.11860512714255018,0.038733873232415617,,,,0.2537238644536127,-0.031068973241908937
2020-02,2020-02-03,2020-03-02,2020-02-03,103,90,3,1,3,TSLA,0.3888426017646753,-0.04664098299466646,AMD,0.11860512714255018,-0.011661836067318854,MELI,0.11560723499349172,-0.05290715972525806,0.2076849879669057,-0.03706999292908112
2020-02,2020-02-03,2020-04-01,2020-02-03,103,90,3,2,3,TSLA,0.3888426017646753,-0.38261538285475516,AMD,0.11860512714255018,-0.09079551371904782,MELI,0.11560723499349172,-0.3401870125595695,0.2076849879669057,-0.2711993030444575
2020-02,2020-02-03,2020-05-01,2020-02-03,103,90,3,3,3,TSLA,0.3888426017646753,-0.10087181971623349,AMD,0.11860512714255018,0.038733873232415617,MELI,0.11560723499349172,-0.10687625449854987,0.2076849879669057,-0.05633806699412258
2020-03,2020-03-02,2020-04-01,2020-03-02,103,90,3,1,1,TSLA,0.35035771701517415,-0.35241120487373445,,,,,,,0.35035771701517415,-0.35241120487373445
2020-03,2020-03-02,2020-05-01,2020-03-02,103,90,3,2,1,TSLA,0.35035771701517415,-0.05688396055865241,,,,,,,0.35035771701517415,-0.05688396055865241
2020-03,2020-03-02,2020-06-01,2020-03-02,103,90,3,3,1,TSLA,0.35035771701517415,0.20774045142001563,,,,,,,0.35035771701517415,0.20774045142001563
2020-03,2020-03-02,2020-04-01,2020-03-02,103,90,3,1,2,TSLA,0.35035771701517415,-0.35241120487373445,JD,0.10400868572069966,-0.05519631084111731,,,,0.2271832013679369,-0.20380375785742588
2020-03,2020-03-02,2020-05-01,2020-03-02,103,90,3,2,2,TSLA,0.35035771701517415,-0.05688396055865241,JD,0.10400868572069966,-0.044341880665016875,,,,0.2271832013679369,-0.050612920611834644
2020-03,2020-03-02,2020-06-01,2020-03-02,103,90,3,3,2,TSLA,0.35035771701517415,0.20774045142001563,JD,0.10400868572069966,0.2639723011432191,,,,0.2271832013679369,0.23585637628161737
2020-03,2020-03-02,2020-04-01,2020-03-02,103,90,3,1,3,TSLA,0.35035771701517415,-0.35241120487373445,JD,0.10400868572069966,-0.05519631084111731,NVDA,0.09972407283838673,-0.12068148778247645,0.18469682519142017,-0.1760963344991094
2020-03,2020-03-02,2020-05-01,2020-03-02,103,90,3,2,3,TSLA,0.35035771701517415,-0.05688396055865241,JD,0.10400868572069966,-0.044341880665016875,NVDA,0.09972407283838673,0.02297136176959702,0.18469682519142017,-0.026084826484690755
2020-03,2020-03-02,2020-06-01,2020-03-02,103,90,3,3,3,TSLA,0.35035771701517415,0.20774045142001563,JD,0.10400868572069966,0.2639723011432191,NVDA,0.09972407283838673,0.27428256541924334,0.18469682519142017,0.24866510599415936
2020-04,2020-04-01,2020-05-01,2020-04-01,103,90,3,1,1,TSLA,0.1379350510798213,0.45635015080435526,,,,,,,0.1379350510798213,0.45635015080435526
2020-04,2020-04-01,2020-06-01,2020-04-01,103,90,3,2,1,TSLA,0.1379350510798213,0.864980463697697,,,,,,,0.1379350510798213,0.864980463697697
2020-04,2020-04-01,2020-07-01,2020-04-01,103,90,3,3,1,TSLA,0.1379350510798213,1.325006169890199,,,,,,,0.1379350510798213,1.325006169890199
2020-04,2020-04-01,2020-05-01,2020-04-01,103,90,3,1,2,TSLA,0.1379350510798213,0.45635015080435526,REGN,0.11491214315684321,0.05808912592463211,,,,0.12642359711833226,0.2572196383644937
2020-04,2020-04-01,2020-06-01,2020-04-01,103,90,3,2,2,TSLA,0.1379350510798213,0.864980463697697,REGN,0.11491214315684321,0.20702703024571,,,,0.12642359711833226,0.5360037469717035
2020-04,2020-04-01,2020-07-01,2020-04-01,103,90,3,3,2,TSLA,0.1379350510798213,1.325006169890199,REGN,0.11491214315684321,0.22655775108038112,,,,0.12642359711833226,0.77578196048529
2020-04,2020-04-01,2020-05-01,2020-04-01,103,90,3,1,3,TSLA,0.1379350510798213,0.45635015080435526,REGN,0.11491214315684321,0.05808912592463211,GILD,0.041392220511376365,0.10260627866401073,0.09807980491601363,0.20568185179766604
2020-04,2020-04-01,2020-06-01,2020-04-01,103,90,3,2,3,TSLA,0.1379350510798213,0.864980463697697,REGN,0.11491214315684321,0.20702703024571,GILD,0.041392220511376365,0.0365466284188829,0.09807980491601363,0.36951804078742995
2020-04,2020-04-01,2020-07-01,2020-04-01,103,90,3,3,3,TSLA,0.1379350510798213,1.325006169890199,REGN,0.11491214315684321,0.22655775108038112,GILD,0.041392220511376365,0.058296202934924324,0.09807980491601363,0.5366200413018348
2020-05,2020-05-01,2020-06-01,2020-05-01,103,90,3,1,1,ZM,0.1709744589328328,0.4733689195552575,,,,,,,0.1709744589328328,0.4733689195552575
2020-05,2020-05-01,2020-07-01,2020-05-01,103,90,3,2,1,ZM,0.1709744589328328,0.8701646178452951,,,,,,,0.1709744589328328,0.8701646178452951
2020-05,2020-05-01,2020-08-03,2020-05-01,103,90,3,3,1,ZM,0.1709744589328328,0.9341801726480916,,,,,,,0.1709744589328328,0.9341801726480916
2020-05,2020-05-01,2020-06-01,2020-05-01,103,90,3,1,2,ZM,0.1709744589328328,0.4733689195552575,REGN,0.16305067260873055,0.14076120874120668,,,,0.16701256577078166,0.3070650641482321
2020-05,2020-05-01,2020-07-01,2020-05-01,103,90,3,2,2,ZM,0.1709744589328328,0.8701646178452951,REGN,0.16305067260873055,0.15921969239456035,,,,0.16701256577078166,0.5146921551199277
2020-05,2020-05-01,2020-08-03,2020-05-01,103,90,3,3,2,ZM,0.1709744589328328,0.9341801726480916,REGN,0.16305067260873055,0.22774498689986733,,,,0.16701256577078166,0.5809625797739795
2020-05,2020-05-01,2020-06-01,2020-05-01,103,90,3,1,3,ZM,0.1709744589328328,0.4733689195552575,REGN,0.16305067260873055,0.14076120874120668,DXCM,0.14574429054836746,0.10886631643652023,0.1599231406966436,0.2409988149109948
2020-05,2020-05-01,2020-07-01,2020-05-01,103,90,3,2,3,ZM,0.1709744589328328,0.8701646178452951,REGN,0.16305067260873055,0.15921969239456035,DXCM,0.14574429054836746,0.17184939192258142,0.1599231406966436,0.40041123405414564
2020-05,2020-05-01,2020-08-03,2020-05-01,103,90,3,3,3,ZM,0.1709744589328328,0.9341801726480916,REGN,0.16305067260873055,0.22774498689986733,DXCM,0.14574429054836746,0.29910408673025923,0.1599231406966436,0.48700974875940606
2020-06,2020-06-01,2020-07-01,2020-06-01,103,90,3,1,1,ZM,0.23198869424798238,0.26931184242016726,,,,,,,0.23198869424798238,0.26931184242016726
2020-06,2020-06-01,2020-08-03,2020-06-01,103,90,3,2,1,ZM,0.23198869424798238,0.3127602645723868,,,,,,,0.23198869424798238,0.3127602645723868
2020-06,2020-06-01,2020-09-01,2020-06-01,103,90,3,3,1,ZM,0.23198869424798238,1.2419300324519287,,,,,,,0.23198869424798238,1.2419300324519287
2020-06,2020-06-01,2020-07-01,2020-06-01,103,90,3,1,2,ZM,0.23198869424798238,0.26931184242016726,MELI,0.14808289056028387,0.15763908025846685,,,,0.19003579240413312,0.21347546133931705
2020-06,2020-06-01,2020-08-03,2020-06-01,103,90,3,2,2,ZM,0.23198869424798238,0.3127602645723868,MELI,0.14808289056028387,0.38922847523397053,,,,0.19003579240413312,0.35099436990317867
2020-06,2020-06-01,2020-09-01,2020-06-01,103,90,3,3,2,ZM,0.23198869424798238,1.2419300324519287,MELI,0.14808289056028387,0.43263669946224015,,,,0.19003579240413312,0.8372833659570844
2020-06,2020-06-01,2020-07-01,2020-06-01,103,90,3,1,3,ZM,0.23198869424798238,0.26931184242016726,MELI,0.14808289056028387,0.15763908025846685,PYPL,0.1369285120515216,0.14819145843118076,0.1723333656199293,0.19171412703660495
2020-06,2020-06-01,2020-08-03,2020-06-01,103,90,3,2,3,ZM,0.23198869424798238,0.3127602645723868,MELI,0.14808289056028387,0.38922847523397053,PYPL,0.1369285120515216,0.27528659337288763,0.1723333656199293,0.32575844439308166
2020-06,2020-06-01,2020-09-01,2020-06-01,103,90,3,3,3,ZM,0.23198869424798238,1.2419300324519287,MELI,0.14808289056028387,0.43263669946224015,PYPL,0.1369285120515216,0.3520354878956635,0.1723333656199293,0.6755340732699441
2020-07,2020-07-01,2020-08-03,2020-07-01,103,90,3,1,1,TSLA,0.32786684057428556,0.3263310504364707,,,,,,,0.32786684057428556,0.3263310504364707
2020-07,2020-07-01,2020-09-01,2020-07-01,103,90,3,2,1,TSLA,0.32786684057428556,1.1214598983019939,,,,,,,0.32786684057428556,1.1214598983019939
2020-07,2020-07-01,2020-10-01,2020-07-01,103,90,3,3,1,TSLA,0.32786684057428556,1.0013755847103831,,,,,,,0.32786684057428556,1.0013755847103831
2020-07,2020-07-01,2020-08-03,2020-07-01,103,90,3,1,2,TSLA,0.32786684057428556,0.3263310504364707,MELI,0.30173861065067253,0.2000531935426686,,,,0.314802725612479,0.26319212198956965
2020-07,2020-07-01,2020-09-01,2020-07-01,103,90,3,2,2,TSLA,0.32786684057428556,1.1214598983019939,MELI,0.30173861065067253,0.2375503936359633,,,,0.314802725612479,0.6795051459689786
2020-07,2020-07-01,2020-10-01,2020-07-01,103,90,3,3,2,TSLA,0.32786684057428556,1.0013755847103831,MELI,0.30173861065067253,0.14143310999457692,,,,0.314802725612479,0.57140434735248
2020-07,2020-07-01,2020-08-03,2020-07-01,103,90,3,1,3,TSLA,0.32786684057428556,0.3263310504364707,MELI,0.30173861065067253,0.2000531935426686,DOCU,0.253951389624481,0.2644165751574201,0.294518946949813,0.2636002730455198
2020-07,2020-07-01,2020-09-01,2020-07-01,103,90,3,2,3,TSLA,0.32786684057428556,1.1214598983019939,MELI,0.30173861065067253,0.2375503936359633,DOCU,0.253951389624481,0.5020114981485417,0.294518946949813,0.6203405966954997
2020-07,2020-07-01,2020-10-01,2020-07-01,103,90,3,3,3,TSLA,0.32786684057428556,1.0013755847103831,MELI,0.30173861065067253,0.14143310999457692,DOCU,0.253951389624481,0.24195343187598106,0.294518946949813,0.46158737552698037
2020-08,2020-08-03,2020-09-01,2020-08-03,103,90,3,1,1,DOCU,0.3007176749487594,0.187908738037178,,,,,,,0.3007176749487594,0.187908738037178
2020-08,2020-08-03,2020-10-01,2020-08-03,103,90,3,2,1,DOCU,0.3007176749487594,-0.017765619118558673,,,,,,,0.3007176749487594,-0.017765619118558673
2020-08,2020-08-03,2020-11-02,2020-08-03,103,90,3,3,1,DOCU,0.3007176749487594,-0.10924518894316382,,,,,,,0.3007176749487594,-0.10924518894316382
2020-08,2020-08-03,2020-09-01,2020-08-03,103,90,3,1,2,DOCU,0.3007176749487594,0.187908738037178,TSLA,0.2845271404516574,0.5994950111466224,,,,0.2926224077002084,0.3937018745919002
2020-08,2020-08-03,2020-10-01,2020-08-03,103,90,3,2,2,DOCU,0.3007176749487594,-0.017765619118558673,TSLA,0.2845271404516574,0.5089562926629576,,,,0.2926224077002084,0.24559533677219947
2020-08,2020-08-03,2020-11-02,2020-08-03,103,90,3,3,2,DOCU,0.3007176749487594,-0.10924518894316382,TSLA,0.2845271404516574,0.3485184486466224,,,,0.2926224077002084,0.11963662985172929
2020-08,2020-08-03,2020-09-01,2020-08-03,103,90,3,1,3,DOCU,0.3007176749487594,0.187908738037178,TSLA,0.2845271404516574,0.5994950111466224,ZM,0.25897022189729885,0.7077985165724117,0.28140501243257193,0.49840075525207067
2020-08,2020-08-03,2020-10-01,2020-08-03,103,90,3,2,3,DOCU,0.3007176749487594,-0.017765619118558673,TSLA,0.2845271404516574,0.5089562926629576,ZM,0.25897022189729885,0.8022014560984141,0.28140501243257193,0.43113070988093766
2020-08,2020-08-03,2020-11-02,2020-08-03,103,90,3,3,3,DOCU,0.3007176749487594,-0.10924518894316382,TSLA,0.2845271404516574,0.3485184486466224,ZM,0.25897022189729885,0.6902985074626866,0.28140501243257193,0.3098572557220484
2020-09,2020-09-01,2020-10-01,2020-09-01,103,90,3,1,1,TSLA,0.3908304075013624,-0.05660456447360884,,,,,,,0.3908304075013624,-0.05660456447360884
2020-09,2020-09-01,2020-11-02,2020-09-01,103,90,3,2,1,TSLA,0.3908304075013624,-0.15690987514870935,,,,,,,0.3908304075013624,-0.15690987514870935
2020-09,2020-09-01,2020-12-01,2020-09-01,103,90,3,3,1,TSLA,0.3908304075013624,0.2309440521367796,,,,,,,0.3908304075013624,0.2309440521367796
2020-09,2020-09-01,2020-10-01,2020-09-01,103,90,3,1,2,TSLA,0.3908304075013624,-0.05660456447360884,ZM,0.3371134209030169,0.055277562669085345,,,,0.36397191420218966,-0.0006635009022617488
2020-09,2020-09-01,2020-11-02,2020-09-01,103,90,3,2,2,TSLA,0.3908304075013624,-0.15690987514870935,ZM,0.3371134209030169,-0.010247115769164594,,,,0.36397191420218966,-0.08357849545893697
2020-09,2020-09-01,2020-12-01,2020-09-01,103,90,3,3,2,TSLA,0.3908304075013624,0.2309440521367796,ZM,0.3371134209030169,-0.11225939961271114,,,,0.36397191420218966,0.05934232626203423
2020-09,2020-09-01,2020-10-01,2020-09-01,103,90,3,1,3,TSLA,0.3908304075013624,-0.05660456447360884,ZM,0.3371134209030169,0.055277562669085345,DOCU,0.2226403519415261,-0.17313986383800783,0.3168613934486351,-0.05815562188084378
2020-09,2020-09-01,2020-11-02,2020-09-01,103,90,3,2,3,TSLA,0.3908304075013624,-0.15690987514870935,ZM,0.3371134209030169,-0.010247115769164594,DOCU,0.2226403519415261,-0.25014878455338196,0.3168613934486351,-0.1391019251570853
2020-09,2020-09-01,2020-12-01,2020-09-01,103,90,3,3,3,TSLA,0.3908304075013624,0.2309440521367796,ZM,0.3371134209030169,-0.11225939961271114,DOCU,0.2226403519415261,-0.1975073790553583,0.3168613934486351,-0.02627424217709662
2020-10,2020-10-01,2020-11-02,2020-10-01,103,90,3,1,1,TSLA,0.28974049903649474,-0.106323718451248,,,,,,,0.28974049903649474,-0.106323718451248
2020-10,2020-10-01,2020-12-01,2020-10-01,103,90,3,2,1,TSLA,0.28974049903649474,0.3048017891351611,,,,,,,0.28974049903649474,0.3048017891351611
2020-10,2020-10-01,2021-01-04,2020-10-01,103,90,3,3,1,TSLA,0.28974049903649474,0.6283692731663943,,,,,,,0.28974049903649474,0.6283692731663943
2020-10,2020-10-01,2020-11-02,2020-10-01,103,90,3,1,2,TSLA,0.28974049903649474,-0.106323718451248,ZM,0.26576866098598956,-0.0620923639014177,,,,0.27775458001124215,-0.08420804117633285
2020-10,2020-10-01,2020-12-01,2020-10-01,103,90,3,2,2,TSLA,0.28974049903649474,0.3048017891351611,ZM,0.26576866098598956,-0.15876103899911387,,,,0.27775458001124215,0.07302037506802361
2020-10,2020-10-01,2021-01-04,2020-10-01,103,90,3,3,2,TSLA,0.28974049903649474,0.6283692731663943,ZM,0.26576866098598956,-0.25468432417896536,,,,0.27775458001124215,0.1868424744937145
2020-10,2020-10-01,2020-11-02,2020-10-01,103,90,3,1,3,TSLA,0.28974049903649474,-0.106323718451248,ZM,0.26576866098598956,-0.0620923639014177,AMD,0.19486124982815425,-0.119726650825289,0.25012346995021284,-0.09604757772598489
2020-10,2020-10-01,2020-12-01,2020-10-01,103,90,3,2,3,TSLA,0.28974049903649474,0.3048017891351611,ZM,0.26576866098598956,-0.15876103899911387,AMD,0.19486124982815425,0.09156253343366783,0.25012346995021284,0.07920109452323836
2020-10,2020-10-01,2021-01-04,2020-10-01,103,90,3,3,3,TSLA,0.28974049903649474,0.6283692731663943,ZM,0.26576866098598956,-0.25468432417896536,AMD,0.19486124982815425,0.08767384383566301,0.25012346995021284,0.153786264274364
2020-11,2020-11-02,2020-12-01,2020-11-02,103,90,3,1,1,ZM,0.2336612384466931,-0.10306843806049948,,,,,,,0.2336612384466931,-0.10306843806049948
2020-11,2020-11-02,2021-01-04,2020-11-02,103,90,3,2,1,ZM,0.2336612384466931,-0.20534213910302845,,,,,,,0.2336612384466931,-0.20534213910302845
2020-11,2020-11-02,2021-02-01,2020-11-02,103,90,3,3,1,ZM,0.2336612384466931,-0.15688743338679623,,,,,,,0.2336612384466931,-0.15688743338679623
2020-11,2020-11-02,2020-12-01,2020-11-02,103,90,3,1,2,ZM,0.2336612384466931,-0.10306843806049948,ALGN,0.18205550462136566,0.09087340424101398,,,,0.20785837153402936,-0.006097516909742751
2020-11,2020-11-02,2021-01-04,2020-11-02,103,90,3,2,2,ZM,0.2336612384466931,-0.20534213910302845,ALGN,0.18205550462136566,0.14837278415716715,,,,0.20785837153402936,-0.028484677472930653
2020-11,2020-11-02,2021-02-01,2020-11-02,103,90,3,3,2,ZM,0.2336612384466931,-0.15688743338679623,ALGN,0.18205550462136566,0.1845606511233202,,,,0.20785837153402936,0.01383660886826199
2020-11,2020-11-02,2020-12-01,2020-11-02,103,90,3,1,3,ZM,0.2336612384466931,-0.10306843806049948,ALGN,0.18205550462136566,0.09087340424101398,TSLA,0.14552224274058853,0.46003851290975684,0.18707966193621575,0.14928115969675712
2020-11,2020-11-02,2021-01-04,2020-11-02,103,90,3,2,3,ZM,0.2336612384466931,-0.20534213910302845,ALGN,0.18205550462136566,0.14837278415716715,TSLA,0.14552224274058853,0.8221019252568842,0.18707966193621575,0.2550441901036743
2020-11,2020-11-02,2021-02-01,2020-11-02,103,90,3,3,3,ZM,0.2336612384466931,-0.15688743338679623,ALGN,0.18205550462136566,0.1845606511233202,TSLA,0.14552224274058853,1.0968516930661902,0.18707966193621575,0.37484163693423805
2020-12,2020-12-01,2021-01-04,2020-12-01,103,90,3,1,1,MRNA,0.38848344810719504,-0.20764479320990892,,,,,,,0.38848344810719504,-0.20764479320990892
2020-12,2020-12-01,2021-02-01,2020-12-01,103,90,3,2,1,MRNA,0.38848344810719504,0.11680024014116741,,,,,,,0.38848344810719504,0.11680024014116741
2020-12,2020-12-01,2021-03-01,2020-12-01,103,90,3,3,1,MRNA,0.38848344810719504,0.11623289148382931,,,,,,,0.38848344810719504,0.11623289148382931
2020-12,2020-12-01,2021-01-04,2020-12-01,103,90,3,1,2,MRNA,0.38848344810719504,-0.20764479320990892,ALGN,0.191385698103808,0.05270948919701546,,,,0.2899345731055015,-0.07746765200644673
2020-12,2020-12-01,2021-02-01,2020-12-01,103,90,3,2,2,MRNA,0.38848344810719504,0.11680024014116741,ALGN,0.191385698103808,0.08588278577337771,,,,0.2899345731055015,0.10134151295727256
2020-12,2020-12-01,2021-03-01,2020-12-01,103,90,3,3,2,MRNA,0.38848344810719504,0.11623289148382931,ALGN,0.191385698103808,0.12999395811762993,,,,0.2899345731055015,0.12311342480072962
2020-12,2020-12-01,2021-01-04,2020-12-01,103,90,3,1,3,MRNA,0.38848344810719504,-0.20764479320990892,ALGN,0.191385698103808,0.05270948919701546,PDD,0.1786434257974661,0.22147361198263127,0.25283752400282306,0.022179435989912604
2020-12,2020-12-01,2021-02-01,2020-12-01,103,90,3,2,3,MRNA,0.38848344810719504,0.11680024014116741,ALGN,0.191385698103808,0.08588278577337771,PDD,0.1786434257974661,0.2740589956622974,0.25283752400282306,0.15891400719228085
2020-12,2020-12-01,2021-03-01,2020-12-01,103,90,3,3,3,MRNA,0.38848344810719504,0.11623289148382931,ALGN,0.191385698103808,0.12999395811762993,PDD,0.1786434257974661,0.3633367734711179,0.25283752400282306,0.20318787435752572
2021-01,2021-01-04,2021-02-01,2021-01-04,102,90,3,1,1,PDD,0.31423824987366356,0.04305077339682528,,,,,,,0.31423824987366356,0.04305077339682528
2021-01,2021-01-04,2021-03-01,2021-01-04,102,90,3,2,1,PDD,0.31423824987366356,0.11614099567670699,,,,,,,0.31423824987366356,0.11614099567670699
2021-01,2021-01-04,2021-04-01,2021-01-04,102,90,3,3,1,PDD,0.31423824987366356,-0.13700687295095537,,,,,,,0.31423824987366356,-0.13700687295095537
2021-01,2021-01-04,2021-02-01,2021-01-04,102,90,3,1,2,PDD,0.31423824987366356,0.04305077339682528,MRNA,0.28394529574425825,0.40946917565599783,,,,0.29909177280896093,0.22625997452641156
2021-01,2021-01-04,2021-03-01,2021-01-04,102,90,3,2,2,PDD,0.31423824987366356,0.11614099567670699,MRNA,0.28394529574425825,0.40875314747510605,,,,0.29909177280896093,0.2624470715759065
2021-01,2021-01-04,2021-04-01,2021-01-04,102,90,3,3,2,PDD,0.31423824987366356,-0.13700687295095537,MRNA,0.28394529574425825,0.18634206631420636,,,,0.29909177280896093,0.024667596681625492
2021-01,2021-01-04,2021-02-01,2021-01-04,102,90,3,1,3,PDD,0.31423824987366356,0.04305077339682528,MRNA,0.28394529574425825,0.40946917565599783,BIDU,0.2173765712347572,0.11572876376713315,0.27185337228422635,0.18941623760665208
2021-01,2021-01-04,2021-03-01,2021-01-04,102,90,3,2,3,PDD,0.31423824987366356,0.11614099567670699,MRNA,0.28394529574425825,0.40875314747510605,BIDU,0.2173765712347572,0.3633763026363992,0.27185337228422635,0.29609014859607075
2021-01,2021-01-04,2021-04-01,2021-01-04,102,90,3,3,3,PDD,0.31423824987366356,-0.13700687295095537,MRNA,0.28394529574425825,0.18634206631420636,BIDU,0.2173765712347572,0.01337635542279969,0.27185337228422635,0.020903849595350226
2021-02,2021-02-01,2021-03-01,2021-02-01,102,90,3,1,1,MRNA,0.43433381776355356,-0.0005080126570050636,,,,,,,0.43433381776355356,-0.0005080126570050636
2021-02,2021-02-01,2021-04-01,2021-02-01,102,90,3,2,1,MRNA,0.43433381776355356,-0.1583057743976155,,,,,,,0.43433381776355356,-0.1583057743976155
2021-02,2021-02-01,2021-05-03,2021-02-01,102,90,3,3,1,MRNA,0.43433381776355356,0.1812294216358743,,,,,,,0.43433381776355356,0.1812294216358743
2021-02,2021-02-01,2021-03-01,2021-02-01,102,90,3,1,2,MRNA,0.43433381776355356,-0.0005080126570050636,TSLA,0.2862692920421443,-0.14453271106997578,,,,0.36030155490284893,-0.07252036186349042
2021-02,2021-02-01,2021-04-01,2021-02-01,102,90,3,2,2,MRNA,0.43433381776355356,-0.1583057743976155,TSLA,0.2862692920421443,-0.21202419283187057,,,,0.36030155490284893,-0.18516498361474304
2021-02,2021-02-01,2021-05-03,2021-02-01,102,90,3,3,2,MRNA,0.43433381776355356,0.1812294216358743,TSLA,0.2862692920421443,-0.18445840576084183,,,,0.36030155490284893,-0.0016144920624837633
2021-02,2021-02-01,2021-03-01,2021-02-01,102,90,3,1,3,MRNA,0.43433381776355356,-0.0005080126570050636,TSLA,0.2862692920421443,-0.14453271106997578,PDD,0.2516034103958607,0.07007350374886756,0.3240688400671862,-0.024989073326037763
2021-02,2021-02-01,2021-04-01,2021-02-01,102,90,3,2,3,MRNA,0.43433381776355356,-0.1583057743976155,TSLA,0.2862692920421443,-0.21202419283187057,PDD,0.2516034103958607,-0.17262596504425232,0.3240688400671862,-0.1809853107579128
2021-02,2021-02-01,2021-05-03,2021-02-01,102,90,3,3,3,MRNA,0.43433381776355356,0.1812294216358743,TSLA,0.2862692920421443,-0.18445840576084183,PDD,0.2516034103958607,-0.23298466586489908,0.3240688400671862,-0.07873788332995553
2021-03,2021-03-01,2021-04-01,2021-03-01,102,90,3,1,1,BIDU,0.29446334338278524,-0.2567155865455448,,,,,,,0.29446334338278524,-0.2567155865455448
2021-03,2021-03-01,2021-05-03,2021-03-01,102,90,3,2,1,BIDU,0.29446334338278524,-0.3066512898318271,,,,,,,0.29446334338278524,-0.3066512898318271
2021-03,2021-03-01,2021-06-01,2021-03-01,102,90,3,3,1,BIDU,0.29446334338278524,-0.3172067917565986,,,,,,,0.29446334338278524,-0.3172067917565986
2021-03,2021-03-01,2021-04-01,2021-03-01,102,90,3,1,2,BIDU,0.29446334338278524,-0.2567155865455448,AMAT,0.1353681881586554,0.1576278788409704,,,,0.2149157657707203,-0.04954385385228721
2021-03,2021-03-01,2021-05-03,2021-03-01,102,90,3,2,2,BIDU,0.29446334338278524,-0.3066512898318271,AMAT,0.1353681881586554,0.08670775225379224,,,,0.2149157657707203,-0.10997176878901743
2021-03,2021-03-01,2021-06-01,2021-03-01,102,90,3,3,2,BIDU,0.29446334338278524,-0.3172067917565986,AMAT,0.1353681881586554,0.1325291200969123,,,,0.2149157657707203,-0.09233883582984315
2021-03,2021-03-01,2021-04-01,2021-03-01,102,90,3,1,3,BIDU,0.29446334338278524,-0.2567155865455448,AMAT,0.1353681881586554,0.1576278788409704,MU,0.1227437086737652,-0.024799493509433446,0.1841917467384019,-0.041295733738002625
2021-03,2021-03-01,2021-05-03,2021-03-01,102,90,3,2,3,BIDU,0.29446334338278524,-0.3066512898318271,AMAT,0.1353681881586554,0.08670775225379224,MU,0.1227437086737652,-0.10278602837714446,0.1841917467384019,-0.10757652198505978
2021-03,2021-03-01,2021-06-01,2021-03-01,102,90,3,3,3,BIDU,0.29446334338278524,-0.3172067917565986,AMAT,0.1353681881586554,0.1325291200969123,MU,0.1227437086737652,-0.1119670781131904,0.1841917467384019,-0.09888158325762557
2021-04,2021-04-01,2021-05-03,2021-04-01,102,90,3,1,1,AMAT,0.17762635486915093,-0.06126331948586483,,,,,,,0.17762635486915093,-0.06126331948586483
2021-04,2021-04-01,2021-06-01,2021-04-01,102,90,3,2,1,AMAT,0.17762635486915093,-0.021681197561678633,,,,,,,0.17762635486915093,-0.021681197561678633
2021-04,2021-04-01,2021-07-01,2021-04-01,102,90,3,3,1,AMAT,0.17762635486915093,-0.023521937989986363,,,,,,,0.17762635486915093,-0.023521937989986363
2021-04,2021-04-01,2021-05-03,2021-04-01,102,90,3,1,2,AMAT,0.17762635486915093,-0.06126331948586483,LRCX,0.10446042787836363,-0.03450656573158972,,,,0.14104339137375727,-0.04788494260872728
2021-04,2021-04-01,2021-06-01,2021-04-01,102,90,3,2,2,AMAT,0.17762635486915093,-0.021681197561678633,LRCX,0.10446042787836363,0.015235279089304443,,,,0.14104339137375727,-0.003222959236187095
2021-04,2021-04-01,2021-07-01,2021-04-01,102,90,3,3,2,AMAT,0.17762635486915093,-0.023521937989986363,LRCX,0.10446042787836363,-0.007761426884909772,,,,0.14104339137375727,-0.015641682437448068
2021-04,2021-04-01,2021-05-03,2021-04-01,102,90,3,1,3,AMAT,0.17762635486915093,-0.06126331948586483,LRCX,0.10446042787836363,-0.03450656573158972,CDW,0.10230464919312336,0.05760187704375297,0.12813047731354596,-0.012722669391233862
2021-04,2021-04-01,2021-06-01,2021-04-01,102,90,3,2,3,AMAT,0.17762635486915093,-0.021681197561678633,LRCX,0.10446042787836363,0.015235279089304443,CDW,0.10230464919312336,-0.03056560764883709,0.12813047731354596,-0.012337175373737094
2021-04,2021-04-01,2021-07-01,2021-04-01,102,90,3,3,3,AMAT,0.17762635486915093,-0.023521937989986363,LRCX,0.10446042787836363,-0.007761426884909772,CDW,0.10230464919312336,0.0400106949644059,0.12813047731354596,0.002909110029836589
2021-05,2021-05-03,2021-06-01,2021-05-03,102,90,3,1,1,AMAT,0.10218045263609059,0.04216530870244406,,,,,,,0.10218045263609059,0.04216530870244406
2021-05,2021-05-03,2021-07-01,2021-05-03,102,90,3,2,1,AMAT,0.10218045263609059,0.040204438879716475,,,,,,,0.10218045263609059,0.040204438879716475
2021-05,2021-05-03,2021-08-02,2021-05-03,102,90,3,3,1,AMAT,0.10218045263609059,0.07081885236615659,,,,,,,0.10218045263609059,0.07081885236615659
2021-05,2021-05-03,2021-06-01,2021-05-03,102,90,3,1,2,AMAT,0.10218045263609059,0.04216530870244406,CDW,0.09267017889708333,-0.08336547675108041,,,,0.09742531576658696,-0.020600084024318177
2021-05,2021-05-03,2021-07-01,2021-05-03,102,90,3,2,2,AMAT,0.10218045263609059,0.040204438879716475,CDW,0.09267017889708333,-0.016633085153478167,,,,0.09742531576658696,0.011785676863119154
2021-05,2021-05-03,2021-08-02,2021-05-03,102,90,3,3,2,AMAT,0.10218045263609059,0.07081885236615659,CDW,0.09267017889708333,0.027389214668903206,,,,0.09742531576658696,0.0491040335175299
2021-05,2021-05-03,2021-06-01,2021-05-03,102,90,3,1,3,AMAT,0.10218045263609059,0.04216530870244406,CDW,0.09267017889708333,-0.08336547675108041,MAR,0.08790874790850249,-0.024917818778741774,0.0942531264805588,-0.022039328942459375
2021-05,2021-05-03,2021-07-01,2021-05-03,102,90,3,2,3,AMAT,0.10218045263609059,0.040204438879716475,CDW,0.09267017889708333,-0.016633085153478167,MAR,0.08790874790850249,-0.06481281837840536,0.0942531264805588,-0.013747154884055682
2021-05,2021-05-03,2021-08-02,2021-05-03,102,90,3,3,3,AMAT,0.10218045263609059,0.07081885236615659,CDW,0.09267017889708333,0.027389214668903206,MAR,0.08790874790850249,-0.02699978224688926,0.0942531264805588,0.02373609492939018
2021-06,2021-06-01,2021-07-01,2021-06-01,102,90,3,1,1,MRNA,0.07940197818112509,0.27320478689340644,,,,,,,0.07940197818112509,0.27320478689340644
2021-06,2021-06-01,2021-08-02,2021-06-01,102,90,3,2,1,MRNA,0.07940197818112509,0.8770171042874506,,,,,,,0.07940197818112509,0.8770171042874506
2021-06,2021-06-01,2021-09-01,2021-06-01,102,90,3,3,1,MRNA,0.07940197818112509,1.1116646523787472,,,,,,,0.07940197818112509,1.1116646523787472
2021-06,2021-06-01,2021-07-01,2021-06-01,102,90,3,1,2,MRNA,0.07940197818112509,0.27320478689340644,META,0.07593255509004833,0.07674775977199588,,,,0.07766726663558671,0.17497627333270116
2021-06,2021-06-01,2021-08-02,2021-06-01,102,90,3,2,2,MRNA,0.07940197818112509,0.8770171042874506,META,0.07593255509004833,0.06933431486551322,,,,0.07766726663558671,0.4731757095764819
2021-06,2021-06-01,2021-09-01,2021-06-01,102,90,3,3,2,MRNA,0.07940197818112509,1.1116646523787472,META,0.07593255509004833,0.16078736504478575,,,,0.07766726663558671,0.6362260087117665
2021-06,2021-06-01,2021-07-01,2021-06-01,102,90,3,1,3,MRNA,0.07940197818112509,0.27320478689340644,META,0.07593255509004833,0.07674775977199588,KHC,0.0643685270364116,-0.07662491182341813,0.07323435343586167,0.09110921161399473
2021-06,2021-06-01,2021-08-02,2021-06-01,102,90,3,2,3,MRNA,0.07940197818112509,0.8770171042874506,META,0.07593255509004833,0.06933431486551322,KHC,0.0643685270364116,-0.12018267130600979,0.07323435343586167,0.27538958261565133
2021-06,2021-06-01,2021-09-01,2021-06-01,102,90,3,3,3,MRNA,0.07940197818112509,1.1116646523787472,META,0.07593255509004833,0.16078736504478575,KHC,0.0643685270364116,-0.16751982345434802,0.07323435343586167,0.36831073132306164
2021-07,2021-07-01,2021-08-02,2021-07-01,102,90,3,1,1,MRNA,0.22309622906075102,0.47424603143955624,,,,,,,0.22309622906075102,0.47424603143955624
2021-07,2021-07-01,2021-09-01,2021-07-01,102,90,3,2,1,MRNA,0.22309622906075102,0.6585428158271109,,,,,,,0.22309622906075102,0.6585428158271109
2021-07,2021-07-01,2021-10-01,2021-07-01,102,90,3,3,1,MRNA,0.22309622906075102,0.45076770640301245,,,,,,,0.22309622906075102,0.45076770640301245
2021-07,2021-07-01,2021-08-02,2021-07-01,102,90,3,1,2,MRNA,0.22309622906075102,0.47424603143955624,NVDA,0.13781137809009025,-0.0228576737342846,,,,0.18045380357542062,0.22569417885263582
2021-07,2021-07-01,2021-09-01,2021-07-01,102,90,3,2,2,MRNA,0.22309622906075102,0.6585428158271109,NVDA,0.13781137809009025,0.11047657599411487,,,,0.18045380357542062,0.3845096959106129
2021-07,2021-07-01,2021-10-01,2021-07-01,102,90,3,3,2,MRNA,0.22309622906075102,0.45076770640301245,NVDA,0.13781137809009025,0.02640279544734958,,,,0.18045380357542062,0.238585250925181
2021-07,2021-07-01,2021-08-02,2021-07-01,102,90,3,1,3,MRNA,0.22309622906075102,0.47424603143955624,NVDA,0.13781137809009025,-0.0228576737342846,DOCU,0.12069558160961029,0.061167283935511074,0.16053439625348384,0.17085188054692757
2021-07,2021-07-01,2021-09-01,2021-07-01,102,90,3,2,3,MRNA,0.22309622906075102,0.6585428158271109,NVDA,0.13781137809009025,0.11047657599411487,DOCU,0.12069558160961029,0.06879069774077307,0.16053439625348384,0.2792700298539996
2021-07,2021-07-01,2021-10-01,2021-07-01,102,90,3,3,3,MRNA,0.22309622906075102,0.45076770640301245,NVDA,0.13781137809009025,0.02640279544734958,DOCU,0.12069558160961029,-0.07306989676654574,0.16053439625348384,0.13470020169460542
2021-08,2021-08-02,2021-09-01,2021-08-02,102,91,3,1,1,MRNA,0.2467132577987713,0.12501087366509278,,,,,,,0.2467132577987713,0.12501087366509278
2021-08,2021-08-02,2021-10-01,2021-08-02,102,91,3,2,1,MRNA,0.2467132577987713,-0.01592564913579453,,,,,,,0.2467132577987713,-0.01592564913579453
2021-08,2021-08-02,2021-11-01,2021-08-02,102,91,3,3,1,MRNA,0.2467132577987713,-0.027235141290731346,,,,,,,0.2467132577987713,-0.027235141290731346
2021-08,2021-08-02,2021-09-01,2021-08-02,102,91,3,1,2,MRNA,0.2467132577987713,0.12501087366509278,DOCU,0.12684903209023649,0.00718398872700754,,,,0.18678114494450387,0.06609743119605016
2021-08,2021-08-02,2021-10-01,2021-08-02,102,91,3,2,2,MRNA,0.2467132577987713,-0.01592564913579453,DOCU,0.12684903209023649,-0.12649954699339816,,,,0.18678114494450387,-0.07121259806459634
2021-08,2021-08-02,2021-11-01,2021-08-02,102,91,3,3,2,MRNA,0.2467132577987713,-0.027235141290731346,DOCU,0.12684903209023649,-0.058082054537217154,,,,0.18678114494450387,-0.04265859791397425
2021-08,2021-08-02,2021-09-01,2021-08-02,102,91,3,1,3,MRNA,0.2467132577987713,0.12501087366509278,DOCU,0.12684903209023649,0.00718398872700754,TEAM,0.12363354145549905,0.15227239035104123,0.16573194378150227,0.09482241758104719
2021-08,2021-08-02,2021-10-01,2021-08-02,102,91,3,2,3,MRNA,0.2467132577987713,-0.01592564913579453,DOCU,0.12684903209023649,-0.12649954699339816,TEAM,0.12363354145549905,0.21588448616553113,0.16573194378150227,0.024486430012112814
2021-08,2021-08-02,2021-11-01,2021-08-02,102,91,3,3,3,MRNA,0.2467132577987713,-0.027235141290731346,DOCU,0.12684903209023649,-0.058082054537217154,TEAM,0.12363354145549905,0.39543689437036855,0.16573194378150227,0.10337323284747335
2021-09,2021-09-01,2021-10-01,2021-09-01,102,92,3,1,1,MRNA,0.2908205639993518,-0.12527569830657748,,,,,,,0.2908205639993518,-0.12527569830657748
2021-09,2021-09-01,2021-11-01,2021-09-01,102,92,3,2,1,MRNA,0.2908205639993518,-0.135328483057086,,,,,,,0.2908205639993518,-0.135328483057086
2021-09,2021-09-01,2021-12-01,2021-09-01,102,92,3,3,1,MRNA,0.2908205639993518,-0.20344159766415404,,,,,,,0.2908205639993518,-0.20344159766415404
2021-09,2021-09-01,2021-10-01,2021-09-01,102,92,3,1,2,MRNA,0.2908205639993518,-0.12527569830657748,TEAM,0.1715068357581364,0.055205779768020324,,,,0.2311636998787441,-0.035034959269278576
2021-09,2021-09-01,2021-11-01,2021-09-01,102,92,3,2,2,MRNA,0.2908205639993518,-0.135328483057086,TEAM,0.1715068357581364,0.21103040049865873,,,,0.2311636998787441,0.037850958720786365
2021-09,2021-09-01,2021-12-01,2021-09-01,102,92,3,3,2,MRNA,0.2908205639993518,-0.20344159766415404,TEAM,0.1715068357581364,-0.03898310539705463,,,,0.2311636998787441,-0.12121235153060433
2021-09,2021-09-01,2021-10-01,2021-09-01,102,92,3,1,3,MRNA,0.2908205639993518,-0.12527569830657748,TEAM,0.1715068357581364,0.055205779768020324,DOCU,0.15205479185809448,-0.13273000486174324,0.20479406387186092,-0.0675999744667668
2021-09,2021-09-01,2021-11-01,2021-09-01,102,92,3,2,3,MRNA,0.2908205639993518,-0.135328483057086,TEAM,0.1715068357581364,0.21103040049865873,DOCU,0.15205479185809448,-0.06480051708001755,0.20479406387186092,0.0036338001205183934
2021-09,2021-09-01,2021-12-01,2021-09-01,102,92,3,3,3,MRNA,0.2908205639993518,-0.20344159766415404,TEAM,0.1715068357581364,-0.03898310539705463,DOCU,0.15205479185809448,-0.22350450057781335,0.20479406387186092,-0.15530973454634067
2021-10,2021-10-01,2021-11-01,2021-10-01,102,92,3,1,1,MRNA,0.15799373559935717,-0.011492517963713755,,,,,,,0.15799373559935717,-0.011492517963713755
2021-10,2021-10-01,2021-12-01,2021-10-01,102,92,3,2,1,MRNA,0.15799373559935717,-0.08936061248813054,,,,,,,0.15799373559935717,-0.08936061248813054
2021-10,2021-10-01,2022-01-03,2021-10-01,102,92,3,3,1,MRNA,0.15799373559935717,-0.31088567364809916,,,,,,,0.15799373559935717,-0.31088567364809916
2021-10,2021-10-01,2021-11-01,2021-10-01,102,92,3,1,2,MRNA,0.15799373559935717,-0.011492517963713755,TEAM,0.15190261607713493,0.14767225854742327,,,,0.15494817583824605,0.06808987029185476
2021-10,2021-10-01,2021-12-01,2021-10-01,102,92,3,2,2,MRNA,0.15799373559935717,-0.08936061248813054,TEAM,0.15190261607713493,-0.08926115357876607,,,,0.15494817583824605,-0.08931088303344831
2021-10,2021-10-01,2022-01-03,2021-10-01,102,92,3,3,2,MRNA,0.15799373559935717,-0.31088567364809916,TEAM,0.15190261607713493,-0.10657281031787003,,,,0.15494817583824605,-0.2087292419829846
2021-10,2021-10-01,2021-11-01,2021-10-01,102,92,3,1,3,MRNA,0.15799373559935717,-0.011492517963713755,TEAM,0.15190261607713493,0.14767225854742327,DXCM,0.09093842243618222,0.14065689377527302,0.13361159137089143,0.09227887811966085
2021-10,2021-10-01,2021-12-01,2021-10-01,102,92,3,2,3,MRNA,0.15799373559935717,-0.08936061248813054,TEAM,0.15190261607713493,-0.08926115357876607,DXCM,0.09093842243618222,-0.0028549741289820574,0.13361159137089143,-0.060492246731959555
2021-10,2021-10-01,2022-01-03,2021-10-01,102,92,3,3,3,MRNA,0.15799373559935717,-0.31088567364809916,TEAM,0.15190261607713493,-0.10657281031787003,DXCM,0.09093842243618222,-0.052971351811326395,0.13361159137089143,-0.15680994525909853
2021-11,2021-11-01,2021-12-01,2021-11-01,102,92,3,1,1,TSLA,0.21648910369243568,-0.09398557354557135,,,,,,,0.21648910369243568,-0.09398557354557135
2021-11,2021-11-01,2022-01-03,2021-11-01,102,92,3,2,1,TSLA,0.21648910369243568,-0.007289509163908914,,,,,,,0.21648910369243568,-0.007289509163908914
2021-11,2021-11-01,2022-02-01,2021-11-01,102,92,3,3,1,TSLA,0.21648910369243568,-0.22947405754673922,,,,,,,0.21648910369243568,-0.22947405754673922
2021-11,2021-11-01,2021-12-01,2021-11-01,102,92,3,1,2,TSLA,0.21648910369243568,-0.09398557354557135,TEAM,0.11838347622216161,-0.20644692799847708,,,,0.16743628995729865,-0.15021625077202422
2021-11,2021-11-01,2022-01-03,2021-11-01,102,92,3,2,2,TSLA,0.21648910369243568,-0.007289509163908914,TEAM,0.11838347622216161,-0.22153107472257305,,,,0.16743628995729865,-0.11441029194324098
2021-11,2021-11-01,2022-02-01,2021-11-01,102,92,3,3,2,TSLA,0.21648910369243568,-0.22947405754673922,TEAM,0.11838347622216161,-0.27606970162007427,,,,0.16743628995729865,-0.25277187958340674
2021-11,2021-11-01,2021-12-01,2021-11-01,102,92,3,1,3,TSLA,0.21648910369243568,-0.09398557354557135,TEAM,0.11838347622216161,-0.20644692799847708,NVDA,0.10196615138906766,0.21728594183722372,0.145612910434555,-0.027715519902274905
2021-11,2021-11-01,2022-01-03,2021-11-01,102,92,3,2,3,TSLA,0.21648910369243568,-0.007289509163908914,TEAM,0.11838347622216161,-0.22153107472257305,NVDA,0.10196615138906766,0.16640289595907132,0.145612910434555,-0.02080589597580355
2021-11,2021-11-01,2022-02-01,2021-11-01,102,92,3,3,3,TSLA,0.21648910369243568,-0.22947405754673922,TEAM,0.11838347622216161,-0.27606970162007427,NVDA,0.10196615138906766,-0.045920358751898704,0.145612910434555,-0.18382137263957074
2021-12,2021-12-01,2022-01-03,2021-12-01,102,92,3,1,1,TSLA,0.17369046033943222,0.09568949660209758,,,,,,,0.17369046033943222,0.09568949660209758
2021-12,2021-12-01,2022-02-01,2021-12-01,102,92,3,2,1,TSLA,0.17369046033943222,-0.14954340686536816,,,,,,,0.17369046033943222,-0.14954340686536816
2021-12,2021-12-01,2022-03-01,2021-12-01,102,92,3,3,1,TSLA,0.17369046033943222,-0.21062103689533396,,,,,,,0.17369046033943222,-0.21062103689533396
2021-12,2021-12-01,2022-01-03,2021-12-01,102,92,3,1,2,TSLA,0.17369046033943222,0.09568949660209758,DLTR,0.13880186750314252,0.06463040475834836,,,,0.15624616392128737,0.08015995068022297
2021-12,2021-12-01,2022-02-01,2021-12-01,102,92,3,2,2,TSLA,0.17369046033943222,-0.14954340686536816,DLTR,0.13880186750314252,0.012368018960482896,,,,0.15624616392128737,-0.06858769395244263
2021-12,2021-12-01,2022-03-01,2021-12-01,102,92,3,3,2,TSLA,0.17369046033943222,-0.21062103689533396,DLTR,0.13880186750314252,0.0536199116371161,,,,0.15624616392128737,-0.07850056262910893
2021-12,2021-12-01,2022-01-03,2021-12-01,102,92,3,1,3,TSLA,0.17369046033943222,0.09568949660209758,DLTR,0.13880186750314252,0.06463040475834836,NVDA,0.12891038077446826,-0.041800405417773745,0.147134236205681,0.0395064986475574
2021-12,2021-12-01,2022-02-01,2021-12-01,102,92,3,2,3,TSLA,0.17369046033943222,-0.14954340686536816,DLTR,0.13880186750314252,0.012368018960482896,NVDA,0.12891038077446826,-0.21622388918077118,0.147134236205681,-0.11779975902855215
2021-12,2021-12-01,2022-03-01,2021-12-01,102,92,3,3,3,TSLA,0.17369046033943222,-0.21062103689533396,DLTR,0.13880186750314252,0.0536199116371161,NVDA,0.12891038077446826,-0.25315723387252953,0.147134236205681,-0.13671945304358246
2022-01,2022-01-03,2022-02-01,2022-01-03,101,92,3,1,1,LCID,0.22821770255144627,-0.2680185315444997,,,,,,,0.22821770255144627,-0.2680185315444997
2022-01,2022-01-03,2022-03-01,2022-01-03,101,92,3,2,1,LCID,0.22821770255144627,-0.38944539127890654,,,,,,,0.22821770255144627,-0.38944539127890654
2022-01,2022-01-03,2022-04-01,2022-01-03,101,92,3,3,1,LCID,0.22821770255144627,-0.40019543776732713,,,,,,,0.22821770255144627,-0.40019543776732713
2022-01,2022-01-03,2022-02-01,2022-01-03,101,92,3,1,2,LCID,0.22821770255144627,-0.2680185315444997,TSLA,0.18691076623688255,-0.2238160575856306,,,,0.2075642343941644,-0.24591729456506517
2022-01,2022-01-03,2022-03-01,2022-01-03,101,92,3,2,2,LCID,0.22821770255144627,-0.38944539127890654,TSLA,0.18691076623688255,-0.2795596146968168,,,,0.2075642343941644,-0.33450250298786166
2022-01,2022-01-03,2022-04-01,2022-01-03,101,92,3,3,2,LCID,0.22821770255144627,-0.40019543776732713,TSLA,0.18691076623688255,-0.09600927049842889,,,,0.2075642343941644,-0.248102354132878
2022-01,2022-01-03,2022-02-01,2022-01-03,101,92,3,1,3,LCID,0.22821770255144627,-0.2680185315444997,TSLA,0.18691076623688255,-0.2238160575856306,MRVL,0.147669071615068,-0.1896266806750051,0.1875991801344656,-0.2271537566017118
2022-01,2022-01-03,2022-03-01,2022-01-03,101,92,3,2,3,LCID,0.22821770255144627,-0.38944539127890654,TSLA,0.18691076623688255,-0.2795596146968168,MRVL,0.147669071615068,-0.27321534781344015,0.1875991801344656,-0.31407345126305447
2022-01,2022-01-03,2022-04-01,2022-01-03,101,92,3,3,3,LCID,0.22821770255144627,-0.40019543776732713,TSLA,0.18691076623688255,-0.09600927049842889,MRVL,0.147669071615068,-0.20473302393428816,0.1875991801344656,-0.23364591073334806
2022-02,2022-02-01,2022-03-01,2022-02-01,101,92,3,1,1,QCOM,0.10639980274361797,-0.0758763703699381,,,,,,,0.10639980274361797,-0.0758763703699381
2022-02,2022-02-01,2022-04-01,2022-02-01,101,92,3,2,1,QCOM,0.10639980274361797,-0.16669576842564715,,,,,,,0.10639980274361797,-0.16669576842564715
2022-02,2022-02-01,2022-05-02,2022-02-01,101,92,3,3,1,QCOM,0.10639980274361797,-0.17644650013954488,,,,,,,0.10639980274361797,-0.17644650013954488
2022-02,2022-02-01,2022-03-01,2022-02-01,101,92,3,1,2,QCOM,0.10639980274361797,-0.0758763703699381,DLTR,0.07090794555474766,0.04074792160956564,,,,0.08865387414918283,-0.017564224380186233
2022-02,2022-02-01,2022-04-01,2022-02-01,101,92,3,2,2,QCOM,0.10639980274361797,-0.16669576842564715,DLTR,0.07090794555474766,0.1876488837293735,,,,0.08865387414918283,0.010476557651863172
2022-02,2022-02-01,2022-05-02,2022-02-01,101,92,3,3,2,QCOM,0.10639980274361797,-0.17644650013954488,DLTR,0.07090794555474766,0.2170738840675357,,,,0.08865387414918283,0.020313691963995406
2022-02,2022-02-01,2022-03-01,2022-02-01,101,92,3,1,3,QCOM,0.10639980274361797,-0.0758763703699381,DLTR,0.07090794555474766,0.04074792160956564,MU,0.06024084964406462,0.05905492193979933,0.07918286598081009,0.007975491059808956
2022-02,2022-02-01,2022-04-01,2022-02-01,101,92,3,2,3,QCOM,0.10639980274361797,-0.16669576842564715,DLTR,0.07090794555474766,0.1876488837293735,MU,0.06024084964406462,-0.06470207879457823,0.07918286598081009,-0.014582987830283963
2022-02,2022-02-01,2022-05-02,2022-02-01,101,92,3,3,3,QCOM,0.10639980274361797,-0.17644650013954488,DLTR,0.07090794555474766,0.2170738840675357,MU,0.06024084964406462,-0.1320260313099365,0.07918286598081009,-0.0304662157939819
2022-03,2022-03-01,2022-04-01,2022-03-01,102,94,3,1,1,KHC,0.05648333492054036,0.04324643527281635,,,,,,,0.05648333492054036,0.04324643527281635
2022-03,2022-03-01,2022-05-02,2022-03-01,102,94,3,2,1,KHC,0.05648333492054036,0.09680632352423402,,,,,,,0.05648333492054036,0.09680632352423402
2022-03,2022-03-01,2022-06-01,2022-03-01,102,94,3,3,1,KHC,0.05648333492054036,-0.016913229408632935,,,,,,,0.05648333492054036,-0.016913229408632935
2022-03,2022-03-01,2022-04-01,2022-03-01,102,94,3,1,2,KHC,0.05648333492054036,0.04324643527281635,MAR,0.052136529672640076,0.053180369676968375,,,,0.054309932296590216,0.048213402474892364
2022-03,2022-03-01,2022-05-02,2022-03-01,102,94,3,2,2,KHC,0.05648333492054036,0.09680632352423402,MAR,0.052136529672640076,0.08022561965587993,,,,0.054309932296590216,0.08851597159005697
2022-03,2022-03-01,2022-06-01,2022-03-01,102,94,3,3,2,KHC,0.05648333492054036,-0.016913229408632935,MAR,0.052136529672640076,0.03634624096891148,,,,0.054309932296590216,0.009716505780139273
2022-03,2022-03-01,2022-04-01,2022-03-01,102,94,3,1,3,KHC,0.05648333492054036,0.04324643527281635,MAR,0.052136529672640076,0.053180369676968375,TMUS,0.05118680788095512,0.061966974963251875,0.05326889082471185,0.05279792663767887
2022-03,2022-03-01,2022-05-02,2022-03-01,102,94,3,2,3,KHC,0.05648333492054036,0.09680632352423402,MAR,0.052136529672640076,0.08022561965587993,TMUS,0.05118680788095512,0.026557507726964857,0.05326889082471185,0.0678631503023596
2022-03,2022-03-01,2022-06-01,2022-03-01,102,94,3,3,3,KHC,0.05648333492054036,-0.016913229408632935,MAR,0.052136529672640076,0.03634624096891148,TMUS,0.05118680788095512,0.09282889161551644,0.05326889082471185,0.03742063439193166
2022-04,2022-04-01,2022-05-02,2022-04-01,102,94,3,1,1,EXC,0.05807234058566624,-0.02119172795081825,,,,,,,0.05807234058566624,-0.02119172795081825
2022-04,2022-04-01,2022-06-01,2022-04-01,102,94,3,2,1,EXC,0.05807234058566624,0.03948050010918558,,,,,,,0.05807234058566624,0.03948050010918558
2022-04,2022-04-01,2022-07-01,2022-04-01,102,94,3,3,1,EXC,0.05807234058566624,-0.026451287209658725,,,,,,,0.05807234058566624,-0.026451287209658725
2022-04,2022-04-01,2022-05-02,2022-04-01,102,94,3,1,2,EXC,0.05807234058566624,-0.02119172795081825,AZN,0.053137606090582046,-0.005687738647675578,,,,0.05560497333812414,-0.013439733299246914
2022-04,2022-04-01,2022-06-01,2022-04-01,102,94,3,2,2,EXC,0.05807234058566624,0.03948050010918558,AZN,0.053137606090582046,-0.010327779951366689,,,,0.05560497333812414,0.014576360078909445
2022-04,2022-04-01,2022-07-01,2022-04-01,102,94,3,3,2,EXC,0.05807234058566624,-0.026451287209658725,AZN,0.053137606090582046,-0.012872240849053362,,,,0.05560497333812414,-0.019661764029356044
2022-04,2022-04-01,2022-05-02,2022-04-01,102,94,3,1,3,EXC,0.05807234058566624,-0.02119172795081825,AZN,0.053137606090582046,-0.005687738647675578,CRWD,0.052104100285379894,-0.10621027675565153,0.054438015653876064,-0.04436324778471512
2022-04,2022-04-01,2022-06-01,2022-04-01,102,94,3,2,3,EXC,0.05807234058566624,0.03948050010918558,AZN,0.053137606090582046,-0.010327779951366689,CRWD,0.052104100285379894,-0.29141982609869643,0.054438015653876064,-0.08742236864695918
2022-04,2022-04-01,2022-07-01,2022-04-01,102,94,3,3,3,EXC,0.05807234058566624,-0.026451287209658725,AZN,0.053137606090582046,-0.012872240849053362,CRWD,0.052104100285379894,-0.21329824358852956,0.054438015653876064,-0.08420725721574722
2022-05,2022-05-02,2022-06-01,2022-05-02,102,94,3,1,1,DLTR,0.06889105990777471,-0.014506122567914614,,,,,,,0.06889105990777471,-0.014506122567914614
2022-05,2022-05-02,2022-07-01,2022-05-02,102,94,3,2,1,DLTR,0.06889105990777471,-0.04351818091480253,,,,,,,0.06889105990777471,-0.04351818091480253
2022-05,2022-05-02,2022-08-01,2022-05-02,102,94,3,3,1,DLTR,0.06889105990777471,0.020259502140227648,,,,,,,0.06889105990777471,0.020259502140227648
2022-05,2022-05-02,2022-06-01,2022-05-02,102,94,3,1,2,DLTR,0.06889105990777471,-0.014506122567914614,CEG,0.06011331115968414,0.09633707688256554,,,,0.06450218553372943,0.040915477157325464
2022-05,2022-05-02,2022-07-01,2022-05-02,102,94,3,2,2,DLTR,0.06889105990777471,-0.04351818091480253,CEG,0.06011331115968414,-0.007871022648608617,,,,0.06450218553372943,-0.025694601781705573
2022-05,2022-05-02,2022-08-01,2022-05-02,102,94,3,3,2,DLTR,0.06889105990777471,0.020259502140227648,CEG,0.06011331115968414,0.1247575108519492,,,,0.06450218553372943,0.07250850649608842
2022-05,2022-05-02,2022-06-01,2022-05-02,102,94,3,1,3,DLTR,0.06889105990777471,-0.014506122567914614,CEG,0.06011331115968414,0.09633707688256554,KHC,0.05505474213450986,-0.10368243735818883,0.06135303773398957,-0.0072838276811793
2022-05,2022-05-02,2022-07-01,2022-05-02,102,94,3,2,3,DLTR,0.06889105990777471,-0.04351818091480253,CEG,0.06011331115968414,-0.007871022648608617,KHC,0.05505474213450986,-0.0702360671167086,0.06135303773398957,-0.04054175689337325
2022-05,2022-05-02,2022-08-01,2022-05-02,102,94,3,3,3,DLTR,0.06889105990777471,0.020259502140227648,CEG,0.06011331115968414,0.1247575108519492,KHC,0.05505474213450986,-0.09935111069605873,0.06135303773398957,0.01522196743203937
2022-06,2022-06-01,2022-07-01,2022-06-01,102,94,3,1,1,CEG,0.10450031713872739,-0.09505114962224015,,,,,,,0.10450031713872739,-0.09505114962224015
2022-06,2022-06-01,2022-08-01,2022-06-01,102,94,3,2,1,CEG,0.10450031713872739,0.025923080199200532,,,,,,,0.10450031713872739,0.025923080199200532
2022-06,2022-06-01,2022-09-01,2022-06-01,102,94,3,3,1,CEG,0.10450031713872739,0.29878800379542736,,,,,,,0.10450031713872739,0.29878800379542736
2022-06,2022-06-01,2022-07-01,2022-06-01,102,94,3,1,2,CEG,0.10450031713872739,-0.09505114962224015,EXC,0.05645849609241216,-0.06342763266065965,,,,0.08047940661556977,-0.0792393911414499
2022-06,2022-06-01,2022-08-01,2022-06-01,102,94,3,2,2,CEG,0.10450031713872739,0.025923080199200532,EXC,0.05645849609241216,-0.06261422792454063,,,,0.08047940661556977,-0.01834557386267005
2022-06,2022-06-01,2022-09-01,2022-06-01,102,94,3,3,2,CEG,0.10450031713872739,0.29878800379542736,EXC,0.05645849609241216,-0.08962770812186305,,,,0.08047940661556977,0.10458014783678216
2022-06,2022-06-01,2022-07-01,2022-06-01,102,94,3,1,3,CEG,0.10450031713872739,-0.09505114962224015,EXC,0.05645849609241216,-0.06342763266065965,DLTR,0.05047304518194795,-0.029439105621320683,0.07047728613769583,-0.0626392959680735
2022-06,2022-06-01,2022-08-01,2022-06-01,102,94,3,2,3,CEG,0.10450031713872739,0.025923080199200532,EXC,0.05645849609241216,-0.06261422792454063,DLTR,0.05047304518194795,0.03527736245173996,0.07047728613769583,-0.0004712617578667144
2022-06,2022-06-01,2022-09-01,2022-06-01,102,94,3,3,3,CEG,0.10450031713872739,0.29878800379542736,EXC,0.05645849609241216,-0.08962770812186305,DLTR,0.05047304518194795,-0.14676101130492358,0.07047728613769583,0.020799761456213577
2022-07,2022-07-01,2022-08-01,2022-07-01,102,94,3,1,1,PDD,0.15572118900451692,-0.26427030467084445,,,,,,,0.15572118900451692,-0.26427030467084445
2022-07,2022-07-01,2022-09-01,2022-07-01,102,94,3,2,1,PDD,0.15572118900451692,0.10182040273363491,,,,,,,0.15572118900451692,0.10182040273363491
2022-07,2022-07-01,2022-10-03,2022-07-01,102,94,3,3,1,PDD,0.15572118900451692,-0.033477293723569446,,,,,,,0.15572118900451692,-0.033477293723569446
2022-07,2022-07-01,2022-08-01,2022-07-01,102,94,3,1,2,PDD,0.15572118900451692,-0.26427030467084445,JD,0.052380221350202594,-0.10902197855197882,,,,0.10405070517735976,-0.18664614161141163
2022-07,2022-07-01,2022-09-01,2022-07-01,102,94,3,2,2,PDD,0.15572118900451692,0.10182040273363491,JD,0.052380221350202594,-0.04306288370352329,,,,0.10405070517735976,0.029378759515055808
2022-07,2022-07-01,2022-10-03,2022-07-01,102,94,3,3,2,PDD,0.15572118900451692,-0.033477293723569446,JD,0.052380221350202594,-0.24912807568914108,,,,0.10405070517735976,-0.14130268470635526
2022-07,2022-07-01,2022-08-01,2022-07-01,102,94,3,1,3,PDD,0.15572118900451692,-0.26427030467084445,JD,0.052380221350202594,-0.10902197855197882,MNST,0.04828779748854051,0.04123059178422506,0.08546306928108667,-0.11068723047953273
2022-07,2022-07-01,2022-09-01,2022-07-01,102,94,3,2,3,PDD,0.15572118900451692,0.10182040273363491,JD,0.052380221350202594,-0.04306288370352329,MNST,0.04828779748854051,-0.059097119719957125,0.08546306928108667,-0.00011320022994850316
2022-07,2022-07-01,2022-10-03,2022-07-01,102,94,3,3,3,PDD,0.15572118900451692,-0.033477293723569446,JD,0.052380221350202594,-0.24912807568914108,MNST,0.04828779748854051,-0.058357086973004124,0.08546306928108667,-0.11365415212857155
2022-08,2022-08-01,2022-09-01,2022-08-01,102,94,3,1,1,SNPS,0.08965165555255931,-0.10140271490227049,,,,,,,0.08965165555255931,-0.10140271490227049
2022-08,2022-08-01,2022-10-03,2022-08-01,102,94,3,2,1,SNPS,0.08965165555255931,-0.14332044371688113,,,,,,,0.08965165555255931,-0.14332044371688113
2022-08,2022-08-01,2022-11-01,2022-08-01,102,94,3,3,1,SNPS,0.08965165555255931,-0.213075306767593,,,,,,,0.08965165555255931,-0.213075306767593
2022-08,2022-08-01,2022-09-01,2022-08-01,102,94,3,1,2,SNPS,0.08965165555255931,-0.10140271490227049,CDNS,0.0771144420994762,-0.08106355676745547,,,,0.08338304882601776,-0.09123313583486298
2022-08,2022-08-01,2022-10-03,2022-08-01,102,94,3,2,2,SNPS,0.08965165555255931,-0.14332044371688113,CDNS,0.0771144420994762,-0.079766510172815,,,,0.08338304882601776,-0.11154347694484806
2022-08,2022-08-01,2022-11-01,2022-08-01,102,94,3,3,2,SNPS,0.08965165555255931,-0.213075306767593,CDNS,0.0771144420994762,-0.1843385313876782,,,,0.08338304882601776,-0.1987069190776356
2022-08,2022-08-01,2022-09-01,2022-08-01,102,94,3,1,3,SNPS,0.08965165555255931,-0.10140271490227049,CDNS,0.0771144420994762,-0.08106355676745547,KLAC,0.07604715748703612,-0.12278322831907906,0.08093775171302388,-0.10174983332960168
2022-08,2022-08-01,2022-10-03,2022-08-01,102,94,3,2,3,SNPS,0.08965165555255931,-0.14332044371688113,CDNS,0.0771144420994762,-0.079766510172815,KLAC,0.07604715748703612,-0.17633607073612734,0.08093775171302388,-0.13314100820860783
2022-08,2022-08-01,2022-11-01,2022-08-01,102,94,3,3,3,SNPS,0.08965165555255931,-0.213075306767593,CDNS,0.0771144420994762,-0.1843385313876782,KLAC,0.07604715748703612,-0.16423598230361292,0.08093775171302388,-0.18721660681962804
2022-09,2022-09-01,2022-10-03,2022-09-01,102,94,3,1,1,PDD,0.18539180989486173,-0.12279469151372446,,,,,,,0.18539180989486173,-0.12279469151372446
2022-09,2022-09-01,2022-11-01,2022-09-01,102,94,3,2,1,PDD,0.18539180989486173,-0.24544944313537143,,,,,,,0.18539180989486173,-0.24544944313537143
2022-09,2022-09-01,2022-12-01,2022-09-01,102,94,3,3,1,PDD,0.18539180989486173,0.1725007002335821,,,,,,,0.18539180989486173,0.1725007002335821
2022-09,2022-09-01,2022-10-03,2022-09-01,102,94,3,1,2,PDD,0.18539180989486173,-0.12279469151372446,CEG,0.10153324861836717,0.049321357332996474,,,,0.14346252925661446,-0.036736667090363995
2022-09,2022-09-01,2022-11-01,2022-09-01,102,94,3,2,2,PDD,0.18539180989486173,-0.24544944313537143,CEG,0.10153324861836717,0.1575376593417328,,,,0.14346252925661446,-0.04395589189681931
2022-09,2022-09-01,2022-12-01,2022-09-01,102,94,3,3,2,PDD,0.18539180989486173,0.1725007002335821,CEG,0.10153324861836717,0.14656479599253602,,,,0.14346252925661446,0.15953274811305906
2022-09,2022-09-01,2022-10-03,2022-09-01,102,94,3,1,3,PDD,0.18539180989486173,-0.12279469151372446,CEG,0.10153324861836717,0.049321357332996474,TEAM,0.09534922569881117,-0.07688056495695805,0.12742476140401335,-0.05011796637922868
2022-09,2022-09-01,2022-11-01,2022-09-01,102,94,3,2,3,PDD,0.18539180989486173,-0.24544944313537143,CEG,0.10153324861836717,0.1575376593417328,TEAM,0.09534922569881117,-0.18557528157758618,0.12742476140401335,-0.0911623551237416
2022-09,2022-09-01,2022-12-01,2022-09-01,102,94,3,3,3,PDD,0.18539180989486173,0.1725007002335821,CEG,0.10153324861836717,0.14656479599253602,TEAM,0.09534922569881117,-0.4050885532181314,0.12742476140401335,-0.0286743523306711
2022-10,2022-10-03,2022-11-01,2022-10-03,102,94,3,1,1,CEG,0.14965741760344606,0.10312980027756602,,,,,,,0.14965741760344606,0.10312980027756602
2022-10,2022-10-03,2022-12-01,2022-10-03,102,94,3,2,1,CEG,0.14965741760344606,0.09267269552837276,,,,,,,0.14965741760344606,0.09267269552837276
2022-10,2022-10-03,2023-01-03,2022-10-03,102,94,3,3,1,CEG,0.14965741760344606,-0.05260048145742113,,,,,,,0.14965741760344606,-0.05260048145742113
2022-10,2022-10-03,2022-11-01,2022-10-03,102,94,3,1,2,CEG,0.14965741760344606,0.10312980027756602,MELI,0.10527348445053719,0.04198123039211854,,,,0.12746545102699164,0.07255551533484228
2022-10,2022-10-03,2022-12-01,2022-10-03,102,94,3,2,2,CEG,0.14965741760344606,0.09267269552837276,MELI,0.10527348445053719,0.06654201834402906,,,,0.12746545102699164,0.07960735693620091
2022-10,2022-10-03,2023-01-03,2022-10-03,102,94,3,3,2,CEG,0.14965741760344606,-0.05260048145742113,MELI,0.10527348445053719,-0.06368582479748508,,,,0.12746545102699164,-0.05814315312745311
2022-10,2022-10-03,2022-11-01,2022-10-03,102,94,3,1,3,CEG,0.14965741760344606,0.10312980027756602,MELI,0.10527348445053719,0.04198123039211854,NFLX,0.10437537503162171,0.1995900285495884,0.119768759028535,0.11490035307309099
2022-10,2022-10-03,2022-12-01,2022-10-03,102,94,3,2,3,CEG,0.14965741760344606,0.09267269552837276,MELI,0.10527348445053719,0.06654201834402906,NFLX,0.10437537503162171,0.3259287393338004,0.119768759028535,0.1617144844020674
2022-10,2022-10-03,2023-01-03,2022-10-03,102,94,3,3,3,CEG,0.14965741760344606,-0.05260048145742113,MELI,0.10527348445053719,-0.06368582479748508,NFLX,0.10437537503162171,0.2338939787338281,0.119768759028535,0.039202557492973966
2022-11,2022-11-01,2022-12-01,2022-11-01,102,94,3,1,1,CEG,0.1394737718246346,-0.009479487134299247,,,,,,,0.1394737718246346,-0.009479487134299247
2022-11,2022-11-01,2023-01-03,2022-11-01,102,94,3,2,1,CEG,0.1394737718246346,-0.1411713124745635,,,,,,,0.1394737718246346,-0.1411713124745635
2022-11,2022-11-01,2023-02-01,2022-11-01,102,94,3,3,1,CEG,0.1394737718246346,-0.10447397863899555,,,,,,,0.1394737718246346,-0.10447397863899555
2022-11,2022-11-01,2022-12-01,2022-11-01,102,94,3,1,2,CEG,0.1394737718246346,-0.009479487134299247,DXCM,0.1382410024420623,-0.00848456089098304,,,,0.13885738713334844,-0.008982024012641143
2022-11,2022-11-01,2023-01-03,2022-11-01,102,94,3,2,2,CEG,0.1394737718246346,-0.1411713124745635,DXCM,0.1382410024420623,-0.036206296416716244,,,,0.13885738713334844,-0.08868880444563987
2022-11,2022-11-01,2023-02-01,2022-11-01,102,94,3,3,2,CEG,0.1394737718246346,-0.10447397863899555,DXCM,0.1382410024420623,-0.09517810604768584,,,,0.13885738713334844,-0.09982604234334069
2022-11,2022-11-01,2022-12-01,2022-11-01,102,94,3,1,3,CEG,0.1394737718246346,-0.009479487134299247,DXCM,0.1382410024420623,-0.00848456089098304,BIIB,0.11239597389016598,0.07788172008677519,0.13003691605228762,0.019972557353830966
2022-11,2022-11-01,2023-01-03,2022-11-01,102,94,3,2,3,CEG,0.1394737718246346,-0.1411713124745635,DXCM,0.1382410024420623,-0.036206296416716244,BIIB,0.11239597389016598,-0.026460517911749415,0.13003691605228762,-0.06794604226767638
2022-11,2022-11-01,2023-02-01,2022-11-01,102,94,3,3,3,CEG,0.1394737718246346,-0.10447397863899555,DXCM,0.1382410024420623,-0.09517810604768584,BIIB,0.11239597389016598,0.041279807191333395,0.13003691605228762,-0.052790759165116
2022-12,2022-12-01,2023-01-03,2022-12-01,102,94,3,1,1,BIIB,0.1534414519472135,-0.09680304995813882,,,,,,,0.1534414519472135,-0.09680304995813882
2022-12,2022-12-01,2023-02-01,2022-12-01,102,94,3,2,1,BIIB,0.1534414519472135,-0.033957262854866,,,,,,,0.1534414519472135,-0.033957262854866
2022-12,2022-12-01,2023-03-01,2022-12-01,102,94,3,3,1,BIIB,0.1534414519472135,-0.09819451399405588,,,,,,,0.1534414519472135,-0.09819451399405588
2022-12,2022-12-01,2023-01-03,2022-12-01,102,94,3,1,2,BIIB,0.1534414519472135,-0.09680304995813882,DXCM,0.1383950413466988,-0.02795895498172385,,,,0.14591824664695616,-0.062381002469931335
2022-12,2022-12-01,2023-02-01,2022-12-01,102,94,3,2,2,BIIB,0.1534414519472135,-0.033957262854866,DXCM,0.1383950413466988,-0.08743539609893147,,,,0.14591824664695616,-0.060696329476898736
2022-12,2022-12-01,2023-03-01,2022-12-01,102,94,3,3,2,BIIB,0.1534414519472135,-0.09819451399405588,DXCM,0.1383950413466988,-0.06159448206604223,,,,0.14591824664695616,-0.07989449803004905
2022-12,2022-12-01,2023-01-03,2022-12-01,102,94,3,1,3,BIIB,0.1534414519472135,-0.09680304995813882,DXCM,0.1383950413466988,-0.02795895498172385,GILD,0.11712849143134108,-0.020498454519712994,0.13632166157508446,-0.04842015315319189
2022-12,2022-12-01,2023-02-01,2022-12-01,102,94,3,2,3,BIIB,0.1534414519472135,-0.033957262854866,DXCM,0.1383950413466988,-0.08743539609893147,GILD,0.11712849143134108,-0.03644293999655457,0.13632166157508446,-0.052611866316784016
2022-12,2022-12-01,2023-03-01,2022-12-01,102,94,3,3,3,BIIB,0.1534414519472135,-0.09819451399405588,DXCM,0.1383950413466988,-0.06159448206604223,GILD,0.11712849143134108,-0.08702974727783597,0.13632166157508446,-0.08227291444597802
2023-01,2023-01-03,2023-02-01,2023-01-03,101,94,3,1,1,MRNA,0.14598419612515656,-0.026202593985536038,,,,,,,0.14598419612515656,-0.026202593985536038
2023-01,2023-01-03,2023-03-01,2023-01-03,101,94,3,2,1,MRNA,0.14598419612515656,-0.24208056596048055,,,,,,,0.14598419612515656,-0.24208056596048055
2023-01,2023-01-03,2023-04-03,2023-01-03,101,94,3,3,1,MRNA,0.14598419612515656,-0.10900055403579567,,,,,,,0.14598419612515656,-0.10900055403579567
2023-01,2023-01-03,2023-02-01,2023-01-03,101,94,3,1,2,MRNA,0.14598419612515656,-0.026202593985536038,PDD,0.1411718681147732,0.21826576178959445,,,,0.1435780321199649,0.0960315839020292
2023-01,2023-01-03,2023-03-01,2023-01-03,101,94,3,2,2,MRNA,0.14598419612515656,-0.24208056596048055,PDD,0.1411718681147732,0.07701410422621358,,,,0.1435780321199649,-0.08253323086713349
2023-01,2023-01-03,2023-04-03,2023-01-03,101,94,3,3,2,MRNA,0.14598419612515656,-0.10900055403579567,PDD,0.1411718681147732,-0.1146338883395267,,,,0.1435780321199649,-0.11181722118766119
2023-01,2023-01-03,2023-02-01,2023-01-03,101,94,3,1,3,MRNA,0.14598419612515656,-0.026202593985536038,PDD,0.1411718681147732,0.21826576178959445,DXCM,0.12145220928168059,-0.0611871704616026,0.1362027578405368,0.04362533244748527
2023-01,2023-01-03,2023-03-01,2023-01-03,101,94,3,2,3,MRNA,0.14598419612515656,-0.24208056596048055,PDD,0.1411718681147732,0.07701410422621358,DXCM,0.12145220928168059,-0.03460299053903226,0.1362027578405368,-0.06655648409109975
2023-01,2023-01-03,2023-04-03,2023-01-03,101,94,3,3,3,MRNA,0.14598419612515656,-0.10900055403579567,PDD,0.1411718681147732,-0.1146338883395267,DXCM,0.12145220928168059,0.004445171201200804,0.1362027578405368,-0.07306309039137386
2023-02,2023-02-01,2023-03-01,2023-02-01,101,94,3,1,1,PDD,0.26053527273830807,-0.11594486358697842,,,,,,,0.26053527273830807,-0.11594486358697842
2023-02,2023-02-01,2023-04-03,2023-02-01,101,94,3,2,1,PDD,0.26053527273830807,-0.27325700234742045,,,,,,,0.26053527273830807,-0.27325700234742045
2023-02,2023-02-01,2023-05-01,2023-02-01,101,94,3,3,1,PDD,0.26053527273830807,-0.33394839675665544,,,,,,,0.26053527273830807,-0.33394839675665544
2023-02,2023-02-01,2023-03-01,2023-02-01,101,94,3,1,2,PDD,0.26053527273830807,-0.11594486358697842,NVDA,0.18799612032815474,0.08379875863234831,,,,0.22426569653323142,-0.016073052477315053
2023-02,2023-02-01,2023-04-03,2023-02-01,101,94,3,2,2,PDD,0.26053527273830807,-0.27325700234742045,NVDA,0.18799612032815474,0.3355179637367134,,,,0.22426569653323142,0.031130480694646467
2023-02,2023-02-01,2023-05-01,2023-02-01,101,94,3,3,2,PDD,0.26053527273830807,-0.33394839675665544,NVDA,0.18799612032815474,0.3806478230377188,,,,0.22426569653323142,0.02334971314053169
2023-02,2023-02-01,2023-03-01,2023-02-01,101,94,3,1,3,PDD,0.26053527273830807,-0.11594486358697842,NVDA,0.18799612032815474,0.08379875863234831,JD,0.17802054717505675,-0.24375716107130152,0.2088506467471732,-0.09196775534197721
2023-02,2023-02-01,2023-04-03,2023-02-01,101,94,3,2,3,PDD,0.26053527273830807,-0.27325700234742045,NVDA,0.18799612032815474,0.3355179637367134,JD,0.17802054717505675,-0.29882582132637703,0.2088506467471732,-0.07885495331236136
2023-02,2023-02-01,2023-05-01,2023-02-01,101,94,3,3,3,PDD,0.26053527273830807,-0.33394839675665544,NVDA,0.18799612032815474,0.3806478230377188,JD,0.17802054717505675,-0.4042695874064167,0.2088506467471732,-0.11919005370845111
2023-03,2023-03-01,2023-04-03,2023-03-01,101,94,3,1,1,ALGN,0.15834848595469064,0.0609989543923779,,,,,,,0.15834848595469064,0.0609989543923779
2023-03,2023-03-01,2023-05-01,2023-03-01,101,94,3,2,1,ALGN,0.15834848595469064,0.028522308455534384,,,,,,,0.15834848595469064,0.028522308455534384
2023-03,2023-03-01,2023-06-01,2023-03-01,101,94,3,3,1,ALGN,0.15834848595469064,-0.03672247955496344,,,,,,,0.15834848595469064,-0.03672247955496344
2023-03,2023-03-01,2023-04-03,2023-03-01,101,94,3,1,2,ALGN,0.15834848595469064,0.0609989543923779,WBD,0.13607327818345408,-0.01398136030271735,,,,0.14721088206907235,0.023508797044830276
2023-03,2023-03-01,2023-05-01,2023-03-01,101,94,3,2,2,ALGN,0.15834848595469064,0.028522308455534384,WBD,0.13607327818345408,-0.11517978982593347,,,,0.14721088206907235,-0.04332874068519954
2023-03,2023-03-01,2023-06-01,2023-03-01,101,94,3,3,2,ALGN,0.15834848595469064,-0.03672247955496344,WBD,0.13607327818345408,-0.24434087646095648,,,,0.14721088206907235,-0.14053167800795996
2023-03,2023-03-01,2023-04-03,2023-03-01,101,94,3,1,3,ALGN,0.15834848595469064,0.0609989543923779,WBD,0.13607327818345408,-0.01398136030271735,META,0.13193046266672712,0.2286357822427192,0.14211740893495728,0.09188445877745992
2023-03,2023-03-01,2023-05-01,2023-03-01,101,94,3,2,3,ALGN,0.15834848595469064,0.028522308455534384,WBD,0.13607327818345408,-0.11517978982593347,META,0.13193046266672712,0.40226035544692995,0.14211740893495728,0.10520095802551029
2023-03,2023-03-01,2023-06-01,2023-03-01,101,94,3,3,3,ALGN,0.15834848595469064,-0.03672247955496344,WBD,0.13607327818345408,-0.24434087646095648,META,0.13193046266672712,0.5719636972300879,0.14211740893495728,0.09696678040472266
2023-04,2023-04-03,2023-05-01,2023-04-03,101,94,3,1,1,NVDA,0.25968867215635544,0.03379202715831253,,,,,,,0.25968867215635544,0.03379202715831253
2023-04,2023-04-03,2023-06-01,2023-04-03,101,94,3,2,1,NVDA,0.25968867215635544,0.42213459131743813,,,,,,,0.25968867215635544,0.42213459131743813
2023-04,2023-04-03,2023-07-03,2023-04-03,101,94,3,3,1,NVDA,0.25968867215635544,0.5168021054041776,,,,,,,0.25968867215635544,0.5168021054041776
2023-04,2023-04-03,2023-05-01,2023-04-03,101,94,3,1,2,NVDA,0.25968867215635544,0.03379202715831253,TSLA,0.25215306332118764,-0.16912256363319134,,,,0.25592086773877154,-0.0676652682374394
2023-04,2023-04-03,2023-06-01,2023-04-03,101,94,3,2,2,NVDA,0.25968867215635544,0.42213459131743813,TSLA,0.25215306332118764,0.06546182533407041,,,,0.25592086773877154,0.24379820832575427
2023-04,2023-04-03,2023-07-03,2023-04-03,101,94,3,3,2,NVDA,0.25968867215635544,0.5168021054041776,TSLA,0.25215306332118764,0.43666889760284966,,,,0.25592086773877154,0.4767355015035136
2023-04,2023-04-03,2023-05-01,2023-04-03,101,94,3,1,3,NVDA,0.25968867215635544,0.03379202715831253,TSLA,0.25215306332118764,-0.16912256363319134,META,0.1962415978132778,0.14131492482441055,0.23602777776360695,0.001994796116510581
2023-04,2023-04-03,2023-06-01,2023-04-03,101,94,3,2,3,NVDA,0.25968867215635544,0.42213459131743813,TSLA,0.25215306332118764,0.06546182533407041,META,0.1962415978132778,0.2794383168302872,0.23602777776360695,0.2556782444939319
2023-04,2023-04-03,2023-07-03,2023-04-03,101,94,3,3,3,NVDA,0.25968867215635544,0.5168021054041776,TSLA,0.25215306332118764,0.43666889760284966,META,0.1962415978132778,0.3423756361032251,0.23602777776360695,0.43194887970341744
2023-05,2023-05-01,2023-06-01,2023-05-01,101,94,3,1,1,META,0.1675088703267523,0.12102127905418114,,,,,,,0.1675088703267523,0.12102127905418114
2023-05,2023-05-01,2023-07-03,2023-05-01,101,94,3,2,1,META,0.1675088703267523,0.17616584774771726,,,,,,,0.1675088703267523,0.17616584774771726
2023-05,2023-05-01,2023-08-01,2023-05-01,101,94,3,3,1,META,0.1675088703267523,0.3270415812843046,,,,,,,0.1675088703267523,0.3270415812843046
2023-05,2023-05-01,2023-06-01,2023-05-01,101,94,3,1,2,META,0.1675088703267523,0.12102127905418114,NVDA,0.11661573078054784,0.37564863527396475,,,,0.14206230055365007,0.24833495716407294
2023-05,2023-05-01,2023-07-03,2023-05-01,101,94,3,2,2,META,0.1675088703267523,0.17616584774771726,NVDA,0.11661573078054784,0.4672217095478701,,,,0.14206230055365007,0.3216937786477937
2023-05,2023-05-01,2023-08-01,2023-05-01,101,94,3,3,2,META,0.1675088703267523,0.3270415812843046,NVDA,0.11661573078054784,0.6088485820879075,,,,0.14206230055365007,0.46794508168610605
2023-05,2023-05-01,2023-06-01,2023-05-01,101,94,3,1,3,META,0.1675088703267523,0.12102127905418114,NVDA,0.11661573078054784,0.37564863527396475,ISRG,0.07182225631640952,0.02481690912776946,0.1186489524745699,0.17382894115197178
2023-05,2023-05-01,2023-07-03,2023-05-01,101,94,3,2,3,META,0.1675088703267523,0.17616584774771726,NVDA,0.11661573078054784,0.4672217095478701,ISRG,0.07182225631640952,0.10893674002521214,0.1186489524745699,0.25077476577359986
2023-05,2023-05-01,2023-08-01,2023-05-01,101,94,3,3,3,META,0.1675088703267523,0.3270415812843046,NVDA,0.11661573078054784,0.6088485820879075,ISRG,0.07182225631640952,0.06907142747079642,0.1186489524745699,0.3349871969476695
2023-06,2023-06-01,2023-07-03,2023-06-01,101,94,3,1,1,NVDA,0.21389902299441999,0.06656719741205452,,,,,,,0.21389902299441999,0.06656719741205452
2023-06,2023-06-01,2023-08-01,2023-06-01,101,94,3,2,1,NVDA,0.21389902299441999,0.1695199928486828,,,,,,,0.21389902299441999,0.1695199928486828
2023-06,2023-06-01,2023-09-01,2023-06-01,101,94,3,3,1,NVDA,0.21389902299441999,0.2198647080858669,,,,,,,0.21389902299441999,0.2198647080858669
2023-06,2023-06-01,2023-07-03,2023-06-01,101,94,3,1,2,NVDA,0.21389902299441999,0.06656719741205452,AMD,0.16474940035929223,-0.03055161537276685,,,,0.1893242116768561,0.018007791019643837
2023-06,2023-06-01,2023-08-01,2023-06-01,101,94,3,2,2,NVDA,0.21389902299441999,0.1695199928486828,AMD,0.16474940035929223,-0.015652487883778265,,,,0.1893242116768561,0.07693375248245227
2023-06,2023-06-01,2023-09-01,2023-06-01,101,94,3,3,2,NVDA,0.21389902299441999,0.2198647080858669,AMD,0.16474940035929223,-0.08387046262727038,,,,0.1893242116768561,0.06799712272929825
2023-06,2023-06-01,2023-07-03,2023-06-01,101,94,3,1,3,NVDA,0.21389902299441999,0.06656719741205452,AMD,0.16474940035929223,-0.03055161537276685,META,0.16365732870710362,0.04919136659034917,0.18076858402027193,0.028402316209878948
2023-06,2023-06-01,2023-08-01,2023-06-01,101,94,3,2,3,NVDA,0.21389902299441999,0.1695199928486828,AMD,0.16474940035929223,-0.015652487883778265,META,0.16365732870710362,0.18377911827324578,0.18076858402027193,0.11254887441271677
2023-06,2023-06-01,2023-09-01,2023-06-01,101,94,3,3,3,NVDA,0.21389902299441999,0.2198647080858669,AMD,0.16474940035929223,-0.08387046262727038,META,0.16365732870710362,0.08719439050340294,0.18076858402027193,0.07439621198733315
2023-07,2023-07-03,2023-08-01,2023-07-03,101,95,3,1,1,MRVL,0.16212667051568816,0.07573281169676771,,,,,,,0.16212667051568816,0.07573281169676771
2023-07,2023-07-03,2023-09-01,2023-07-03,101,95,3,2,1,MRVL,0.16212667051568816,-0.05447117549844338,,,,,,,0.16212667051568816,-0.05447117549844338
2023-07,2023-07-03,2023-10-02,2023-07-03,101,95,3,3,1,MRVL,0.16212667051568816,-0.10929377469318435,,,,,,,0.16212667051568816,-0.10929377469318435
2023-07,2023-07-03,2023-08-01,2023-07-03,101,95,3,1,2,MRVL,0.16212667051568816,0.07573281169676771,NVDA,0.15866928661477728,0.09652724712182748,,,,0.16039797856523272,0.08613002940929759
2023-07,2023-07-03,2023-09-01,2023-07-03,101,95,3,2,2,MRVL,0.16212667051568816,-0.05447117549844338,NVDA,0.15866928661477728,0.14372981941107632,,,,0.16039797856523272,0.04462932195631647
2023-07,2023-07-03,2023-10-02,2023-07-03,101,95,3,3,2,MRVL,0.16212667051568816,-0.10929377469318435,NVDA,0.15866928661477728,0.05594278027731159,,,,0.16039797856523272,-0.026675497207936383
2023-07,2023-07-03,2023-08-01,2023-07-03,101,95,3,1,3,MRVL,0.16212667051568816,0.07573281169676771,NVDA,0.15866928661477728,0.09652724712182748,TSLA,0.15387030757634992,-0.06700736012159048,0.15822208823560513,0.03508423289900157
2023-07,2023-07-03,2023-09-01,2023-07-03,101,95,3,2,3,MRVL,0.16212667051568816,-0.05447117549844338,NVDA,0.15866928661477728,0.14372981941107632,TSLA,0.15387030757634992,-0.12440144345021587,0.15822208823560513,-0.011714266512527641
2023-07,2023-07-03,2023-10-02,2023-07-03,101,95,3,3,3,MRVL,0.16212667051568816,-0.10929377469318435,NVDA,0.15866928661477728,0.05594278027731159,TSLA,0.15387030757634992,-0.10085054850279351,0.15822208823560513,-0.05140051430622209
2023-08,2023-08-01,2023-09-01,2023-08-01,101,96,3,1,1,ZS,0.2393404610343013,-0.027149865393676254,,,,,,,0.2393404610343013,-0.027149865393676254
2023-08,2023-08-01,2023-10-02,2023-08-01,101,96,3,2,1,ZS,0.2393404610343013,-0.011732209006790617,,,,,,,0.2393404610343013,-0.011732209006790617
2023-08,2023-08-01,2023-11-01,2023-08-01,101,96,3,3,1,ZS,0.2393404610343013,-0.037776468304599575,,,,,,,0.2393404610343013,-0.037776468304599575
2023-08,2023-08-01,2023-09-01,2023-08-01,101,96,3,1,2,ZS,0.2393404610343013,-0.027149865393676254,DDOG,0.21889510987632255,-0.149804210948019,,,,0.22911778545531192,-0.08847703817084762
2023-08,2023-08-01,2023-10-02,2023-08-01,101,96,3,2,2,ZS,0.2393404610343013,-0.011732209006790617,DDOG,0.21889510987632255,-0.2010439427915528,,,,0.22911778545531192,-0.10638807589917171
2023-08,2023-08-01,2023-11-01,2023-08-01,101,96,3,3,2,ZS,0.2393404610343013,-0.037776468304599575,DDOG,0.21889510987632255,-0.30317528838050156,,,,0.22911778545531192,-0.17047587834255057
2023-08,2023-08-01,2023-09-01,2023-08-01,101,96,3,1,3,ZS,0.2393404610343013,-0.027149865393676254,DDOG,0.21889510987632255,-0.149804210948019,MRVL,0.2023142639588944,-0.12103747861872749,0.2201832782898394,-0.0993305183201409
2023-08,2023-08-01,2023-10-02,2023-08-01,101,96,3,2,3,ZS,0.2393404610343013,-0.011732209006790617,DDOG,0.21889510987632255,-0.2010439427915528,MRVL,0.2023142639588944,-0.17200050456591276,0.2201832782898394,-0.12825888545475206
2023-08,2023-08-01,2023-11-01,2023-08-01,101,96,3,3,3,ZS,0.2393404610343013,-0.037776468304599575,DDOG,0.21889510987632255,-0.30317528838050156,MRVL,0.2023142639588944,-0.27569014280266513,0.2201832782898394,-0.20554729982925543
2023-09,2023-09-01,2023-10-02,2023-09-01,101,96,3,1,1,PDD,0.14735810946081962,-0.035046981455083226,,,,,,,0.14735810946081962,-0.035046981455083226
2023-09,2023-09-01,2023-11-01,2023-09-01,101,96,3,2,1,PDD,0.14735810946081962,-0.0034853384370281404,,,,,,,0.14735810946081962,-0.0034853384370281404
2023-09,2023-09-01,2023-12-01,2023-09-01,101,96,3,3,1,PDD,0.14735810946081962,0.4064285311727869,,,,,,,0.14735810946081962,0.4064285311727869
2023-09,2023-09-01,2023-10-02,2023-09-01,101,96,3,1,2,PDD,0.14735810946081962,-0.035046981455083226,ODFL,0.11252430143732044,-0.07412682894960287,,,,0.12994120544907004,-0.05458690520234305
2023-09,2023-09-01,2023-11-01,2023-09-01,101,96,3,2,2,PDD,0.14735810946081962,-0.0034853384370281404,ODFL,0.11252430143732044,-0.10292343080337463,,,,0.12994120544907004,-0.053204384620201384
2023-09,2023-09-01,2023-12-01,2023-09-01,101,96,3,3,2,PDD,0.14735810946081962,0.4064285311727869,ODFL,0.11252430143732044,-0.06827118041090463,,,,0.12994120544907004,0.16907867538094112
2023-09,2023-09-01,2023-10-02,2023-09-01,101,96,3,1,3,PDD,0.14735810946081962,-0.035046981455083226,ODFL,0.11252430143732044,-0.07412682894960287,ADBE,0.09812014795603652,-0.07471460991133916,0.11933418628472553,-0.061296140105341755
2023-09,2023-09-01,2023-11-01,2023-09-01,101,96,3,2,3,PDD,0.14735810946081962,-0.0034853384370281404,ODFL,0.11252430143732044,-0.10292343080337463,ADBE,0.09812014795603652,-0.03322032855012769,0.11933418628472553,-0.04654303259684348
2023-09,2023-09-01,2023-12-01,2023-09-01,101,96,3,3,3,PDD,0.14735810946081962,0.4064285311727869,ODFL,0.11252430143732044,-0.06827118041090463,ADBE,0.09812014795603652,0.0874628412291647,0.11933418628472553,0.14187339733034898
2023-10,2023-10-02,2023-11-01,2023-10-02,101,96,3,1,1,PDD,0.12506158491322725,0.03270795822334227,,,,,,,0.12506158491322725,0.03270795822334227
2023-10,2023-10-02,2023-12-01,2023-10-02,101,96,3,2,1,PDD,0.12506158491322725,0.45750985192376015,,,,,,,0.12506158491322725,0.45750985192376015
2023-10,2023-10-02,2024-01-02,2023-10-02,101,96,3,3,1,PDD,0.12506158491322725,0.46122205342857336,,,,,,,0.12506158491322725,0.46122205342857336
2023-10,2023-10-02,2023-11-01,2023-10-02,101,96,3,1,2,PDD,0.12506158491322725,0.03270795822334227,AMGN,0.06129736354304708,-0.020540054504179728,,,,0.09317947422813716,0.006083951859581271
2023-10,2023-10-02,2023-12-01,2023-10-02,101,96,3,2,2,PDD,0.12506158491322725,0.45750985192376015,AMGN,0.06129736354304708,0.03110000427518189,,,,0.09317947422813716,0.24430492809947102
2023-10,2023-10-02,2024-01-02,2023-10-02,101,96,3,3,2,PDD,0.12506158491322725,0.46122205342857336,AMGN,0.06129736354304708,0.12548623924293434,,,,0.09317947422813716,0.29335414633575385
2023-10,2023-10-02,2023-11-01,2023-10-02,101,96,3,1,3,PDD,0.12506158491322725,0.03270795822334227,AMGN,0.06129736354304708,-0.020540054504179728,CHTR,0.060715285385869976,-0.0729532274444128,0.08235807794738144,-0.020261774575083418
2023-10,2023-10-02,2023-12-01,2023-10-02,101,96,3,2,3,PDD,0.12506158491322725,0.45750985192376015,AMGN,0.06129736354304708,0.03110000427518189,CHTR,0.060715285385869976,-0.08353478878634546,0.08235807794738144,0.13502502247086554
2023-10,2023-10-02,2024-01-02,2023-10-02,101,96,3,3,3,PDD,0.12506158491322725,0.46122205342857336,AMGN,0.06129736354304708,0.12548623924293434,CHTR,0.060715285385869976,-0.10716075310005702,0.08235807794738144,0.15984917985715022
2023-11,2023-11-01,2023-12-01,2023-11-01,101,96,3,1,1,CEG,0.06329034960245816,0.046214720386232866,,,,,,,0.06329034960245816,0.046214720386232866
2023-11,2023-11-01,2024-01-02,2023-11-01,101,96,3,2,1,CEG,0.06329034960245816,0.00580795749228491,,,,,,,0.06329034960245816,0.00580795749228491
2023-11,2023-11-01,2024-02-01,2023-11-01,101,96,3,3,1,CEG,0.06329034960245816,0.11385036416890326,,,,,,,0.06329034960245816,0.11385036416890326
2023-11,2023-11-01,2023-12-01,2023-11-01,101,96,3,1,2,CEG,0.06329034960245816,0.046214720386232866,PDD,0.04806039335206347,0.4113475550544239,,,,0.055675371477260815,0.22878113772032838
2023-11,2023-11-01,2024-01-02,2023-11-01,101,96,3,2,2,CEG,0.06329034960245816,0.00580795749228491,PDD,0.04806039335206347,0.4149421835989735,,,,0.055675371477260815,0.2103750705456292
2023-11,2023-11-01,2024-02-01,2023-11-01,101,96,3,3,2,CEG,0.06329034960245816,0.11385036416890326,PDD,0.04806039335206347,0.22986491754168492,,,,0.055675371477260815,0.1718576408552941
2023-11,2023-11-01,2023-12-01,2023-11-01,101,96,3,1,3,CEG,0.06329034960245816,0.046214720386232866,PDD,0.04806039335206347,0.4113475550544239,AMGN,0.04391781657036505,0.05272299190674956,0.05175618650829556,0.1700950891158021
2023-11,2023-11-01,2024-01-02,2023-11-01,101,96,3,2,3,CEG,0.06329034960245816,0.00580795749228491,PDD,0.04806039335206347,0.4149421835989735,AMGN,0.04391781657036505,0.1490885813336582,0.05175618650829556,0.18994624080830555
2023-11,2023-11-01,2024-02-01,2023-11-01,101,96,3,3,3,CEG,0.06329034960245816,0.11385036416890326,PDD,0.04806039335206347,0.22986491754168492,AMGN,0.04391781657036505,0.25407132935233,0.05175618650829556,0.1992622036876394
2023-12,2023-12-01,2024-01-02,2023-12-01,101,96,3,1,1,CRWD,0.1404358337353575,0.05046164605348369,,,,,,,0.1404358337353575,0.05046164605348369
2023-12,2023-12-01,2024-02-01,2023-12-01,101,96,3,2,1,CRWD,0.1404358337353575,0.27375227278245706,,,,,,,0.1404358337353575,0.27375227278245706
2023-12,2023-12-01,2024-03-01,2023-12-01,101,96,3,3,1,CRWD,0.1404358337353575,0.3385525581308382,,,,,,,0.1404358337353575,0.3385525581308382
2023-12,2023-12-01,2024-01-02,2023-12-01,101,96,3,1,2,CRWD,0.1404358337353575,0.05046164605348369,PDD,0.13633617727422764,0.0025469477958681708,,,,0.13838600550479258,0.02650429692467593
2023-12,2023-12-01,2024-02-01,2023-12-01,101,96,3,2,2,CRWD,0.1404358337353575,0.27375227278245706,PDD,0.13633617727422764,-0.12858819704813285,,,,0.13838600550479258,0.07258203786716211
2023-12,2023-12-01,2024-03-01,2023-12-01,101,96,3,3,2,CRWD,0.1404358337353575,0.3385525581308382,PDD,0.13633617727422764,-0.12679841162386307,,,,0.13838600550479258,0.10587707325348755
2023-12,2023-12-01,2024-01-02,2023-12-01,101,96,3,1,3,CRWD,0.1404358337353575,0.05046164605348369,PDD,0.13633617727422764,0.0025469477958681708,DDOG,0.09759993044076225,-0.029843203789922113,0.1247906471501158,0.0077217966864765826
2023-12,2023-12-01,2024-02-01,2023-12-01,101,96,3,2,3,CRWD,0.1404358337353575,0.27375227278245706,PDD,0.13633617727422764,-0.12858819704813285,DDOG,0.09759993044076225,0.06980271950411376,0.1247906471501158,0.07165559841281266
2023-12,2023-12-01,2024-03-01,2023-12-01,101,96,3,3,3,CRWD,0.1404358337353575,0.3385525581308382,PDD,0.13633617727422764,-0.12679841162386307,DDOG,0.09759993044076225,0.09779125110039955,0.1247906471501158,0.10318179920245822
2024-01,2024-01-02,2024-02-01,2024-01-02,101,96,3,1,1,PDD,0.14886748702454478,-0.1308019989810012,,,,,,,0.14886748702454478,-0.1308019989810012
2024-01,2024-01-02,2024-03-01,2024-01-02,101,96,3,2,1,PDD,0.14886748702454478,-0.12901676046603217,,,,,,,0.14886748702454478,-0.12901676046603217
2024-01,2024-01-02,2024-04-01,2024-01-02,101,96,3,3,1,PDD,0.14886748702454478,-0.18181815324438377,,,,,,,0.14886748702454478,-0.18181815324438377
2024-01,2024-01-02,2024-02-01,2024-01-02,101,96,3,1,2,PDD,0.14886748702454478,-0.1308019989810012,CRWD,0.14007596153291665,0.21256428311101305,,,,0.14447172427873073,0.040881142065005927
2024-01,2024-01-02,2024-03-01,2024-01-02,101,96,3,2,2,PDD,0.14886748702454478,-0.12901676046603217,CRWD,0.14007596153291665,0.2742517189082472,,,,0.14447172427873073,0.0726174792211075
2024-01,2024-01-02,2024-04-01,2024-01-02,101,96,3,3,2,PDD,0.14886748702454478,-0.18181815324438377,CRWD,0.14007596153291665,0.29446310959523747,,,,0.14447172427873073,0.05632247817542685
2024-01,2024-01-02,2024-02-01,2024-01-02,101,96,3,1,3,PDD,0.14886748702454478,-0.1308019989810012,CRWD,0.14007596153291665,0.21256428311101305,DLTR,0.10889171696880633,-0.04847754124310433,0.13261172184208928,0.011094914295635841
2024-01,2024-01-02,2024-03-01,2024-01-02,101,96,3,2,3,PDD,0.14886748702454478,-0.12901676046603217,CRWD,0.14007596153291665,0.2742517189082472,DLTR,0.10889171696880633,0.04139195617492297,0.13261172184208928,0.062208971539046
2024-01,2024-01-02,2024-04-01,2024-01-02,101,96,3,3,3,PDD,0.14886748702454478,-0.18181815324438377,CRWD,0.14007596153291665,0.29446310959523747,DLTR,0.10889171696880633,-0.046513188833357755,0.13261172184208928,0.02204392250583198
2024-02,2024-02-01,2024-03-01,2024-02-01,101,96,3,1,1,CRWD,0.19360931726485306,0.05087353854672827,,,,,,,0.19360931726485306,0.05087353854672827
2024-02,2024-02-01,2024-04-01,2024-02-01,101,96,3,2,1,CRWD,0.19360931726485306,0.06754184303870558,,,,,,,0.19360931726485306,0.06754184303870558
2024-02,2024-02-01,2024-05-01,2024-02-01,101,96,3,3,1,CRWD,0.19360931726485306,-0.013127543641248574,,,,,,,0.19360931726485306,-0.013127543641248574
2024-02,2024-02-01,2024-03-01,2024-02-01,101,96,3,1,2,CRWD,0.19360931726485306,0.05087353854672827,DDOG,0.18458896276140058,0.026162329825875963,,,,0.18909914001312683,0.038517934186302116
2024-02,2024-02-01,2024-04-01,2024-02-01,101,96,3,2,2,CRWD,0.19360931726485306,0.06754184303870558,DDOG,0.18458896276140058,-0.029550827067840957,,,,0.18909914001312683,0.018995507985432314
2024-02,2024-02-01,2024-05-01,2024-02-01,101,96,3,3,2,CRWD,0.19360931726485306,-0.013127543641248574,DDOG,0.18458896276140058,-0.003782532318060583,,,,0.18909914001312683,-0.008455037979654578
2024-02,2024-02-01,2024-03-01,2024-02-01,101,96,3,1,3,CRWD,0.19360931726485306,0.05087353854672827,DDOG,0.18458896276140058,0.026162329825875963,AMD,0.1651223131366998,0.18864385539701356,0.18110686438765114,0.08855990792320594
2024-02,2024-02-01,2024-04-01,2024-02-01,101,96,3,2,3,CRWD,0.19360931726485306,0.06754184303870558,DDOG,0.18458896276140058,-0.029550827067840957,AMD,0.1651223131366998,0.07543407398311075,0.18110686438765114,0.03780836331799179
2024-02,2024-02-01,2024-05-01,2024-02-01,101,96,3,3,3,CRWD,0.19360931726485306,-0.013127543641248574,DDOG,0.18458896276140058,-0.003782532318060583,AMD,0.1651223131366998,-0.15374232820234757,0.18110686438765114,-0.05688413472055224
2024-03,2024-03-01,2024-04-01,2024-03-01,101,96,3,1,1,NVDA,0.2146768731501787,0.09830270786516326,,,,,,,0.2146768731501787,0.09830270786516326
2024-03,2024-03-01,2024-05-01,2024-03-01,101,96,3,2,1,NVDA,0.2146768731501787,0.009308394023976874,,,,,,,0.2146768731501787,0.009308394023976874
2024-03,2024-03-01,2024-06-03,2024-03-01,101,96,3,3,1,NVDA,0.2146768731501787,0.3977490641249364,,,,,,,0.2146768731501787,0.3977490641249364
2024-03,2024-03-01,2024-04-01,2024-03-01,101,96,3,1,2,NVDA,0.2146768731501787,0.09830270786516326,AMD,0.18681515460313106,-0.0952428104514873,,,,0.20074601387665486,0.0015299487068379802
2024-03,2024-03-01,2024-05-01,2024-03-01,101,96,3,2,2,NVDA,0.2146768731501787,0.009308394023976874,AMD,0.18681515460313106,-0.2880477462149521,,,,0.20074601387665486,-0.13936967609548762
2024-03,2024-03-01,2024-06-03,2024-03-01,101,96,3,3,2,NVDA,0.2146768731501787,0.3977490641249364,AMD,0.18681515460313106,-0.1929036540447575,,,,0.20074601387665486,0.10242270504008943
2024-03,2024-03-01,2024-04-01,2024-03-01,101,96,3,1,3,NVDA,0.2146768731501787,0.09830270786516326,AMD,0.18681515460313106,-0.0952428104514873,META,0.1599431224831717,-0.021799617119948933,0.18714505007882712,-0.006246573235424324
2024-03,2024-03-01,2024-05-01,2024-03-01,101,96,3,2,3,NVDA,0.2146768731501787,0.009308394023976874,AMD,0.18681515460313106,-0.2880477462149521,META,0.1599431224831717,-0.12564198337846655,0.18714505007882712,-0.13479377852314725
2024-03,2024-03-01,2024-06-03,2024-03-01,101,96,3,3,3,NVDA,0.2146768731501787,0.3977490641249364,AMD,0.18681515460313106,-0.1929036540447575,META,0.1599431224831717,-0.0493928010609469,0.18714505007882712,0.05181753633974399
2024-04,2024-04-01,2024-05-01,2024-04-01,101,97,3,1,1,NVDA,0.23741397608025597,-0.0810289487623772,,,,,,,0.23741397608025597,-0.0810289487623772
2024-04,2024-04-01,2024-06-03,2024-04-01,101,97,3,2,1,NVDA,0.23741397608025597,0.2726446489800838,,,,,,,0.23741397608025597,0.2726446489800838
2024-04,2024-04-01,2024-07-01,2024-04-01,101,97,3,3,1,NVDA,0.23741397608025597,0.37567601527604855,,,,,,,0.23741397608025597,0.37567601527604855
2024-04,2024-04-01,2024-05-01,2024-04-01,101,97,3,1,2,NVDA,0.23741397608025597,-0.0810289487623772,CEG,0.17851000348488358,-0.007635451159629714,,,,0.20796198978256977,-0.04433219996100346
2024-04,2024-04-01,2024-06-03,2024-04-01,101,97,3,2,2,NVDA,0.23741397608025597,0.2726446489800838,CEG,0.17851000348488358,0.12150936765029208,,,,0.20796198978256977,0.19707700831518793
2024-04,2024-04-01,2024-07-01,2024-04-01,101,97,3,3,2,NVDA,0.23741397608025597,0.37567601527604855,CEG,0.17851000348488358,0.10422327121546271,,,,0.20796198978256977,0.23994964324575563
2024-04,2024-04-01,2024-05-01,2024-04-01,101,97,3,1,3,NVDA,0.23741397608025597,-0.0810289487623772,CEG,0.17851000348488358,-0.007635451159629714,MU,0.15292280606371236,-0.11745792202631533,0.18961559520961732,-0.06870744064944075
2024-04,2024-04-01,2024-06-03,2024-04-01,101,97,3,2,3,NVDA,0.23741397608025597,0.2726446489800838,CEG,0.17851000348488358,0.12150936765029208,MU,0.15292280606371236,0.03113435612320714,0.18961559520961732,0.141762790917861
2024-04,2024-04-01,2024-07-01,2024-04-01,101,97,3,3,3,NVDA,0.23741397608025597,0.37567601527604855,CEG,0.17851000348488358,0.10422327121546271,MU,0.15292280606371236,0.05808530244101906,0.18961559520961732,0.17932819631084343
2024-05,2024-05-01,2024-06-03,2024-05-01,101,97,3,1,1,CEG,0.14015867828076942,0.13013848485502044,,,,,,,0.14015867828076942,0.13013848485502044
2024-05,2024-05-01,2024-07-01,2024-05-01,101,97,3,2,1,CEG,0.14015867828076942,0.1127193857396509,,,,,,,0.14015867828076942,0.1127193857396509
2024-05,2024-05-01,2024-08-01,2024-05-01,101,97,3,3,1,CEG,0.14015867828076942,-0.0364030377323038,,,,,,,0.14015867828076942,-0.0364030377323038
2024-05,2024-05-01,2024-06-03,2024-05-01,101,97,3,1,2,CEG,0.14015867828076942,0.13013848485502044,NVDA,0.10757667475005002,0.3848582577940314,,,,0.12386767651540972,0.2574983713245259
2024-05,2024-05-01,2024-07-01,2024-05-01,101,97,3,2,2,CEG,0.14015867828076942,0.1127193857396509,NVDA,0.10757667475005002,0.49697426640736864,,,,0.12386767651540972,0.30484682607350977
2024-05,2024-05-01,2024-08-01,2024-05-01,101,97,3,3,2,CEG,0.14015867828076942,-0.0364030377323038,NVDA,0.10757667475005002,0.3152416463742562,,,,0.12386767651540972,0.1394193043209762
2024-05,2024-05-01,2024-06-03,2024-05-01,101,97,3,1,3,CEG,0.14015867828076942,0.13013848485502044,NVDA,0.10757667475005002,0.3848582577940314,MU,0.10053231238864291,0.16836849126864317,0.11608922180648745,0.22778841130589833
2024-05,2024-05-01,2024-07-01,2024-05-01,101,97,3,2,3,CEG,0.14015867828076942,0.1127193857396509,NVDA,0.10757667475005002,0.49697426640736864,MU,0.10053231238864291,0.1989063511514162,0.11608922180648745,0.2695333344328119
2024-05,2024-05-01,2024-08-01,2024-05-01,101,97,3,3,3,CEG,0.14015867828076942,-0.0364030377323038,NVDA,0.10757667475005002,0.3152416463742562,MU,0.10053231238864291,-0.07384861538530496,0.11608922180648745,0.06832999775221582
2024-06,2024-06-03,2024-07-01,2024-06-03,101,97,3,1,1,MRNA,0.16419518109700926,-0.21560011363059228,,,,,,,0.16419518109700926,-0.21560011363059228
2024-06,2024-06-03,2024-08-01,2024-06-03,101,97,3,2,1,MRNA,0.16419518109700926,-0.3629414591869218,,,,,,,0.16419518109700926,-0.3629414591869218
2024-06,2024-06-03,2024-09-03,2024-06-03,101,97,3,3,1,MRNA,0.16419518109700926,-0.5065620428402198,,,,,,,0.16419518109700926,-0.5065620428402198
2024-06,2024-06-03,2024-07-01,2024-06-03,101,97,3,1,2,MRNA,0.16419518109700926,-0.21560011363059228,NVDA,0.13404400563227248,0.08095847209080365,,,,0.14911959336464087,-0.06732082076989432
2024-06,2024-06-03,2024-08-01,2024-06-03,101,97,3,2,2,MRNA,0.16419518109700926,-0.3629414591869218,NVDA,0.13404400563227248,-0.05026984604956519,,,,0.14911959336464087,-0.20660565261824348
2024-06,2024-06-03,2024-09-03,2024-06-03,101,97,3,3,2,MRNA,0.16419518109700926,-0.5065620428402198,NVDA,0.13404400563227248,-0.06079243816308011,,,,0.14911959336464087,-0.28367724050164994
2024-06,2024-06-03,2024-07-01,2024-06-03,101,97,3,1,3,MRNA,0.16419518109700926,-0.21560011363059228,NVDA,0.13404400563227248,0.08095847209080365,MU,0.11950997737342328,0.0261371819858085,0.13924972136756833,-0.036168153184660046
2024-06,2024-06-03,2024-08-01,2024-06-03,101,97,3,2,3,MRNA,0.16419518109700926,-0.3629414591869218,NVDA,0.13404400563227248,-0.05026984604956519,MU,0.11950997737342328,-0.20731225504972572,0.13924972136756833,-0.2068411867620709
2024-06,2024-06-03,2024-09-03,2024-06-03,101,97,3,3,3,MRNA,0.16419518109700926,-0.5065620428402198,NVDA,0.13404400563227248,-0.06079243816308011,MU,0.11950997737342328,-0.30828218799183404,0.13924972136756833,-0.29187888966504466
2024-07,2024-07-01,2024-08-01,2024-07-01,101,97,3,1,1,NVDA,0.12826259370748594,-0.12139996265216868,,,,,,,0.12826259370748594,-0.12139996265216868
2024-07,2024-07-01,2024-09-03,2024-07-01,101,97,3,2,1,NVDA,0.12826259370748594,-0.13113446437929044,,,,,,,0.12826259370748594,-0.13113446437929044
2024-07,2024-07-01,2024-10-01,2024-07-01,101,97,3,3,1,NVDA,0.12826259370748594,-0.05864840488200407,,,,,,,0.12826259370748594,-0.05864840488200407
2024-07,2024-07-01,2024-08-01,2024-07-01,101,97,3,1,2,NVDA,0.12826259370748594,-0.12139996265216868,ARM,0.11144311239327469,-0.2349682003688508,,,,0.11985285305038032,-0.17818408151050974
2024-07,2024-07-01,2024-09-03,2024-07-01,101,97,3,2,2,NVDA,0.12826259370748594,-0.13113446437929044,ARM,0.11144311239327469,-0.22092805869642895,,,,0.11985285305038032,-0.1760312615378597
2024-07,2024-07-01,2024-10-01,2024-07-01,101,97,3,3,2,NVDA,0.12826259370748594,-0.05864840488200407,ARM,0.11144311239327469,-0.1432349035933329,,,,0.11985285305038032,-0.10094165423766849
2024-07,2024-07-01,2024-08-01,2024-07-01,101,97,3,1,3,NVDA,0.12826259370748594,-0.12139996265216868,ARM,0.11144311239327469,-0.2349682003688508,AAPL,0.08680946610153235,0.0074280074642525395,0.10883839073409766,-0.11631338518558898
2024-07,2024-07-01,2024-09-03,2024-07-01,101,97,3,2,3,NVDA,0.12826259370748594,-0.13113446437929044,ARM,0.11144311239327469,-0.22092805869642895,AAPL,0.08680946610153235,0.02896367150152579,0.10883839073409766,-0.10769961719139787
2024-07,2024-07-01,2024-10-01,2024-07-01,101,97,3,3,3,NVDA,0.12826259370748594,-0.05864840488200407,ARM,0.11144311239327469,-0.1432349035933329,AAPL,0.08680946610153235,0.04485289001711967,0.10883839073409766,-0.05234347281940577
2024-08,2024-08-01,2024-09-03,2024-08-01,101,98,3,1,1,CHTR,0.13660614621242786,-0.081040898994726,,,,,,,0.13660614621242786,-0.081040898994726
2024-08,2024-08-01,2024-10-01,2024-08-01,101,98,3,2,1,CHTR,0.13660614621242786,-0.1273841124178945,,,,,,,0.13660614621242786,-0.1273841124178945
2024-08,2024-08-01,2024-11-01,2024-08-01,101,98,3,3,1,CHTR,0.13660614621242786,-0.027800649792799947,,,,,,,0.13660614621242786,-0.027800649792799947
2024-08,2024-08-01,2024-09-03,2024-08-01,101,98,3,1,2,CHTR,0.13660614621242786,-0.081040898994726,ARM,0.11617136476462915,0.01835236349546676,,,,0.12638875548852851,-0.03134426774962962
2024-08,2024-08-01,2024-10-01,2024-08-01,101,98,3,2,2,CHTR,0.13660614621242786,-0.1273841124178945,ARM,0.11617136476462915,0.11990782189674487,,,,0.12638875548852851,-0.00373814526057481
2024-08,2024-08-01,2024-11-01,2024-08-01,101,98,3,3,2,CHTR,0.13660614621242786,-0.027800649792799947,ARM,0.11617136476462915,0.16434855765140477,,,,0.12638875548852851,0.06827395392930241
2024-08,2024-08-01,2024-09-03,2024-08-01,101,98,3,1,3,CHTR,0.13660614621242786,-0.081040898994726,ARM,0.11617136476462915,0.01835236349546676,NVDA,0.11480558907755545,-0.011079559883137136,0.12252770001820416,-0.024589365127465457
2024-08,2024-08-01,2024-10-01,2024-08-01,101,98,3,2,3,CHTR,0.13660614621242786,-0.1273841124178945,ARM,0.11617136476462915,0.11990782189674487,NVDA,0.11480558907755545,0.07142221158968809,0.12252770001820416,0.021315307022846158
2024-08,2024-08-01,2024-11-01,2024-08-01,101,98,3,3,3,CHTR,0.13660614621242786,-0.027800649792799947,ARM,0.11617136476462915,0.16434855765140477,NVDA,0.11480558907755545,0.23991945271559856,0.12252770001820416,0.12548912019140113
2024-09,2024-09-03,2024-10-01,2024-09-03,101,98,3,1,1,FTNT,0.10733543819484274,-0.008297671625031366,,,,,,,0.10733543819484274,-0.008297671625031366
2024-09,2024-09-03,2024-11-01,2024-09-03,101,98,3,2,1,FTNT,0.10733543819484274,0.021651832721488073,,,,,,,0.10733543819484274,0.021651832721488073
2024-09,2024-09-03,2024-12-02,2024-09-03,101,98,3,3,1,FTNT,0.10733543819484274,0.23583564228119003,,,,,,,0.10733543819484274,0.23583564228119003
2024-09,2024-09-03,2024-10-01,2024-09-03,101,98,3,1,2,FTNT,0.10733543819484274,-0.008297671625031366,ADBE,0.09879395025706628,-0.11950124835411668,,,,0.10306469422595452,-0.06389945998957403
2024-09,2024-09-03,2024-11-01,2024-09-03,101,98,3,2,2,FTNT,0.10733543819484274,0.021651832721488073,ADBE,0.09879395025706628,-0.15452506589678672,,,,0.10306469422595452,-0.06643661658764932
2024-09,2024-09-03,2024-12-02,2024-09-03,101,98,3,3,2,FTNT,0.10733543819484274,0.23583564228119003,ADBE,0.09879395025706628,-0.09603524784684436,,,,0.10306469422595452,0.06990019721717283
2024-09,2024-09-03,2024-10-01,2024-09-03,101,98,3,1,3,FTNT,0.10733543819484274,-0.008297671625031366,ADBE,0.09879395025706628,-0.11950124835411668,ILMN,0.09118291436366954,-0.009826491887574118,0.09910410093852619,-0.04587513728890739
2024-09,2024-09-03,2024-11-01,2024-09-03,101,98,3,2,3,FTNT,0.10733543819484274,0.021651832721488073,ADBE,0.09879395025706628,-0.15452506589678672,ILMN,0.09118291436366954,0.1497006051153844,0.09910410093852619,0.005609123980028589
2024-09,2024-09-03,2024-12-02,2024-09-03,101,98,3,3,3,FTNT,0.10733543819484274,0.23583564228119003,ADBE,0.09879395025706628,-0.09603524784684436,ILMN,0.09118291436366954,0.11430984198964489,0.09910410093852619,0.08470341214133019
2024-10,2024-10-01,2024-11-01,2024-10-01,101,98,3,1,1,CEG,0.12102298239222438,-0.02827448721337411,,,,,,,0.12102298239222438,-0.02827448721337411
2024-10,2024-10-01,2024-12-02,2024-10-01,101,98,3,2,1,CEG,0.12102298239222438,-0.05887767766874186,,,,,,,0.12102298239222438,-0.05887767766874186
2024-10,2024-10-01,2025-01-02,2024-10-01,101,98,3,3,1,CEG,0.12102298239222438,-0.08519791158866508,,,,,,,0.12102298239222438,-0.08519791158866508
2024-10,2024-10-01,2024-11-01,2024-10-01,101,98,3,1,2,CEG,0.12102298239222438,-0.02827448721337411,PYPL,0.10271403598124536,-0.002839827570943698,,,,0.11186850918673487,-0.015557157392158905
2024-10,2024-10-01,2024-12-02,2024-10-01,101,98,3,2,2,CEG,0.12102298239222438,-0.05887767766874186,PYPL,0.10271403598124536,0.11694845700013312,,,,0.11186850918673487,0.029035389665695632
2024-10,2024-10-01,2025-01-02,2024-10-01,101,98,3,3,2,CEG,0.12102298239222438,-0.08519791158866508,PYPL,0.10271403598124536,0.11243060381736636,,,,0.11186850918673487,0.013616346114350641
2024-10,2024-10-01,2024-11-01,2024-10-01,101,98,3,1,3,CEG,0.12102298239222438,-0.02827448721337411,PYPL,0.10271403598124536,-0.002839827570943698,FTNT,0.09861717094860523,0.03020009481635033,0.10745139644069164,-0.00030473998932249263
2024-10,2024-10-01,2024-12-02,2024-10-01,101,98,3,2,3,CEG,0.12102298239222438,-0.05887767766874186,PYPL,0.10271403598124536,0.11694845700013312,FTNT,0.09861717094860523,0.2461760015288712,0.10745139644069164,0.1014155936200875
2024-10,2024-10-01,2025-01-02,2024-10-01,101,98,3,3,3,CEG,0.12102298239222438,-0.08519791158866508,PYPL,0.10271403598124536,0.11243060381736636,FTNT,0.09861717094860523,0.23872405080664216,0.10745139644069164,0.08865224767844782
2024-11,2024-11-01,2024-12-02,2024-11-01,101,98,3,1,1,CEG,0.15627021990652168,-0.031493657470828995,,,,,,,0.15627021990652168,-0.031493657470828995
2024-11,2024-11-01,2025-01-02,2024-11-01,101,98,3,2,1,CEG,0.15627021990652168,-0.05857973638260372,,,,,,,0.15627021990652168,-0.05857973638260372
2024-11,2024-11-01,2025-02-03,2024-11-01,101,98,3,3,1,CEG,0.15627021990652168,0.18864956565659297,,,,,,,0.15627021990652168,0.18864956565659297
2024-11,2024-11-01,2024-12-02,2024-11-01,101,98,3,1,2,CEG,0.15627021990652168,-0.031493657470828995,DASH,0.1291513401422034,0.13304632511787173,,,,0.14271078002436255,0.05077633382352137
2024-11,2024-11-01,2025-01-02,2024-11-01,101,98,3,2,2,CEG,0.15627021990652168,-0.05857973638260372,DASH,0.1291513401422034,0.09629956239056581,,,,0.14271078002436255,0.018859913003981044
2024-11,2024-11-01,2025-02-03,2024-11-01,101,98,3,3,2,CEG,0.15627021990652168,0.18864956565659297,DASH,0.1291513401422034,0.22574841682470148,,,,0.14271078002436255,0.20719899124064722
2024-11,2024-11-01,2024-12-02,2024-11-01,101,98,3,1,3,CEG,0.15627021990652168,-0.031493657470828995,DASH,0.1291513401422034,0.13304632511787173,FTNT,0.12344297687175776,0.20964461933098733,0.1362881789734943,0.10373242899267669
2024-11,2024-11-01,2025-01-02,2024-11-01,101,98,3,2,3,CEG,0.15627021990652168,-0.05857973638260372,DASH,0.1291513401422034,0.09629956239056581,FTNT,0.12344297687175776,0.20241112094584346,0.1362881789734943,0.08004364898460185
2024-11,2024-11-01,2025-02-03,2024-11-01,101,98,3,3,3,CEG,0.15627021990652168,0.18864956565659297,DASH,0.1291513401422034,0.22574841682470148,FTNT,0.12344297687175776,0.28045682256643145,0.1362881789734943,0.23161826834924196
2024-12,2024-12-02,2025-01-02,2024-12-02,101,98,3,1,1,APP,0.6056236548702633,0.003493944197426435,,,,,,,0.6056236548702633,0.003493944197426435
2024-12,2024-12-02,2025-02-03,2024-12-02,101,98,3,2,1,APP,0.6056236548702633,0.07296164411964301,,,,,,,0.6056236548702633,0.07296164411964301
2024-12,2024-12-02,2025-03-03,2024-12-02,101,98,3,3,1,APP,0.6056236548702633,-0.009542264995874294,,,,,,,0.6056236548702633,-0.009542264995874294
2024-12,2024-12-02,2025-01-02,2024-12-02,101,98,3,1,2,APP,0.6056236548702633,0.003493944197426435,TSLA,0.20811389271077538,0.06214120437137449,,,,0.40686877379051933,0.032817574284400464
2024-12,2024-12-02,2025-02-03,2024-12-02,101,98,3,2,2,APP,0.6056236548702633,0.07296164411964301,TSLA,0.20811389271077538,0.07446301103526376,,,,0.40686877379051933,0.07371232757745338
2024-12,2024-12-02,2025-03-03,2024-12-02,101,98,3,3,2,APP,0.6056236548702633,-0.009542264995874294,TSLA,0.20811389271077538,-0.2028620324968753,,,,0.40686877379051933,-0.10620214874637479
2024-12,2024-12-02,2025-01-02,2024-12-02,101,98,3,1,3,APP,0.6056236548702633,0.003493944197426435,TSLA,0.20811389271077538,0.06214120437137449,TEAM,0.18681173497770834,-0.08834814601239893,0.3335164275195823,-0.007570999147866002
2024-12,2024-12-02,2025-02-03,2024-12-02,101,98,3,2,3,APP,0.6056236548702633,0.07296164411964301,TSLA,0.20811389271077538,0.07446301103526376,TEAM,0.18681173497770834,0.17120501044723158,0.3335164275195823,0.10620988853404612
2024-12,2024-12-02,2025-03-03,2024-12-02,101,98,3,3,3,APP,0.6056236548702633,-0.009542264995874294,TSLA,0.20811389271077538,-0.2028620324968753,TEAM,0.18681173497770834,0.031367519876368766,0.3335164275195823,-0.0603455925387936
2025-01,2025-01-02,2025-02-03,2025-01-02,101,98,3,1,1,APP,0.4459652840313962,0.06922582873957994,,,,,,,0.4459652840313962,0.06922582873957994
2025-01,2025-01-02,2025-03-03,2025-01-02,101,98,3,2,1,APP,0.4459652840313962,-0.012990819993165759,,,,,,,0.4459652840313962,-0.012990819993165759
2025-01,2025-01-02,2025-04-01,2025-01-02,101,98,3,3,1,APP,0.4459652840313962,-0.17285969566175896,,,,,,,0.4459652840313962,-0.17285969566175896
2025-01,2025-01-02,2025-02-03,2025-01-02,101,98,3,1,2,APP,0.4459652840313962,0.06922582873957994,PLTR,0.28867807782284527,0.11371186520476684,,,,0.3673216809271207,0.09146884697217339
2025-01,2025-01-02,2025-03-03,2025-01-02,101,98,3,2,2,APP,0.4459652840313962,-0.012990819993165759,PLTR,0.28867807782284527,0.10945598431058046,,,,0.3673216809271207,0.04823258215870735
2025-01,2025-01-02,2025-04-01,2025-01-02,101,98,3,3,2,APP,0.4459652840313962,-0.17285969566175896,PLTR,0.28867807782284527,0.12621355972377923,,,,0.3673216809271207,-0.023323067968989863
2025-01,2025-01-02,2025-02-03,2025-01-02,101,98,3,1,3,APP,0.4459652840313962,0.06922582873957994,PLTR,0.28867807782284527,0.11371186520476684,MSTR,0.2854639969037358,0.15692805253079944,0.34003578625265907,0.11328858215838207
2025-01,2025-01-02,2025-03-03,2025-01-02,101,98,3,2,3,APP,0.4459652840313962,-0.012990819993165759,PLTR,0.28867807782284527,0.10945598431058046,MSTR,0.2854639969037358,-0.16362791239875618,0.34003578625265907,-0.022387582693780494
2025-01,2025-01-02,2025-04-01,2025-01-02,101,98,3,3,3,APP,0.4459652840313962,-0.17285969566175896,PLTR,0.28867807782284527,0.12621355972377923,MSTR,0.2854639969037358,0.020032595754861715,0.34003578625265907,-0.008871180061039338
2025-02,2025-02-03,2025-03-03,2025-02-03,101,98,3,1,1,APP,0.38515229284878,-0.07689362389390075,,,,,,,0.38515229284878,-0.07689362389390075
2025-02,2025-02-03,2025-04-01,2025-02-03,101,98,3,2,1,APP,0.38515229284878,-0.22641196826185273,,,,,,,0.38515229284878,-0.22641196826185273
2025-02,2025-02-03,2025-05-01,2025-02-03,101,98,3,3,1,APP,0.38515229284878,-0.23519596002852017,,,,,,,0.38515229284878,-0.23519596002852017
2025-02,2025-02-03,2025-03-03,2025-02-03,101,98,3,1,2,APP,0.38515229284878,-0.07689362389390075,PLTR,0.27666432196062235,-0.0038213482563589363,,,,0.3309083074047012,-0.040357486075129845
2025-02,2025-02-03,2025-04-01,2025-02-03,101,98,3,2,2,APP,0.38515229284878,-0.22641196826185273,PLTR,0.27666432196062235,0.011225250362860928,,,,0.3309083074047012,-0.1075933589494959
2025-02,2025-02-03,2025-05-01,2025-02-03,101,98,3,3,2,APP,0.38515229284878,-0.23519596002852017,PLTR,0.27666432196062235,0.38762837249267035,,,,0.3309083074047012,0.07621620623207509
2025-02,2025-02-03,2025-03-03,2025-02-03,101,98,3,1,3,APP,0.38515229284878,-0.07689362389390075,PLTR,0.27666432196062235,-0.0038213482563589363,MSTR,0.20045697250049446,-0.2770751078499083,0.2874245291032989,-0.119263360000056
2025-02,2025-02-03,2025-04-01,2025-02-03,101,98,3,2,3,APP,0.38515229284878,-0.22641196826185273,PLTR,0.27666432196062235,0.011225250362860928,MSTR,0.20045697250049446,-0.11832668114190559,0.2874245291032989,-0.11117113301363246
2025-02,2025-02-03,2025-05-01,2025-02-03,101,98,3,3,3,APP,0.38515229284878,-0.23519596002852017,PLTR,0.27666432196062235,0.38762837249267035,MSTR,0.20045697250049446,0.09942669085751943,0.2874245291032989,0.08395303444055653
2025-03,2025-03-03,2025-04-01,2025-03-03,101,98,3,1,1,PLTR,0.08081354899264344,0.015104317476472007,,,,,,,0.08081354899264344,0.015104317476472007
2025-03,2025-03-03,2025-05-01,2025-03-03,101,98,3,2,1,PLTR,0.08081354899264344,0.39295132460815463,,,,,,,0.08081354899264344,0.39295132460815463
2025-03,2025-03-03,2025-06-02,2025-03-03,101,98,3,3,1,PLTR,0.08081354899264344,0.5828338070533214,,,,,,,0.08081354899264344,0.5828338070533214
2025-03,2025-03-03,2025-04-01,2025-03-03,101,98,3,1,2,PLTR,0.08081354899264344,0.015104317476472007,GILD,0.07839901588283016,-0.033873468548852426,,,,0.07960628243773679,-0.00938457553619021
2025-03,2025-03-03,2025-05-01,2025-03-03,101,98,3,2,2,PLTR,0.08081354899264344,0.39295132460815463,GILD,0.07839901588283016,-0.10358947080487657,,,,0.07960628243773679,0.14468092690163903
2025-03,2025-03-03,2025-06-02,2025-03-03,101,98,3,3,2,PLTR,0.08081354899264344,0.5828338070533214,GILD,0.07839901588283016,-0.054449569644279605,,,,0.07960628243773679,0.2641921187045209
2025-03,2025-03-03,2025-04-01,2025-03-03,101,98,3,1,3,PLTR,0.08081354899264344,0.015104317476472007,GILD,0.07839901588283016,-0.033873468548852426,AVGO,0.06535201083546238,-0.09788149180905026,0.07485485857031199,-0.03888354762714356
2025-03,2025-03-03,2025-05-01,2025-03-03,101,98,3,2,3,PLTR,0.08081354899264344,0.39295132460815463,GILD,0.07839901588283016,-0.10358947080487657,AVGO,0.06535201083546238,0.056343861991046795,0.07485485857031199,0.11523523859810829
2025-03,2025-03-03,2025-06-02,2025-03-03,101,98,3,3,3,PLTR,0.08081354899264344,0.5828338070533214,GILD,0.07839901588283016,-0.054449569644279605,AVGO,0.06535201083546238,0.33139025824500723,0.07485485857031199,0.2865914985513497
2025-04,2025-04-01,2025-05-01,2025-04-01,101,98,3,1,1,PDD,0.08042811914673272,-0.13274409441542556,,,,,,,0.08042811914673272,-0.13274409441542556
2025-04,2025-04-01,2025-06-02,2025-04-01,101,98,3,2,1,PDD,0.08042811914673272,-0.21073737200674736,,,,,,,0.08042811914673272,-0.21073737200674736
2025-04,2025-04-01,2025-07-01,2025-04-01,101,98,3,3,1,PDD,0.08042811914673272,-0.13667243018220632,,,,,,,0.08042811914673272,-0.13667243018220632
2025-04,2025-04-01,2025-05-01,2025-04-01,101,98,3,1,2,PDD,0.08042811914673272,-0.13274409441542556,TMUS,0.07285291424957736,-0.08021167579574195,,,,0.07664051669815504,-0.10647788510558376
2025-04,2025-04-01,2025-06-02,2025-04-01,101,98,3,2,2,PDD,0.08042811914673272,-0.21073737200674736,TMUS,0.07285291424957736,-0.09154280964197725,,,,0.07664051669815504,-0.1511400908243623
2025-04,2025-04-01,2025-07-01,2025-04-01,101,98,3,3,2,PDD,0.08042811914673272,-0.13667243018220632,TMUS,0.07285291424957736,-0.09733612868530694,,,,0.07664051669815504,-0.11700427943375663
2025-04,2025-04-01,2025-05-01,2025-04-01,101,98,3,1,3,PDD,0.08042811914673272,-0.13274409441542556,TMUS,0.07285291424957736,-0.08021167579574195,EXC,0.07211385824219858,0.014808497074436211,0.07513163054616956,-0.0660490910455771
2025-04,2025-04-01,2025-06-02,2025-04-01,101,98,3,2,3,PDD,0.08042811914673272,-0.21073737200674736,TMUS,0.07285291424957736,-0.09154280964197725,EXC,0.07211385824219858,-0.037872340500140766,0.07513163054616956,-0.1133841740496218
2025-04,2025-04-01,2025-07-01,2025-04-01,101,98,3,3,3,PDD,0.08042811914673272,-0.13667243018220632,TMUS,0.07285291424957736,-0.09733612868530694,EXC,0.07211385824219858,-0.04622148863963926,0.07513163054616956,-0.09341001583571751
2025-05,2025-05-01,2025-06-02,2025-05-01,101,98,3,1,1,PLTR,0.1278359249056511,0.13631666741734993,,,,,,,0.1278359249056511,0.13631666741734993
2025-05,2025-05-01,2025-07-01,2025-05-01,101,98,3,2,1,PLTR,0.1278359249056511,0.12461270316546336,,,,,,,0.1278359249056511,0.12461270316546336
2025-05,2025-05-01,2025-08-01,2025-05-01,101,98,3,3,1,PLTR,0.1278359249056511,0.32762485648924655,,,,,,,0.1278359249056511,0.32762485648924655
2025-05,2025-05-01,2025-06-02,2025-05-01,101,98,3,1,2,PLTR,0.1278359249056511,0.13631666741734993,TTWO,0.0824298187639978,-0.032189446461582505,,,,0.10513287183482445,0.052063610477883715
2025-05,2025-05-01,2025-07-01,2025-05-01,101,98,3,2,2,PLTR,0.1278359249056511,0.12461270316546336,TTWO,0.0824298187639978,0.02096359217993693,,,,0.10513287183482445,0.07278814767270014
2025-05,2025-05-01,2025-08-01,2025-05-01,101,98,3,3,2,PLTR,0.1278359249056511,0.32762485648924655,TTWO,0.0824298187639978,-0.062040211130202194,,,,0.10513287183482445,0.13279232267952218
2025-05,2025-05-01,2025-06-02,2025-05-01,101,98,3,1,3,PLTR,0.1278359249056511,0.13631666741734993,TTWO,0.0824298187639978,-0.032189446461582505,MNST,0.07991686337290993,0.07241265692444765,0.09672753568085295,0.058846625960071695
2025-05,2025-05-01,2025-07-01,2025-05-01,101,98,3,2,3,PLTR,0.1278359249056511,0.12461270316546336,TTWO,0.0824298187639978,0.02096359217993693,MNST,0.07991686337290993,0.06754032975211954,0.09672753568085295,0.07103887503250661
2025-05,2025-05-01,2025-08-01,2025-05-01,101,98,3,3,3,PLTR,0.1278359249056511,0.32762485648924655,TTWO,0.0824298187639978,-0.062040211130202194,MNST,0.07991686337290993,-0.008400537569800748,0.09672753568085295,0.08572803592974787
2025-06,2025-06-02,2025-07-01,2025-06-02,101,98,3,1,1,PLTR,0.1745485967968874,-0.010299914264645715,,,,,,,0.1745485967968874,-0.010299914264645715
2025-06,2025-06-02,2025-08-01,2025-06-02,101,98,3,2,1,PLTR,0.1745485967968874,0.16835816507620782,,,,,,,0.1745485967968874,0.16835816507620782
2025-06,2025-06-02,2025-09-02,2025-06-02,101,98,3,3,1,PLTR,0.1745485967968874,0.18971527056559334,,,,,,,0.1745485967968874,0.18971527056559334
2025-06,2025-06-02,2025-07-01,2025-06-02,101,98,3,1,2,PLTR,0.1745485967968874,-0.010299914264645715,ZS,0.16183495135139592,0.04822980763245499,,,,0.16819177407414165,0.018964946683904638
2025-06,2025-06-02,2025-08-01,2025-06-02,101,98,3,2,2,PLTR,0.1745485967968874,0.16835816507620782,ZS,0.16183495135139592,-0.04403439519962793,,,,0.16819177407414165,0.062161884938289946
2025-06,2025-06-02,2025-09-02,2025-06-02,101,98,3,3,2,PLTR,0.1745485967968874,0.18971527056559334,ZS,0.16183495135139592,-0.06347631426590117,,,,0.16819177407414165,0.06311947814984609
2025-06,2025-06-02,2025-07-01,2025-06-02,101,98,3,1,3,PLTR,0.1745485967968874,-0.010299914264645715,ZS,0.16183495135139592,0.04822980763245499,MSTR,0.14737317448153417,0.0027668058390253325,0.16125224087660583,0.013565566402278203
2025-06,2025-06-02,2025-08-01,2025-06-02,101,98,3,2,3,PLTR,0.1745485967968874,0.16835816507620782,ZS,0.16183495135139592,-0.04403439519962793,MSTR,0.14737317448153417,-0.015150251960418526,0.16125224087660583,0.03639117263872046
2025-06,2025-06-02,2025-09-02,2025-06-02,101,98,3,3,3,PLTR,0.1745485967968874,0.18971527056559334,ZS,0.16183495135139592,-0.06347631426590117,MSTR,0.14737317448153417,-0.0823327015365688,0.16125224087660583,0.014635418254374458
2025-07,2025-07-01,2025-08-01,2025-07-01,101,98,3,1,1,AVGO,0.16609759472676808,0.09027743040392289,,,,,,,0.16609759472676808,0.09027743040392289
2025-07,2025-07-01,2025-09-02,2025-07-01,101,98,3,2,1,AVGO,0.16609759472676808,0.12653942197559265,,,,,,,0.16609759472676808,0.12653942197559265
2025-07,2025-07-01,2025-10-01,2025-07-01,101,98,3,3,1,AVGO,0.16609759472676808,0.26146890165777026,,,,,,,0.16609759472676808,0.26146890165777026
2025-07,2025-07-01,2025-08-01,2025-07-01,101,98,3,1,2,AVGO,0.16609759472676808,0.09027743040392289,PLTR,0.16608051954984815,0.1805173930121562,,,,0.16608905713830813,0.13539741170803954
2025-07,2025-07-01,2025-09-02,2025-07-01,101,98,3,2,2,AVGO,0.16609759472676808,0.12653942197559265,PLTR,0.16608051954984815,0.2020967641743976,,,,0.16608905713830813,0.16431809307499512
2025-07,2025-07-01,2025-10-01,2025-07-01,101,98,3,3,2,AVGO,0.16609759472676808,0.26146890165777026,PLTR,0.16608051954984815,0.41528931216812603,,,,0.16608905713830813,0.33837910691294815
2025-07,2025-07-01,2025-08-01,2025-07-01,101,98,3,1,3,AVGO,0.16609759472676808,0.09027743040392289,PLTR,0.16608051954984815,0.1805173930121562,ZS,0.1562295889701535,-0.08801906047727459,0.16280256774892324,0.06092525431293483
2025-07,2025-07-01,2025-09-02,2025-07-01,101,98,3,2,3,AVGO,0.16609759472676808,0.12653942197559265,PLTR,0.16608051954984815,0.2020967641743976,ZS,0.1562295889701535,-0.10656644285918282,0.16280256774892324,0.07402324776360247
2025-07,2025-07-01,2025-10-01,2025-07-01,101,98,3,3,3,AVGO,0.16609759472676808,0.26146890165777026,PLTR,0.16608051954984815,0.41528931216812603,ZS,0.1562295889701535,-0.009078512555085405,0.16280256774892324,0.22255990042360363
2025-08,2025-08-01,2025-09-02,2025-08-01,101,99,3,1,1,AMD,0.21163240659199345,-0.05463010943937863,,,,,,,0.21163240659199345,-0.05463010943937863
2025-08,2025-08-01,2025-10-01,2025-08-01,101,99,3,2,1,AMD,0.21163240659199345,-0.04478743493352744,,,,,,,0.21163240659199345,-0.04478743493352744
2025-08,2025-08-01,2025-11-03,2025-08-01,101,99,3,3,1,AMD,0.21163240659199345,0.5122306261586838,,,,,,,0.21163240659199345,0.5122306261586838
2025-08,2025-08-01,2025-09-02,2025-08-01,101,99,3,1,2,AMD,0.21163240659199345,-0.05463010943937863,TTD,0.187785358921877,-0.37058551170209764,,,,0.1997088827569352,-0.21260781057073813
2025-08,2025-08-01,2025-10-01,2025-08-01,101,99,3,2,2,AMD,0.21163240659199345,-0.04478743493352744,TTD,0.187785358921877,-0.4270446253983319,,,,0.1997088827569352,-0.23591603016592966
2025-08,2025-08-01,2025-11-03,2025-08-01,101,99,3,3,2,AMD,0.21163240659199345,0.5122306261586838,TTD,0.187785358921877,-0.42936805428640257,,,,0.1997088827569352,0.041431285936140594
2025-08,2025-08-01,2025-09-02,2025-08-01,101,99,3,1,3,AMD,0.21163240659199345,-0.05463010943937863,TTD,0.187785358921877,-0.37058551170209764,NVDA,0.1600188604805428,-0.01692374313004541,0.1864788753314711,-0.14737978809050722
2025-08,2025-08-01,2025-10-01,2025-08-01,101,99,3,2,3,AMD,0.21163240659199345,-0.04478743493352744,TTD,0.187785358921877,-0.4270446253983319,NVDA,0.1600188604805428,0.07788722118449298,0.1864788753314711,-0.13131494638245544
2025-08,2025-08-01,2025-11-03,2025-08-01,101,99,3,3,3,AMD,0.21163240659199345,0.5122306261586838,TTD,0.187785358921877,-0.42936805428640257,NVDA,0.1600188604805428,0.1909491204679521,0.1864788753314711,0.0912705641134111
2025-09,2025-09-02,2025-10-01,2025-09-02,101,99,3,1,1,AMD,0.1314116943278353,0.010411453341309995,,,,,,,0.1314116943278353,0.010411453341309995
2025-09,2025-09-02,2025-11-03,2025-09-02,101,99,3,2,1,AMD,0.1314116943278353,0.5996179286627203,,,,,,,0.1314116943278353,0.5996179286627203
2025-09,2025-09-02,2025-12-01,2025-09-02,101,99,3,3,1,AMD,0.1314116943278353,0.35386880600545023,,,,,,,0.1314116943278353,0.35386880600545023
2025-09,2025-09-02,2025-10-01,2025-09-02,101,99,3,1,2,AMD,0.1314116943278353,0.010411453341309995,SHOP,0.09417086782613777,0.07573370646254296,,,,0.11279128107698655,0.04307257990192648
2025-09,2025-09-02,2025-11-03,2025-09-02,101,99,3,2,2,AMD,0.1314116943278353,0.5996179286627203,SHOP,0.09417086782613777,0.24381480719371162,,,,0.11279128107698655,0.421716367928216
2025-09,2025-09-02,2025-12-01,2025-09-02,101,99,3,3,2,AMD,0.1314116943278353,0.35386880600545023,SHOP,0.09417086782613777,0.07364791418028171,,,,0.11279128107698655,0.21375836009286597
2025-09,2025-09-02,2025-10-01,2025-09-02,101,99,3,1,3,AMD,0.1314116943278353,0.010411453341309995,SHOP,0.09417086782613777,0.07573370646254296,SNPS,0.08731025217168083,-0.1743720702073882,0.10429760477521798,-0.029408970134511752
2025-09,2025-09-02,2025-11-03,2025-09-02,101,99,3,2,3,AMD,0.1314116943278353,0.5996179286627203,SHOP,0.09417086782613777,0.24381480719371162,SNPS,0.08731025217168083,-0.24710732273401537,0.10429760477521798,0.1987751377074722
2025-09,2025-09-02,2025-12-01,2025-09-02,101,99,3,3,3,AMD,0.1314116943278353,0.35386880600545023,SHOP,0.09417086782613777,0.07364791418028171,SNPS,0.08731025217168083,-0.2596577738298047,0.10429760477521798,0.055952982118642414
2025-10,2025-10-01,2025-11-03,2025-10-01,101,99,3,1,1,APP,0.2860804705051405,-0.10218865409636135,,,,,,,0.2860804705051405,-0.10218865409636135
2025-10,2025-10-01,2025-12-01,2025-10-01,101,99,3,2,1,APP,0.2860804705051405,-0.11433197024465813,,,,,,,0.2860804705051405,-0.11433197024465813
2025-10,2025-10-01,2026-01-02,2025-10-01,101,99,3,3,1,APP,0.2860804705051405,-0.1218168362848524,,,,,,,0.2860804705051405,-0.1218168362848524
2025-10,2025-10-01,2025-11-03,2025-10-01,101,99,3,1,2,APP,0.2860804705051405,-0.10218865409636135,WBD,0.24817472097284718,0.15193800910066502,,,,0.26712759573899386,0.024874677502151832
2025-10,2025-10-01,2025-12-01,2025-10-01,101,99,3,2,2,APP,0.2860804705051405,-0.11433197024465813,WBD,0.24817472097284718,0.2335917503181133,,,,0.26712759573899386,0.059629890036727584
2025-10,2025-10-01,2026-01-02,2025-10-01,101,99,3,3,2,APP,0.2860804705051405,-0.1218168362848524,WBD,0.24817472097284718,0.47338499570181236,,,,0.26712759573899386,0.17578407970847998
2025-10,2025-10-01,2025-11-03,2025-10-01,101,99,3,1,3,APP,0.2860804705051405,-0.10218865409636135,WBD,0.24817472097284718,0.15193800910066502,INTC,0.19444719993289752,0.09905402084922121,0.24290079713696175,0.049601125284508295
2025-10,2025-10-01,2025-12-01,2025-10-01,101,99,3,2,3,APP,0.2860804705051405,-0.11433197024465813,WBD,0.24817472097284718,0.2335917503181133,INTC,0.19444719993289752,0.11324429188485219,0.24290079713696175,0.07750135731943579
2025-10,2025-10-01,2026-01-02,2025-10-01,101,99,3,3,3,APP,0.2860804705051405,-0.1218168362848524,WBD,0.24817472097284718,0.47338499570181236,INTC,0.19444719993289752,0.09571515227743488,0.24290079713696175,0.14909443723146495
2025-11,2025-11-03,2025-12-01,2025-11-03,102,100,3,1,1,MU,0.31878920452011367,0.024542068379908466,,,,,,,0.31878920452011367,0.024542068379908466
2025-11,2025-11-03,2026-01-02,2025-11-03,102,100,3,2,1,MU,0.31878920452011367,0.34447140971379664,,,,,,,0.31878920452011367,0.34447140971379664
2025-11,2025-11-03,2026-02-02,2025-11-03,102,100,3,3,1,MU,0.31878920452011367,0.8661136197806782,,,,,,,0.31878920452011367,0.8661136197806782
2025-11,2025-11-03,2025-12-01,2025-11-03,102,100,3,1,2,MU,0.31878920452011367,0.024542068379908466,INTC,0.2791063572317078,0.012911349912233083,,,,0.29894778087591073,0.018726709146070775
2025-11,2025-11-03,2026-01-02,2025-11-03,102,100,3,2,2,MU,0.31878920452011367,0.34447140971379664,INTC,0.2791063572317078,-0.0030379476426523055,,,,0.29894778087591073,0.17071673103557217
2025-11,2025-11-03,2026-02-02,2025-11-03,102,100,3,3,2,MU,0.31878920452011367,0.8661136197806782,INTC,0.2791063572317078,0.23569623729850675,,,,0.29894778087591073,0.5509049285395925
2025-11,2025-11-03,2025-12-01,2025-11-03,102,100,3,1,3,MU,0.31878920452011367,0.024542068379908466,INTC,0.2791063572317078,0.012911349912233083,WBD,0.24001510611477395,0.07088379806235978,0.2793035559555318,0.03611240545150044
2025-11,2025-11-03,2026-01-02,2025-11-03,102,100,3,2,3,MU,0.31878920452011367,0.34447140971379664,INTC,0.2791063572317078,-0.0030379476426523055,WBD,0.24001510611477395,0.27904885858580686,0.2793035559555318,0.20682744021898372
2025-11,2025-11-03,2026-02-02,2025-11-03,102,100,3,3,3,MU,0.31878920452011367,0.8661136197806782,INTC,0.2791063572317078,0.23569623729850675,WBD,0.24001510611477395,0.23463433501221087,0.2793035559555318,0.4454813973637986
2025-12,2025-12-01,2026-01-02,2025-12-01,101,99,3,1,1,WBD,0.2960180714651406,0.19438622649824167,,,,,,,0.2960180714651406,0.19438622649824167
2025-12,2025-12-01,2026-02-02,2025-12-01,101,99,3,2,1,WBD,0.2960180714651406,0.15291158316722941,,,,,,,0.2960180714651406,0.15291158316722941
2025-12,2025-12-01,2026-03-02,2025-12-01,101,99,3,3,1,WBD,0.2960180714651406,0.1939672810214823,,,,,,,0.2960180714651406,0.1939672810214823
2025-12,2025-12-01,2026-01-02,2025-12-01,101,99,3,1,2,WBD,0.2960180714651406,0.19438622649824167,MU,0.2837459098786963,0.3122656952874441,,,,0.28988199067191844,0.25332596089284287
2025-12,2025-12-01,2026-02-02,2025-12-01,101,99,3,2,2,WBD,0.2960180714651406,0.15291158316722941,MU,0.2837459098786963,0.8214123923008188,,,,0.28988199067191844,0.4871619877340241
2025-12,2025-12-01,2026-03-02,2025-12-01,101,99,3,3,2,WBD,0.2960180714651406,0.1939672810214823,MU,0.2837459098786963,0.7168622154265656,,,,0.28988199067191844,0.45541474822402395
2025-12,2025-12-01,2026-01-02,2025-12-01,101,99,3,1,3,WBD,0.2960180714651406,0.19438622649824167,MU,0.2837459098786963,0.3122656952874441,INTC,0.19882530100445792,-0.015745995497303156,0.25952976078276496,0.1636353087627942
2025-12,2025-12-01,2026-02-02,2025-12-01,101,99,3,2,3,WBD,0.2960180714651406,0.15291158316722941,MU,0.2837459098786963,0.8214123923008188,INTC,0.19882530100445792,0.2199450992483969,0.25952976078276496,0.39808969157214835
2025-12,2025-12-01,2026-03-02,2025-12-01,101,99,3,3,3,WBD,0.2960180714651406,0.1939672810214823,MU,0.2837459098786963,0.7168622154265656,INTC,0.19882530100445792,0.13721574378352575,0.25952976078276496,0.3493484134105245
2026-01,2026-01-02,2026-02-02,2026-01-02,101,99,3,1,1,MU,0.20870442530621522,0.38799055621266487,,,,,,,0.20870442530621522,0.38799055621266487
2026-01,2026-01-02,2026-03-02,2026-01-02,101,99,3,2,1,MU,0.20870442530621522,0.3083190558071376,,,,,,,0.20870442530621522,0.3083190558071376
2026-01,2026-01-02,2026-04-01,2026-01-02,101,99,3,3,1,MU,0.20870442530621522,0.16671268260599437,,,,,,,0.20870442530621522,0.16671268260599437
2026-01,2026-01-02,2026-02-02,2026-01-02,101,99,3,1,2,MU,0.20870442530621522,0.38799055621266487,AMD,0.1487957956565034,0.10202713083283199,,,,0.1787501104813593,0.24500884352274843
2026-01,2026-01-02,2026-03-02,2026-01-02,101,99,3,2,2,MU,0.20870442530621522,0.3083190558071376,AMD,0.1487957956565034,-0.11120063528783575,,,,0.1787501104813593,0.09855921025965092
2026-01,2026-01-02,2026-04-01,2026-01-02,101,99,3,3,2,MU,0.20870442530621522,0.16671268260599437,AMD,0.1487957956565034,-0.059336798829387916,,,,0.1787501104813593,0.053687941888303226
2026-01,2026-01-02,2026-02-02,2026-01-02,101,99,3,1,3,MU,0.20870442530621522,0.38799055621266487,AMD,0.1487957956565034,0.10202713083283199,WBD,0.1390693445537555,-0.03472464970783329,0.1655231885054914,0.15176434577922118
2026-01,2026-01-02,2026-03-02,2026-01-02,101,99,3,2,3,MU,0.20870442530621522,0.3083190558071376,AMD,0.1487957956565034,-0.11120063528783575,WBD,0.1390693445537555,-0.0003507621466698474,0.1655231885054914,0.06558921945754399
2026-01,2026-01-02,2026-04-01,2026-01-02,101,99,3,3,3,MU,0.20870442530621522,0.16671268260599437,AMD,0.1487957956565034,-0.059336798829387916,WBD,0.1390693445537555,-0.035776936147842275,0.1655231885054914,0.023866315876254724
2026-02,2026-02-02,2026-03-02,2026-02-02,101,99,3,1,1,MU,0.2415994399600058,-0.05740060697741545,,,,,,,0.2415994399600058,-0.05740060697741545
2026-02,2026-02-02,2026-04-01,2026-02-02,101,99,3,2,1,MU,0.2415994399600058,-0.1594231838366823,,,,,,,0.2415994399600058,-0.1594231838366823
2026-02,2026-02-02,2026-05-01,2026-02-02,101,99,3,3,1,MU,0.2415994399600058,0.2390082552862225,,,,,,,0.2415994399600058,0.2390082552862225
2026-02,2026-02-02,2026-03-02,2026-02-02,101,99,3,1,2,MU,0.2415994399600058,-0.05740060697741545,WDC,0.20775922519263892,-0.0005553096682330283,,,,0.22467933257632236,-0.028977958322824238
2026-02,2026-02-02,2026-04-01,2026-02-02,101,99,3,2,2,MU,0.2415994399600058,-0.1594231838366823,WDC,0.20775922519263892,0.10229240468192069,,,,0.22467933257632236,-0.028565389577380806
2026-02,2026-02-02,2026-05-01,2026-02-02,101,99,3,3,2,MU,0.2415994399600058,0.2390082552862225,WDC,0.20775922519263892,0.5976260285579755,,,,0.22467933257632236,0.418317141922099
2026-02,2026-02-02,2026-03-02,2026-02-02,101,99,3,1,3,MU,0.2415994399600058,-0.05740060697741545,WDC,0.20775922519263892,-0.0005553096682330283,STX,0.19673317175650062,-0.12340928107481508,0.21536394563638175,-0.06045506590682118
2026-02,2026-02-02,2026-04-01,2026-02-02,101,99,3,2,3,MU,0.2415994399600058,-0.1594231838366823,WDC,0.20775922519263892,0.10229240468192069,STX,0.19673317175650062,-0.02099997906762685,0.21536394563638175,-0.026043586074129488
2026-02,2026-02-02,2026-05-01,2026-02-02,101,99,3,3,3,MU,0.2415994399600058,0.2390082552862225,WDC,0.20775922519263892,0.5976260285579755,STX,0.19673317175650062,0.6819447532440934,0.21536394563638175,0.5061930123627638
2026-03,2026-03-02,2026-04-01,2026-03-02,101,99,3,1,1,MU,0.21428521484089783,-0.10823535174589538,,,,,,,0.21428521484089783,-0.10823535174589538
2026-03,2026-03-02,2026-05-01,2026-03-02,101,99,3,2,1,MU,0.21428521484089783,0.31445899971689895,,,,,,,0.21428521484089783,0.31445899971689895
2026-03,2026-03-02,2026-06-01,2026-03-02,101,99,3,3,1,MU,0.21428521484089783,1.5103231213262913,,,,,,,0.21428521484089783,1.5103231213262913
2026-03,2026-03-02,2026-04-01,2026-03-02,101,99,3,1,2,MU,0.21428521484089783,-0.10823535174589538,WDC,0.1959300616148076,0.10290485841293862,,,,0.20510763822785272,-0.0026652466664783825
2026-03,2026-03-02,2026-05-01,2026-03-02,101,99,3,2,2,MU,0.21428521484089783,0.31445899971689895,WDC,0.1959300616148076,0.5985136986696495,,,,0.20510763822785272,0.45648634919327424
2026-03,2026-03-02,2026-06-01,2026-03-02,101,99,3,3,2,MU,0.21428521484089783,1.5103231213262913,WDC,0.1959300616148076,1.0233318926322106,,,,0.20510763822785272,1.266827506979251
2026-03,2026-03-02,2026-04-01,2026-03-02,101,99,3,1,3,MU,0.21428521484089783,-0.10823535174589538,WDC,0.1959300616148076,0.10290485841293862,LRCX,0.15117422217156237,-0.03776627844893021,0.18712983287575594,-0.014365590593962327
2026-03,2026-03-02,2026-05-01,2026-03-02,101,99,3,2,3,MU,0.21428521484089783,0.31445899971689895,WDC,0.1959300616148076,0.5985136986696495,LRCX,0.15117422217156237,0.11267355464789675,0.18712983287575594,0.3418820843448151
2026-03,2026-03-02,2026-06-01,2026-03-02,101,99,3,3,3,MU,0.21428521484089783,1.5103231213262913,WDC,0.1959300616148076,1.0233318926322106,LRCX,0.15117422217156237,0.3744586681044102,0.18712983287575594,0.969371227354304
2026-04,2026-04-01,2026-05-01,2026-04-01,101,99,3,1,1,WDC,0.18068027336163753,0.44936681208375817,,,,,,,0.18068027336163753,0.44936681208375817
2026-04,2026-04-01,2026-06-01,2026-04-01,101,99,3,2,1,WDC,0.18068027336163753,0.8345479913324083,,,,,,,0.18068027336163753,0.8345479913324083
2026-04,2026-04-01,2026-07-01,2026-04-01,101,99,3,3,1,WDC,0.18068027336163753,1.0102978930794646,,,,,,,0.18068027336163753,1.0102978930794646
2026-04,2026-04-01,2026-05-01,2026-04-01,101,99,3,1,2,WDC,0.18068027336163753,0.44936681208375817,STX,0.1663737039131307,0.7180232045779271,,,,0.1735269886373841,0.5836950083308426
2026-04,2026-04-01,2026-06-01,2026-04-01,101,99,3,2,2,WDC,0.18068027336163753,0.8345479913324083,STX,0.1663737039131307,1.1773019296697012,,,,0.1735269886373841,1.0059249605010547
2026-04,2026-04-01,2026-07-01,2026-04-01,101,99,3,3,2,WDC,0.18068027336163753,1.0102978930794646,STX,0.1663737039131307,1.1644983826718347,,,,0.1735269886373841,1.0873981378756497
2026-04,2026-04-01,2026-05-01,2026-04-01,101,99,3,1,3,WDC,0.18068027336163753,0.44936681208375817,STX,0.1663737039131307,0.7180232045779271,ARM,0.11398525706183686,0.36183647837359234,0.15367974477886837,0.5097421650117592
2026-04,2026-04-01,2026-06-01,2026-04-01,101,99,3,2,3,WDC,0.18068027336163753,0.8345479913324083,STX,0.1663737039131307,1.1773019296697012,ARM,0.11398525706183686,1.6365511497571306,0.15367974477886837,1.21613369025308
2026-04,2026-04-01,2026-07-01,2026-04-01,101,99,3,3,3,WDC,0.18068027336163753,1.0102978930794646,STX,0.1663737039131307,1.1644983826718347,ARM,0.11398525706183686,1.1762428921224228,0.15367974477886837,1.1170130559579075
2026-05,2026-05-01,2026-06-01,2026-05-01,101,99,3,1,1,INTC,0.3539702737847734,0.09747037559488292,,,,,,,0.3539702737847734,0.09747037559488292
2026-05,2026-05-01,2026-07-01,2026-05-01,101,99,3,2,1,INTC,0.3539702737847734,0.27504510280114847,,,,,,,0.3539702737847734,0.27504510280114847
2026-05,2026-05-01,2026-08-03,2026-05-01,101,99,3,3,1,INTC,0.3539702737847734,-0.08652883466094663,,,,,,,0.3539702737847734,-0.08652883466094663
2026-05,2026-05-01,2026-06-01,2026-05-01,101,99,3,1,2,INTC,0.3539702737847734,0.09747037559488292,MRVL,0.29806960728181003,0.3302818404668537,,,,0.32601994053329175,0.21387610803086832
2026-05,2026-05-01,2026-07-01,2026-05-01,101,99,3,2,2,INTC,0.3539702737847734,0.27504510280114847,MRVL,0.29806960728181003,0.6492875269824272,,,,0.32601994053329175,0.46216631489178783
2026-05,2026-05-01,2026-08-03,2026-05-01,101,99,3,3,2,INTC,0.3539702737847734,-0.08652883466094663,MRVL,0.29806960728181003,0.1750700462836121,,,,0.32601994053329175,0.04427060581133274
2026-05,2026-05-01,2026-06-01,2026-05-01,101,99,3,1,3,INTC,0.3539702737847734,0.09747037559488292,MRVL,0.29806960728181003,0.3302818404668537,ARM,0.25725932657965106,0.936026234886804,0.30309973588207817,0.45459281698284687
2026-05,2026-05-01,2026-07-01,2026-05-01,101,99,3,2,3,INTC,0.3539702737847734,0.27504510280114847,MRVL,0.29806960728181003,0.6492875269824272,ARM,0.25725932657965106,0.5980207070980033,0.30309973588207817,0.5074511122938596
2026-05,2026-05-01,2026-08-03,2026-05-01,101,99,3,3,3,INTC,0.3539702737847734,-0.08652883466094663,MRVL,0.29806960728181003,0.1750700462836121,ARM,0.25725932657965106,0.1320201053592036,0.30309973588207817,0.07352043899395637
2026-06,2026-06-01,2026-07-01,2026-06-01,101,99,3,1,1,ARM,0.5149022796168813,-0.17458726627666965,,,,,,,0.5149022796168813,-0.17458726627666965
2026-06,2026-06-01,2026-08-03,2026-06-01,101,99,3,2,1,ARM,0.5149022796168813,-0.4152867946929496,,,,,,,0.5149022796168813,-0.4152867946929496
2026-06,2026-06-01,2026-09-01,2026-06-01,101,99,3,3,1,ARM,0.5149022796168813,-0.42565732219956165,,,,,,,0.5149022796168813,-0.42565732219956165
2026-06,2026-06-01,2026-07-01,2026-06-01,101,99,3,1,2,ARM,0.5149022796168813,-0.17458726627666965,SNDK,0.43880382918318456,0.15373299463222745,,,,0.4768530544000329,-0.0104271358222211
2026-06,2026-06-01,2026-08-03,2026-06-01,101,99,3,2,2,ARM,0.5149022796168813,-0.4152867946929496,SNDK,0.43880382918318456,-0.2687589117812058,,,,0.4768530544000329,-0.3420228532370777
2026-06,2026-06-01,2026-09-01,2026-06-01,101,99,3,3,2,ARM,0.5149022796168813,-0.42565732219956165,SNDK,0.43880382918318456,-0.12748735501625652,,,,0.4768530544000329,-0.2765723386079091
2026-06,2026-06-01,2026-07-01,2026-06-01,101,99,3,1,3,ARM,0.5149022796168813,-0.17458726627666965,SNDK,0.43880382918318456,0.15373299463222745,MU,0.42517965498197946,-0.0031095870641932866,0.45962858792734845,-0.007987952902878495
2026-06,2026-06-01,2026-08-03,2026-06-01,101,99,3,2,3,ARM,0.5149022796168813,-0.4152867946929496,SNDK,0.43880382918318456,-0.2687589117812058,MU,0.42517965498197946,-0.19881455099043666,0.45962858792734845,-0.29428675248819736
2026-06,2026-06-01,2026-09-01,2026-06-01,101,99,3,3,3,ARM,0.5149022796168813,-0.42565732219956165,SNDK,0.43880382918318456,-0.12748735501625652,MU,0.42517965498197946,-0.09842248646231944,0.45962858792734845,-0.2171890545593792
2026-07,2026-07-01,2026-08-03,2026-07-01,101,99,3,1,1,ALAB,0.6104958776930256,-0.2548623712851721,,,,,,,0.6104958776930256,-0.2548623712851721
2026-07,2026-07-01,2026-09-01,2026-07-01,101,99,3,2,1,ALAB,0.6104958776930256,-0.3503457894013636,,,,,,,0.6104958776930256,-0.3503457894013636
2026-07,2026-07-01,2026-08-03,2026-07-01,101,99,3,1,2,ALAB,0.6104958776930256,-0.2548623712851721,MU,0.4602215765425468,-0.1963154238286826,,,,0.5353587271177862,-0.22558889755692735
2026-07,2026-07-01,2026-09-01,2026-07-01,101,99,3,2,2,ALAB,0.6104958776930256,-0.3503457894013636,MU,0.4602215765425468,-0.09561020766308015,,,,0.5353587271177862,-0.2229779985322219
2026-07,2026-07-01,2026-08-03,2026-07-01,101,99,3,1,3,ALAB,0.6104958776930256,-0.2548623712851721,MU,0.4602215765425468,-0.1963154238286826,SNDK,0.45039256352615425,-0.36619556550700005,0.5070366725872423,-0.27245778687361827
2026-07,2026-07-01,2026-09-01,2026-07-01,101,99,3,2,3,ALAB,0.6104958776930256,-0.3503457894013636,MU,0.4602215765425468,-0.09561020766308015,SNDK,0.45039256352615425,-0.24374820773685835,0.5070366725872423,-0.22990140160043404
2026-08,2026-08-03,2026-09-01,2026-08-03,101,99,3,1,1,DDOG,0.3207314529135314,-0.18187137666509567,,,,,,,0.3207314529135314,-0.18187137666509567
2026-08,2026-08-03,2026-09-01,2026-08-03,101,99,3,1,2,DDOG,0.3207314529135314,-0.18187137666509567,PANW,0.2723406436314195,0.04309622114091938,,,,0.2965360482724755,-0.06938757776208815
2026-08,2026-08-03,2026-09-01,2026-08-03,101,99,3,1,3,DDOG,0.3207314529135314,-0.18187137666509567,PANW,0.2723406436314195,0.04309622114091938,FTNT,0.27075164288957804,-0.008332826140592386,0.2879412464781763,-0.049035993888256225
