momentum_window,top_n,holding_months,trades,avg_return,median_return,win_rate,best_return,worst_return,avg_available_universe_size
3,1,1,125,0.022561923239112318,0.003489023238825828,0.512,0.8128573411078648,-0.35241120487373445,92.216
3,1,2,123,0.07348754751543611,0.012248768891172546,0.5447154471544715,1.1214598983019939,-0.38944539127890654,92.1869918699187
3,1,3,122,0.12944913270431635,0.060781671899217016,0.5409836065573771,1.510322902206923,-0.5065620428402198,92.11475409836065
3,2,1,125,0.029539864728750226,0.0068785466975940235,0.536,0.5836950086459661,-0.24591729456506517,92.216
3,2,2,123,0.06939318150109884,0.025864536080232647,0.5691056910569106,1.0059249865567905,-0.33450250298786166,92.1869918699187
3,2,3,122,0.09995123229230508,0.05198027357473334,0.6885245901639344,1.2668273852121414,-0.28367725615867534,92.11475409836065
3,3,1,125,0.031923259883958596,0.008054570787225454,0.56,0.5097421652218416,-0.22715371204727933,92.216
3,3,2,123,0.06652767137950379,0.03427240128048089,0.6260162601626016,1.2161337076235705,-0.3140733953711852,92.1869918699187
3,3,3,122,0.08798372365788767,0.04755211953080041,0.7213114754098361,0.9693711143046736,-0.2918788990621615,92.11475409836065
