momentum_window,top_n,holding_months,trades,avg_return,median_return,win_rate,best_return,worst_return,avg_available_universe_size
3,1,1,126,0.020997269795887938,0.0020496886414439475,0.5079365079365079,0.8128573411078648,-0.35241120487373445,92.28571428571429
3,1,2,124,0.07511302078529784,0.0142360833184777,0.5483870967741935,1.1214598983019939,-0.38944539127890654,92.25806451612904
3,1,3,123,0.1366105107814167,0.06378544534581265,0.5447154471544715,1.5103231213262913,-0.5065620428402198,92.1869918699187
3,2,1,126,0.029222674407286636,0.006481324983292153,0.5317460317460317,0.5836950213407026,-0.24591729456506517,92.28571428571429
3,2,2,124,0.07256070494161017,0.02588640061894476,0.5725806451612904,1.0059249709094564,-0.33450250298786166,92.25806451612904
3,2,3,123,0.10797925622859153,0.053687941888303226,0.6910569105691057,1.2668274947718257,-0.28367725615867534,92.1869918699187
3,3,1,126,0.031606508819590214,0.007888120669403717,0.5555555555555556,0.5097421736849992,-0.2271537855445598,92.28571428571429
3,3,2,124,0.07008349871842948,0.03452968457187443,0.6290322580645161,1.2161336971920145,-0.31407345126305447,92.25806451612904
3,3,3,123,0.09634980786642527,0.05181758782513968,0.7235772357723578,1.1170130615230354,-0.29187893391054015,92.1869918699187
